"id";"bp_number";"bp_type";"name"
"9bfcc86f-89cc-4b81-8503-82e046a92c06";"bp_number_1";"bp_type_1";"name_1"
"dca27911-1500-42db-9f13-6d0204f28358";"bp_number_2";"bp_type_2";"name_2"
"d3ccac7b-ffe0-4fb4-8ae4-ebb9cdfb4380";"bp_number_3";"bp_type_3";"name_3"
"2e8a576a-3549-4f99-93f7-dd2c17a8ef14";"bp_number_4";"bp_type_4";"name_4"
"717f890d-40a2-48b7-81a1-693bd25f8bce";"bp_number_5";"bp_type_5";"name_5"
"f3773dbf-ecae-4e25-8543-2f01ce244348";"bp_number_6";"bp_type_6";"name_6"
"1d2430ee-87bb-42cf-9e24-8eff6a7e8288";"bp_number_7";"bp_type_7";"name_7"
"01b1477a-9c36-4780-a062-5fd1d2d2d5f9";"bp_number_8";"bp_type_8";"name_8"
"caa18855-e567-4b86-a380-1fb8e4a540e6";"bp_number_9";"bp_type_9";"name_9"
"0b819c22-a678-425f-94b1-d5909d261d8a";"bp_number_10";"bp_type_10";"name_10"
"758a5490-d81f-4239-b48a-46685948719b";"bp_number_11";"bp_type_11";"name_11"
"6ffc2aed-ac08-4311-9a5d-2f9f63c1cedb";"bp_number_12";"bp_type_12";"name_12"
"bf5fc6b7-522c-4322-b25a-e737a07de3c0";"bp_number_13";"bp_type_13";"name_13"
"ee44dd57-e600-4a8f-b540-859c2efb0b5e";"bp_number_14";"bp_type_14";"name_14"
"89d01e2a-2861-457c-ba2a-fb95017529f9";"bp_number_15";"bp_type_15";"name_15"
"26aba756-336c-43d3-ad67-212464b43c04";"bp_number_16";"bp_type_16";"name_16"
"2c9c300e-2323-4495-a8c1-1085ef554004";"bp_number_17";"bp_type_17";"name_17"
"47d95011-fdb6-43e7-899c-ea3a8cfd442b";"bp_number_18";"bp_type_18";"name_18"
"784774f9-781d-4ebe-93c9-6af53e572862";"bp_number_19";"bp_type_19";"name_19"
"8fb0cf4f-6efe-40f4-a617-6a4d93336ce0";"bp_number_20";"bp_type_20";"name_20"
"d778619d-d6b4-4b84-8325-e07cae252b05";"bp_number_21";"bp_type_21";"name_21"
"ce2d7b1b-ff18-4dbd-98c5-2d5261e93631";"bp_number_22";"bp_type_22";"name_22"
"61c026a8-1dd1-4248-9754-48ed6eec293b";"bp_number_23";"bp_type_23";"name_23"
"28945a5e-9ae1-4bca-a52b-29922f6d727c";"bp_number_24";"bp_type_24";"name_24"
"a8270996-8117-4d26-8741-08c917beb9b7";"bp_number_25";"bp_type_25";"name_25"
"59d3de96-5e1a-4fba-9b49-241cce5c49e6";"bp_number_26";"bp_type_26";"name_26"
"6a5f96e2-4e0d-4195-9c29-3e08249f430f";"bp_number_27";"bp_type_27";"name_27"
"4f0fbbbf-8764-4bdd-98fa-3254e3d76307";"bp_number_28";"bp_type_28";"name_28"
"01cb8465-5533-426e-8db4-444d81f745a1";"bp_number_29";"bp_type_29";"name_29"
"d7df2fd8-7205-4ce3-b24e-2ed68688a479";"bp_number_30";"bp_type_30";"name_30"
"f7f774c3-e569-4e36-99ff-9d3f9d56252c";"bp_number_31";"bp_type_31";"name_31"
"32605b2d-08d4-4451-821a-8171bbe68e43";"bp_number_32";"bp_type_32";"name_32"
"ce653c24-3a15-40fd-9f91-df764a357c2b";"bp_number_33";"bp_type_33";"name_33"
"80047dd4-fcc1-4bc1-9e8c-944729fd5ca1";"bp_number_34";"bp_type_34";"name_34"
"94889331-c287-4f52-ac2b-2de1c2cec259";"bp_number_35";"bp_type_35";"name_35"
"88d51144-7257-47b5-903d-1b9fffb35da9";"bp_number_36";"bp_type_36";"name_36"
"e2163733-75fa-4277-b91c-dbe92b2a4326";"bp_number_37";"bp_type_37";"name_37"
"40ec305d-4630-42f0-a8b6-3ad9b727a013";"bp_number_38";"bp_type_38";"name_38"
"aa254b4f-6532-4e16-8d58-b66e60773168";"bp_number_39";"bp_type_39";"name_39"
"efb86953-5e02-49f5-a041-933c41a31973";"bp_number_40";"bp_type_40";"name_40"
"811085bc-7ae5-456d-b8be-ccfa02014717";"bp_number_41";"bp_type_41";"name_41"
"14e77112-50b1-4b0f-bde4-497878eb8802";"bp_number_42";"bp_type_42";"name_42"
"a155a224-7d2d-4e2b-8a7a-bec575030bdf";"bp_number_43";"bp_type_43";"name_43"
"d71e2882-1f47-4ee5-b8ba-f43e88187d91";"bp_number_44";"bp_type_44";"name_44"
"17f6bac9-2d55-480c-a45b-a332c2cbb799";"bp_number_45";"bp_type_45";"name_45"
"20d836f5-a653-4c89-96d4-e9f01d1d2288";"bp_number_46";"bp_type_46";"name_46"
"6454fc4a-361d-4a48-87f4-937e5d686cf4";"bp_number_47";"bp_type_47";"name_47"
"1dbe9f93-36df-48f3-8bb6-6350f0bdfec0";"bp_number_48";"bp_type_48";"name_48"
"89beb1ca-92e7-4294-8a5e-f4c68f5ac3c5";"bp_number_49";"bp_type_49";"name_49"
"40dcf260-2466-4fe5-b71b-983e27ce6eac";"bp_number_50";"bp_type_50";"name_50"
"4f8e3bbe-ee34-4ef7-a7e3-1583cf26b7ef";"bp_number_51";"bp_type_51";"name_51"
"09c7935e-cff9-4e69-a0af-b508c3579c98";"bp_number_52";"bp_type_52";"name_52"
"9818bb1c-97c7-4733-b9da-28df201c21d1";"bp_number_53";"bp_type_53";"name_53"
"b52eb040-d81c-429a-b3cd-9cb53d36d870";"bp_number_54";"bp_type_54";"name_54"
"7535f2ea-d02e-4100-b1e7-9f8599f73496";"bp_number_55";"bp_type_55";"name_55"
"6918bafa-f838-4a7c-af37-9e6d6970d743";"bp_number_56";"bp_type_56";"name_56"
"05721bd5-0a29-4485-98a4-10a64e65beb2";"bp_number_57";"bp_type_57";"name_57"
"3270e2a4-ebfa-422e-9c6f-d53833443572";"bp_number_58";"bp_type_58";"name_58"
"e17ea934-a8ad-4905-aad7-371aa707b246";"bp_number_59";"bp_type_59";"name_59"
"5f5f22cb-bdaf-4db5-9254-90f2a89dee4e";"bp_number_60";"bp_type_60";"name_60"
"60c8c3cb-7e57-43a5-a207-dc9b2f7be713";"bp_number_61";"bp_type_61";"name_61"
"a50da574-cb5c-4344-9031-522085f38f58";"bp_number_62";"bp_type_62";"name_62"
"8ce75ef9-b5d4-4a3b-bac3-e15e33c2a79e";"bp_number_63";"bp_type_63";"name_63"
"9d46ee2e-1eb3-4580-a445-daf5d86b0cbd";"bp_number_64";"bp_type_64";"name_64"
"d4eb1386-c38e-4763-b516-6b77a8996bf8";"bp_number_65";"bp_type_65";"name_65"
"ebaa3dbb-087b-4555-9062-2fd18ba94a6e";"bp_number_66";"bp_type_66";"name_66"
"67a9ff65-f020-4005-af33-013155f6ec12";"bp_number_67";"bp_type_67";"name_67"
"24ab2971-fda0-4fd3-9d24-f4aef8b582e0";"bp_number_68";"bp_type_68";"name_68"
"ec22e6f0-5edf-4f20-bc46-d4678c371ad7";"bp_number_69";"bp_type_69";"name_69"
"9ed429ee-22cb-40cd-8b48-2a8e5d4d7ade";"bp_number_70";"bp_type_70";"name_70"
"cc8ddf4b-3d9d-4fed-99a7-69cd89c09786";"bp_number_71";"bp_type_71";"name_71"
"8f5520c3-5053-4a06-96dd-79407f65433e";"bp_number_72";"bp_type_72";"name_72"
"ffe5859a-6889-4035-b24c-6611363be0ac";"bp_number_73";"bp_type_73";"name_73"
"02e0f93b-9923-426d-a0a8-aea78a5a524e";"bp_number_74";"bp_type_74";"name_74"
"98f08140-66e0-4557-9d2b-4b72d2389f3a";"bp_number_75";"bp_type_75";"name_75"
"a7a0c30f-ba03-454c-8061-d1a6b7a0caaa";"bp_number_76";"bp_type_76";"name_76"
"60511157-fbe5-4139-b8d9-2305d411ae75";"bp_number_77";"bp_type_77";"name_77"
"c0bed8f9-a0f5-46de-9b99-be98b52a83f1";"bp_number_78";"bp_type_78";"name_78"
"7b90125e-aa3d-42cf-a4df-7b10627b988c";"bp_number_79";"bp_type_79";"name_79"
"0be98f55-2b48-4419-8fc9-741e326b9835";"bp_number_80";"bp_type_80";"name_80"
"6a6eec9a-9cd1-418f-9b77-03228e6733fa";"bp_number_81";"bp_type_81";"name_81"
"4633fb4b-9235-4aa6-8752-5e94761d8fbb";"bp_number_82";"bp_type_82";"name_82"
"b3278653-43cb-49e3-bde3-190ced4a4c99";"bp_number_83";"bp_type_83";"name_83"
"a8b63a7a-26e5-4113-8d7f-7f625081cc40";"bp_number_84";"bp_type_84";"name_84"
"2c8fd9a3-bfdd-4b9e-b433-bec6d745d89a";"bp_number_85";"bp_type_85";"name_85"
"b697621f-1e52-4a12-be89-03407b3a1e0b";"bp_number_86";"bp_type_86";"name_86"
"3d6d8f53-9b66-4f7d-9790-f7f72af4432a";"bp_number_87";"bp_type_87";"name_87"
"9d422e5d-f89c-4515-8c6a-00354d5b1832";"bp_number_88";"bp_type_88";"name_88"
"01eb1609-c697-4f3c-998e-0a7da5415d40";"bp_number_89";"bp_type_89";"name_89"
"5adba7a4-6b5d-4e4b-a273-194d751286e4";"bp_number_90";"bp_type_90";"name_90"
"b70ad878-8067-4656-9997-3b0086713a98";"bp_number_91";"bp_type_91";"name_91"
"169510c4-0556-4302-adff-26bcc12a9351";"bp_number_92";"bp_type_92";"name_92"
"8783340c-a39e-4a77-8efc-023f9fe74d75";"bp_number_93";"bp_type_93";"name_93"
"551b4bff-3c07-4979-a8b2-31a5e8a48115";"bp_number_94";"bp_type_94";"name_94"
"fb505c10-0667-49f0-a820-4a7951e448de";"bp_number_95";"bp_type_95";"name_95"
"02f65318-b104-4f76-9d23-ac5b01a40ce6";"bp_number_96";"bp_type_96";"name_96"
"cbb164ee-a988-4a43-9b8c-83260ca88b88";"bp_number_97";"bp_type_97";"name_97"
"afc05c27-356a-47e1-a53a-492bdfc94ed7";"bp_number_98";"bp_type_98";"name_98"
"e3be8595-61b8-4d96-86da-380171c4ea02";"bp_number_99";"bp_type_99";"name_99"
"030113cc-1870-4124-8ae2-0a20e3a242f0";"bp_number_100";"bp_type_100";"name_100"
"168cfa05-15f9-4a3f-b56c-aa985561cee8";"bp_number_101";"bp_type_101";"name_101"
"2914c548-d470-4de6-8de2-a34a9612d028";"bp_number_102";"bp_type_102";"name_102"
"b39ecc0f-f36a-43f6-9339-0a3bab8b03a7";"bp_number_103";"bp_type_103";"name_103"
"0f757659-eab4-423a-9824-f4c48ba1daed";"bp_number_104";"bp_type_104";"name_104"
"e60d43a1-32b9-4fa8-9f76-ace78e39bad9";"bp_number_105";"bp_type_105";"name_105"
"6eacd947-bd47-4940-b17d-eaaf3e13e2f1";"bp_number_106";"bp_type_106";"name_106"
"b36abc63-5730-4c8b-b726-ca35b0d302ec";"bp_number_107";"bp_type_107";"name_107"
"bc30897e-c016-4e8b-83c3-3f6b88d61835";"bp_number_108";"bp_type_108";"name_108"
"3ce8b799-6d45-4bec-a64f-8073ae60bd80";"bp_number_109";"bp_type_109";"name_109"
"5f414eb8-2d17-4ea1-a45b-c2b77ebb9c33";"bp_number_110";"bp_type_110";"name_110"
"432bad29-0608-45f1-a44f-3457994f7f97";"bp_number_111";"bp_type_111";"name_111"
"a1ceb081-5678-469d-9629-ef5ed8f9b152";"bp_number_112";"bp_type_112";"name_112"
"b246500d-0a55-40dd-88f1-555b1b9f1dc7";"bp_number_113";"bp_type_113";"name_113"
"3bde07bd-68b3-469f-a459-d00591de347f";"bp_number_114";"bp_type_114";"name_114"
"f8a5171f-79bc-4fbb-9701-9589e2c7be1e";"bp_number_115";"bp_type_115";"name_115"
"6f5437f3-c066-472e-9763-40f67e547843";"bp_number_116";"bp_type_116";"name_116"
"bc8db080-9903-4081-beef-ac1a5cbcdd49";"bp_number_117";"bp_type_117";"name_117"
"101470e2-1558-4391-860f-1aae8ab61719";"bp_number_118";"bp_type_118";"name_118"
"2c5e5e61-d04d-4153-9d07-eb650b285e72";"bp_number_119";"bp_type_119";"name_119"
"ef47dfd9-6ad8-4d59-a2d4-e4602b650985";"bp_number_120";"bp_type_120";"name_120"
"b1fd417c-d340-4745-aaf0-653488f1fc67";"bp_number_121";"bp_type_121";"name_121"
"74bf4fb5-d47d-4420-ac20-d74d03632efd";"bp_number_122";"bp_type_122";"name_122"
"6fae951a-15bb-4fb4-8d0d-6c5ec00d117c";"bp_number_123";"bp_type_123";"name_123"
"2033f6b9-eaff-4f35-a733-456b6e215ec4";"bp_number_124";"bp_type_124";"name_124"
"4c7933c6-d64a-4911-ab3e-ac26c1d7a52a";"bp_number_125";"bp_type_125";"name_125"
"aeb3545c-ced6-4fa6-ac15-d933bf160f13";"bp_number_126";"bp_type_126";"name_126"
"d9690387-06c8-4fea-9fd9-736caf876d50";"bp_number_127";"bp_type_127";"name_127"
"a4f34346-ffa3-4eed-95fe-41cce5ec5070";"bp_number_128";"bp_type_128";"name_128"
"0de61d8e-1f3a-4f2b-bc9a-6762c5cb2848";"bp_number_129";"bp_type_129";"name_129"
"0581513e-c68a-47fe-8756-af62e385cb5e";"bp_number_130";"bp_type_130";"name_130"
"ae1fd1ae-b368-4d9d-aaf3-98ef13fabbb5";"bp_number_131";"bp_type_131";"name_131"
"eb238469-7451-4018-9397-4a9901598cc4";"bp_number_132";"bp_type_132";"name_132"
"6d5e963b-0098-43f4-b1cb-6861e5c60d4b";"bp_number_133";"bp_type_133";"name_133"
"e900f176-2909-4e7a-814f-cd599c584b8d";"bp_number_134";"bp_type_134";"name_134"
"2adb0bb9-c557-42a3-bf8c-e378fc495505";"bp_number_135";"bp_type_135";"name_135"
"7902af48-4117-44f4-91d7-0d3e81c7eb2e";"bp_number_136";"bp_type_136";"name_136"
"b8690121-b37b-4e38-9b3c-b60dc332c467";"bp_number_137";"bp_type_137";"name_137"
"e333e0e5-4e21-4377-9ddf-79ae9be0645e";"bp_number_138";"bp_type_138";"name_138"
"a8e23a80-fd41-41a4-898b-5eccf8624c71";"bp_number_139";"bp_type_139";"name_139"
"e8dc457f-1d62-4746-9481-f5572ae4420f";"bp_number_140";"bp_type_140";"name_140"
"c463b230-d3d2-4959-8e65-4fe6655682cd";"bp_number_141";"bp_type_141";"name_141"
"8f6af695-706a-4725-a634-2b7b4530d076";"bp_number_142";"bp_type_142";"name_142"
"becb18e4-1efb-4a4a-bc49-e80a46de22f5";"bp_number_143";"bp_type_143";"name_143"
"d474b1a7-6bfc-4d94-91fb-f18d49d967aa";"bp_number_144";"bp_type_144";"name_144"
"10d3231b-3fc3-4ad2-b053-ef4a67444776";"bp_number_145";"bp_type_145";"name_145"
"5a751359-d9ae-4ec4-9e15-c066f7669156";"bp_number_146";"bp_type_146";"name_146"
"2f8850d9-abe1-46f1-afb4-e3ff45dddfe8";"bp_number_147";"bp_type_147";"name_147"
"dd77fd63-2f5c-42fa-bdff-a9d30ed1c314";"bp_number_148";"bp_type_148";"name_148"
"a648f07a-f58d-4f6f-8db8-9bb34531c10a";"bp_number_149";"bp_type_149";"name_149"
"0b108da7-01a5-4c43-9399-538e2cf95222";"bp_number_150";"bp_type_150";"name_150"
"02fe3f10-20e6-4eef-82d4-c173dec80947";"bp_number_151";"bp_type_151";"name_151"
"54f35b9c-7ce0-4973-912b-a44d0364974b";"bp_number_152";"bp_type_152";"name_152"
"b4173c20-90c6-430c-aa10-f10b46222a31";"bp_number_153";"bp_type_153";"name_153"
"c752543d-c67d-4587-9b5a-5233afe42b5f";"bp_number_154";"bp_type_154";"name_154"
"58a49e20-845a-4042-b4ef-5901dd5e63db";"bp_number_155";"bp_type_155";"name_155"
"727b306a-f537-468d-ae33-f9f5e7211f56";"bp_number_156";"bp_type_156";"name_156"
"3997b0fb-9225-4e7a-95d9-0fdaa1663bd2";"bp_number_157";"bp_type_157";"name_157"
"d3cff0bf-e5e6-4fef-8513-7a53a9083b52";"bp_number_158";"bp_type_158";"name_158"
"8d87b7fa-b7ba-413a-b11f-0472df77c6b3";"bp_number_159";"bp_type_159";"name_159"
"2c254726-8d3e-4be8-95a1-4123bbf1f0fd";"bp_number_160";"bp_type_160";"name_160"
"0cdf2e09-8f4d-45aa-abd9-c929da8df15d";"bp_number_161";"bp_type_161";"name_161"
"3106b2c5-2546-42ca-b347-f4292d9bfdd3";"bp_number_162";"bp_type_162";"name_162"
"5c4bb38a-5cc4-4a94-a200-7e954ede1f59";"bp_number_163";"bp_type_163";"name_163"
"2f41a5b4-746d-4b49-8525-01312f3d00d2";"bp_number_164";"bp_type_164";"name_164"
"bc78ad73-c887-49a3-ac0c-6a607724d189";"bp_number_165";"bp_type_165";"name_165"
"40b4f3ee-067b-4a44-a259-ad94157b23ee";"bp_number_166";"bp_type_166";"name_166"
"a83345ca-422e-4269-a355-f8db14391846";"bp_number_167";"bp_type_167";"name_167"
"32bc8079-6783-4439-aa59-4606f51b158c";"bp_number_168";"bp_type_168";"name_168"
"d7033d2a-5653-4d18-8a6d-e47e24332bdc";"bp_number_169";"bp_type_169";"name_169"
"badee101-0c2d-4553-824c-e6f2fbf0eb4e";"bp_number_170";"bp_type_170";"name_170"
"a21ed514-37ad-455d-9aa3-c616bf804afc";"bp_number_171";"bp_type_171";"name_171"
"3a17ae04-521d-4771-8c7d-70270390e8ed";"bp_number_172";"bp_type_172";"name_172"
"ed9d3e36-42e4-42d8-b489-a7ff2b2b7d6c";"bp_number_173";"bp_type_173";"name_173"
"f660be01-8b15-4d28-9448-490b8ca98a24";"bp_number_174";"bp_type_174";"name_174"
"69359c48-dfcf-470c-a0fa-63fd41eda487";"bp_number_175";"bp_type_175";"name_175"
"58becf44-d53c-4c48-a6fd-41667a850be6";"bp_number_176";"bp_type_176";"name_176"
"9a4c65b3-0a6f-43b5-aece-6ced47ad5013";"bp_number_177";"bp_type_177";"name_177"
"34f1eea8-fdda-487f-94a2-5592633c0084";"bp_number_178";"bp_type_178";"name_178"
"6e1c92f7-ec9b-4773-bea8-15d12b406d48";"bp_number_179";"bp_type_179";"name_179"
"c7825ba9-0325-4bde-8a43-0994c106f343";"bp_number_180";"bp_type_180";"name_180"
"8d3cc24b-2e5c-4c23-b96b-966e00298a95";"bp_number_181";"bp_type_181";"name_181"
"eada4b7e-b4eb-4bec-8a23-85afb3d0aa01";"bp_number_182";"bp_type_182";"name_182"
"ce10773b-e5ef-4cb8-b56c-ba3caf359924";"bp_number_183";"bp_type_183";"name_183"
"95b80ed2-59e3-4436-9f09-1865b2c4b751";"bp_number_184";"bp_type_184";"name_184"
"3df3f6a3-853e-4342-b7aa-b086b610177a";"bp_number_185";"bp_type_185";"name_185"
"2ae46fbc-0283-4514-9b0c-e07f83b5b919";"bp_number_186";"bp_type_186";"name_186"
"2da31246-e373-448a-a2fc-facb6c926f75";"bp_number_187";"bp_type_187";"name_187"
"ddc69e2b-b1d5-4868-8828-fc76fda8911f";"bp_number_188";"bp_type_188";"name_188"
"a74b8fb5-b891-4d20-a45f-a37b878f105d";"bp_number_189";"bp_type_189";"name_189"
"956884a0-fd42-4dc4-ae0f-fa62c0fbf335";"bp_number_190";"bp_type_190";"name_190"
"69e6b5ff-d9e9-4569-9994-bc74f49bf068";"bp_number_191";"bp_type_191";"name_191"
"d297e00f-430a-4e0e-b4b6-f9a6b7f23d7a";"bp_number_192";"bp_type_192";"name_192"
"ccc9c0f6-5109-4858-b9ad-5a56a3533315";"bp_number_193";"bp_type_193";"name_193"
"739a0971-0175-45a2-9acf-2a76df19b94a";"bp_number_194";"bp_type_194";"name_194"
"70e1e9fe-f28e-446b-b36e-a45980a1b133";"bp_number_195";"bp_type_195";"name_195"
"7d080465-0cce-41f9-a41a-a97547aa7ef1";"bp_number_196";"bp_type_196";"name_196"
"2fcc6105-f7f5-4296-8c8d-822623e8715e";"bp_number_197";"bp_type_197";"name_197"
"ce75bea9-6120-4e25-bce2-36873ed71a00";"bp_number_198";"bp_type_198";"name_198"
"f8fe9872-ebe1-4146-b58b-185f45bfee09";"bp_number_199";"bp_type_199";"name_199"
"9542f79c-ac67-439c-b157-17d6b1ce3a17";"bp_number_200";"bp_type_200";"name_200"
"29976b82-f664-4aef-bd19-9040fb76e5be";"bp_number_201";"bp_type_201";"name_201"
"2f418683-1d53-4e23-84bc-414d9e9d5e78";"bp_number_202";"bp_type_202";"name_202"
"35746c7a-c62d-404a-9d3b-3cf231b76aed";"bp_number_203";"bp_type_203";"name_203"
"bd99e9ae-b6a9-413c-828b-75d7e469ab6d";"bp_number_204";"bp_type_204";"name_204"
"cba5360a-bdf6-443c-8c6f-b41b84575e76";"bp_number_205";"bp_type_205";"name_205"
"e60f81a5-fa8e-4500-ab76-4d2270924194";"bp_number_206";"bp_type_206";"name_206"
"9e647603-516e-4039-8965-6c4662de2698";"bp_number_207";"bp_type_207";"name_207"
"abd40e11-c085-4899-8352-1cca8a670347";"bp_number_208";"bp_type_208";"name_208"
"e52bf299-3db9-46f1-9736-2ab5f01a0f65";"bp_number_209";"bp_type_209";"name_209"
"813ec8ba-8f2b-4117-a31c-3d5b8e5e2335";"bp_number_210";"bp_type_210";"name_210"
"e353b704-21cd-4c85-9ef5-2f2c1e7b0285";"bp_number_211";"bp_type_211";"name_211"
"f2415bcd-07c8-4b3a-a275-0aa22e067ca2";"bp_number_212";"bp_type_212";"name_212"
"6184d536-c94a-41ae-a9b0-01c529f1c0e5";"bp_number_213";"bp_type_213";"name_213"
"ce11320a-35a9-4698-82fe-91df698ef2bf";"bp_number_214";"bp_type_214";"name_214"
"e6fbe7a6-1a07-4421-8204-87cd55ae81a8";"bp_number_215";"bp_type_215";"name_215"
"1255604c-37d1-41e5-a0e6-39769dd5b069";"bp_number_216";"bp_type_216";"name_216"
"739726cf-7e56-40a5-ac44-f5de4a5fc47c";"bp_number_217";"bp_type_217";"name_217"
"b26f15ca-9da1-4238-b98e-9170803fb1ac";"bp_number_218";"bp_type_218";"name_218"
"921c93b7-5786-499f-8ca4-9478f8ea5907";"bp_number_219";"bp_type_219";"name_219"
"79d354c2-436e-47dd-a986-4baeb760fdfc";"bp_number_220";"bp_type_220";"name_220"
"19ca5b08-3ba3-4b86-b527-817598e08082";"bp_number_221";"bp_type_221";"name_221"
"f86c621b-6c5f-4dd5-81be-c2944d9ea583";"bp_number_222";"bp_type_222";"name_222"
"0cb5b532-0a27-4fb7-9561-613eb504a2a4";"bp_number_223";"bp_type_223";"name_223"
"6fa8d858-ec20-4f61-bf6e-d0c514a13258";"bp_number_224";"bp_type_224";"name_224"
"45fed8fa-c435-4b69-9ae3-423030491b06";"bp_number_225";"bp_type_225";"name_225"
"6eb505cf-865b-40a5-93bb-8a948c4c8660";"bp_number_226";"bp_type_226";"name_226"
"56f1ce59-870e-4302-92a3-f2fe870ec468";"bp_number_227";"bp_type_227";"name_227"
"8d9819c3-9314-42cc-8d28-599646157a7b";"bp_number_228";"bp_type_228";"name_228"
"a6f1ac8b-8ab8-4542-b00f-9f8f48493eea";"bp_number_229";"bp_type_229";"name_229"
"7227d6d3-6087-4224-b1a7-c3708b3abe4f";"bp_number_230";"bp_type_230";"name_230"
"3062c371-1c37-4572-a25e-164573d02560";"bp_number_231";"bp_type_231";"name_231"
"773ddc0a-15ad-473a-a3d3-46c9a39d0950";"bp_number_232";"bp_type_232";"name_232"
"fd580edc-87ef-463d-9156-39fc1e2b5d89";"bp_number_233";"bp_type_233";"name_233"
"21fcbf47-7f10-434b-bb5d-fa65998cc552";"bp_number_234";"bp_type_234";"name_234"
"5a91f8d6-77b5-4af3-b10d-622f4369f43c";"bp_number_235";"bp_type_235";"name_235"
"f1024fe4-2adc-4824-ae5f-9d7163a4f0d3";"bp_number_236";"bp_type_236";"name_236"
"897959bf-6815-4826-b614-fbd1ca47ae5b";"bp_number_237";"bp_type_237";"name_237"
"4c3e831a-0f98-4cd2-bbdc-8a761d01fbaa";"bp_number_238";"bp_type_238";"name_238"
"e770c404-22d4-461a-b633-ac98f7e2c00a";"bp_number_239";"bp_type_239";"name_239"
"76c1fb9b-6f09-468d-bb88-89e39ef369a5";"bp_number_240";"bp_type_240";"name_240"
"08680735-d575-4788-ab72-ba5110b1af09";"bp_number_241";"bp_type_241";"name_241"
"eb64d942-3653-4c44-9d0a-d19f37ffa0ab";"bp_number_242";"bp_type_242";"name_242"
"c286ae6f-6d9a-4f1c-b804-a1d11a29ea5e";"bp_number_243";"bp_type_243";"name_243"
"41bf95a9-bd50-41e3-9a8f-3aaed2fc1ea4";"bp_number_244";"bp_type_244";"name_244"
"41d3943c-47a2-4926-8dcf-b0729e296d0f";"bp_number_245";"bp_type_245";"name_245"
"47cf8e0d-4ee4-4c57-896d-8a0bc3c053b7";"bp_number_246";"bp_type_246";"name_246"
"0eabbc3f-b0f2-4b25-9eff-d815df1d7b63";"bp_number_247";"bp_type_247";"name_247"
"11cbf890-56d8-4ee3-9a5c-b35e8cf53827";"bp_number_248";"bp_type_248";"name_248"
"c97f0297-5f8f-45c7-a35d-5ab729c39036";"bp_number_249";"bp_type_249";"name_249"
"59a3286c-cdb4-45fc-a0df-242337451c7c";"bp_number_250";"bp_type_250";"name_250"
"2902c5c9-97f2-4ddd-b1b5-9dad185be7ff";"bp_number_251";"bp_type_251";"name_251"
"b6915911-d592-4da8-87cc-1cd88fe23785";"bp_number_252";"bp_type_252";"name_252"
"ca806501-561d-48fc-937c-7d4c8a6ebc62";"bp_number_253";"bp_type_253";"name_253"
"2a7874bb-ab52-4153-89ad-048186cfbe98";"bp_number_254";"bp_type_254";"name_254"
"13a17656-fd80-411d-a43c-dd8e916c613a";"bp_number_255";"bp_type_255";"name_255"
"4831dfe8-a80d-4d92-94ee-e8049e5b26af";"bp_number_256";"bp_type_256";"name_256"
"9796aaff-3e3e-4c56-b3ca-9e32d1f6d645";"bp_number_257";"bp_type_257";"name_257"
"a0193cca-b780-4427-b005-2544690d9655";"bp_number_258";"bp_type_258";"name_258"
"e2ab8400-d6b9-4965-a580-f3d36db3ca92";"bp_number_259";"bp_type_259";"name_259"
"97a894b5-1eb3-4835-903d-bf416755d015";"bp_number_260";"bp_type_260";"name_260"
"897e8f43-ea00-46ac-bf6b-b91ddb01d038";"bp_number_261";"bp_type_261";"name_261"
"748712b7-5f76-482d-84da-7f6875901e40";"bp_number_262";"bp_type_262";"name_262"
"8249bc3e-d20a-454c-86d5-0b85cf163446";"bp_number_263";"bp_type_263";"name_263"
"38bf0c77-48d5-4cfc-8f81-e4fc4e23508c";"bp_number_264";"bp_type_264";"name_264"
"7f7c5b2e-0755-47f4-961e-31b3b9098094";"bp_number_265";"bp_type_265";"name_265"
"e1435e41-06b0-4858-85af-dd07c2f37d0a";"bp_number_266";"bp_type_266";"name_266"
"0f5797e4-105c-4c59-b7dc-48a9950db897";"bp_number_267";"bp_type_267";"name_267"
"c2006b9b-225b-4859-9199-3b7faeac552f";"bp_number_268";"bp_type_268";"name_268"
"5edf0eb1-17ed-4be1-bb20-eaadc5e66356";"bp_number_269";"bp_type_269";"name_269"
"f1132ab0-bdaf-43ca-a253-4a550801c7bc";"bp_number_270";"bp_type_270";"name_270"
"ccdccbb4-93b1-447d-85c5-f26e7a08bb34";"bp_number_271";"bp_type_271";"name_271"
"4a9bedb4-7eb5-415d-a220-42952c4a1412";"bp_number_272";"bp_type_272";"name_272"
"749d7f53-44dc-4006-bc40-61ba6ac7f356";"bp_number_273";"bp_type_273";"name_273"
"81a60f7a-93a0-4802-9567-7fb11e525467";"bp_number_274";"bp_type_274";"name_274"
"c38726e8-71f4-48a9-8557-acb04a7cc188";"bp_number_275";"bp_type_275";"name_275"
"2994f4dd-6ca2-4eca-a909-fff449f2eb55";"bp_number_276";"bp_type_276";"name_276"
"dc070d80-b5d9-411d-8b5d-0b07cb4f3707";"bp_number_277";"bp_type_277";"name_277"
"ff87ee11-feed-4844-b2ea-ac8a63ddb31e";"bp_number_278";"bp_type_278";"name_278"
"6fb2949b-1457-4c7e-a7a3-225268250928";"bp_number_279";"bp_type_279";"name_279"
"d14c17ca-dbf2-4d12-b3eb-e7bc3a5bd21e";"bp_number_280";"bp_type_280";"name_280"
"53d05615-2cc2-42b0-95b6-45a206e0eb3e";"bp_number_281";"bp_type_281";"name_281"
"560fa874-e917-4dbe-ac74-1193128fb8b5";"bp_number_282";"bp_type_282";"name_282"
"9410a7d0-8d63-48ef-aa84-6a56d1d70d21";"bp_number_283";"bp_type_283";"name_283"
"879834f3-7e5f-4126-ae0a-a152dd7a9bda";"bp_number_284";"bp_type_284";"name_284"
"e07deb95-8f0d-4420-8373-e607c1be831d";"bp_number_285";"bp_type_285";"name_285"
"870ae11e-00d1-4045-852b-7a6d529e52d3";"bp_number_286";"bp_type_286";"name_286"
"45bf7710-41df-4a5a-9b19-d32cb53e149d";"bp_number_287";"bp_type_287";"name_287"
"7d1fd6d1-83c2-4292-9f4a-d4c58385c030";"bp_number_288";"bp_type_288";"name_288"
"ba4e5cff-b7fb-4bd9-ae14-23c854051ca0";"bp_number_289";"bp_type_289";"name_289"
"44a534c5-f36a-43ca-9446-4a7955278782";"bp_number_290";"bp_type_290";"name_290"
"cc4024e8-ed1c-421d-8d30-a1568b28cc2e";"bp_number_291";"bp_type_291";"name_291"
"17b17f64-518d-4ffa-a36c-97692f7062c8";"bp_number_292";"bp_type_292";"name_292"
"c295885b-33dc-453f-b1e8-630fb91d1261";"bp_number_293";"bp_type_293";"name_293"
"58fa6a6b-dc4a-4b67-af3b-ddf61b6cb018";"bp_number_294";"bp_type_294";"name_294"
"fb668d19-a2e7-4f75-8f2c-e18d96795668";"bp_number_295";"bp_type_295";"name_295"
"477d85f1-374e-4e92-964f-05ee64c5d1b5";"bp_number_296";"bp_type_296";"name_296"
"b37466b9-bcf5-4f33-89be-68770324c17f";"bp_number_297";"bp_type_297";"name_297"
"6ac7134c-0f9f-4598-9f70-91aa443f7b67";"bp_number_298";"bp_type_298";"name_298"
"646582d8-3097-4cca-9d3e-9e9f1914ac01";"bp_number_299";"bp_type_299";"name_299"
"a941cdeb-aed4-4621-942f-7bf44e5a8aa3";"bp_number_300";"bp_type_300";"name_300"
"26c1044b-980a-4751-813d-92658d076b69";"bp_number_301";"bp_type_301";"name_301"
"330f90b3-2900-4f92-9073-01ca35803179";"bp_number_302";"bp_type_302";"name_302"
"8d6d1499-2e01-4935-95c3-1663d7887301";"bp_number_303";"bp_type_303";"name_303"
"6bd871b4-70b7-4e14-a4e3-6d40bcf48c2e";"bp_number_304";"bp_type_304";"name_304"
"0328552c-06e7-485f-9e5a-f848b4ef7e87";"bp_number_305";"bp_type_305";"name_305"
"14da3e86-851c-42e3-89d8-0e99b67e71bb";"bp_number_306";"bp_type_306";"name_306"
"3be04469-b406-470c-b3f4-a2ff39ed208f";"bp_number_307";"bp_type_307";"name_307"
"451fc811-fefe-4a5c-a56b-e257fefcb508";"bp_number_308";"bp_type_308";"name_308"
"cdfa9bc5-19e4-4464-86c1-53034daefe66";"bp_number_309";"bp_type_309";"name_309"
"0f498a09-5e20-46a5-9548-b86eef22a45f";"bp_number_310";"bp_type_310";"name_310"
"d757e6d1-b1d5-451c-82f2-9eab3607d194";"bp_number_311";"bp_type_311";"name_311"
"143781ae-9c2a-485c-af6d-154a89a07dfc";"bp_number_312";"bp_type_312";"name_312"
"d7f9d0dd-a125-4fcb-b12a-5f0c928b3af4";"bp_number_313";"bp_type_313";"name_313"
"f60bb83c-a720-43c3-811e-692ea3ec7b0d";"bp_number_314";"bp_type_314";"name_314"
"99a792b7-2b00-42a8-b0e4-26e7f8697432";"bp_number_315";"bp_type_315";"name_315"
"cb1e6e9e-2fb5-4282-a365-d999ea456eee";"bp_number_316";"bp_type_316";"name_316"
"6b844627-f906-49fe-beb7-0abf5115644d";"bp_number_317";"bp_type_317";"name_317"
"29b2c944-6bfe-4073-8616-63a319bc96e1";"bp_number_318";"bp_type_318";"name_318"
"f5540a7d-9a03-4760-829a-5c7974cd17f0";"bp_number_319";"bp_type_319";"name_319"
"c2f91270-2522-44e0-8a43-1da8bfe97415";"bp_number_320";"bp_type_320";"name_320"
"e78cbf76-65c6-43a0-8a8f-bcebabd0946e";"bp_number_321";"bp_type_321";"name_321"
"22c90704-3ed4-4586-9582-baebe1d334b3";"bp_number_322";"bp_type_322";"name_322"
"f5ca2a71-ee9e-461b-8be6-83b4e0351e0e";"bp_number_323";"bp_type_323";"name_323"
"a724f049-b220-401f-8e91-39b7b113225b";"bp_number_324";"bp_type_324";"name_324"
"852020a2-2656-42c8-a7e7-54a3f86d60ba";"bp_number_325";"bp_type_325";"name_325"
"2b74ad3c-a962-4478-884c-03eb732ce4f0";"bp_number_326";"bp_type_326";"name_326"
"0da1676b-29ac-44b9-853b-393f2d2cbddd";"bp_number_327";"bp_type_327";"name_327"
"ef1f1227-5896-44ee-b5a6-395a134a10d3";"bp_number_328";"bp_type_328";"name_328"
"7211526b-ceb3-4bc0-a5da-4708aca7d4ba";"bp_number_329";"bp_type_329";"name_329"
"4add9799-15a3-4dba-bdc3-b2973e56090e";"bp_number_330";"bp_type_330";"name_330"
"150f4d4e-c6a0-470e-a435-3b25ceef6dab";"bp_number_331";"bp_type_331";"name_331"
"ba09c63f-3044-4c34-b572-cf9b63f43eb2";"bp_number_332";"bp_type_332";"name_332"
"cad42068-3e4b-4ba9-b3d6-036aaba77560";"bp_number_333";"bp_type_333";"name_333"
"baee15f9-af30-4e93-b85b-24cffef4f4d4";"bp_number_334";"bp_type_334";"name_334"
"e768d316-34c9-4f2d-ab92-39232873d502";"bp_number_335";"bp_type_335";"name_335"
"ea3c5b43-667d-4b4e-b5b1-75443862121e";"bp_number_336";"bp_type_336";"name_336"
"0eac9583-e30e-405e-8c3b-d80c8376145b";"bp_number_337";"bp_type_337";"name_337"
"77edf9c6-86f3-408b-8e0d-d9d7551bb88d";"bp_number_338";"bp_type_338";"name_338"
"f1aad295-4a36-4c01-b5dc-7a0f56bb8aec";"bp_number_339";"bp_type_339";"name_339"
"31b59c26-30a7-4935-ad33-1fa74b4f3367";"bp_number_340";"bp_type_340";"name_340"
"adedf8f7-f7c1-462e-9e76-0eccea3e5b30";"bp_number_341";"bp_type_341";"name_341"
"727b2eb6-0228-4df5-a3de-bacde2e70d64";"bp_number_342";"bp_type_342";"name_342"
"20624994-3d2f-4776-9b22-3a1019d1456a";"bp_number_343";"bp_type_343";"name_343"
"b7795dc1-d8b2-4426-a24d-e4a1c887feea";"bp_number_344";"bp_type_344";"name_344"
"dddced63-20f8-41d2-8502-803b6576d53b";"bp_number_345";"bp_type_345";"name_345"
"c2b24788-5cd3-4a76-b151-abf59f3b8bc0";"bp_number_346";"bp_type_346";"name_346"
"22a7bbd9-eeb6-46ea-9b56-f517d046f6a0";"bp_number_347";"bp_type_347";"name_347"
"58d59e34-a51f-4fa5-aa78-5628f83d6d65";"bp_number_348";"bp_type_348";"name_348"
"a2527b48-73ce-4023-a7c6-00c8fe37afba";"bp_number_349";"bp_type_349";"name_349"
"680fc4c7-b444-4779-ad59-7042524ccc98";"bp_number_350";"bp_type_350";"name_350"
"6d2bf1a2-dc84-4a44-a873-0778cf351e75";"bp_number_351";"bp_type_351";"name_351"
"3af4b8fc-6d75-405c-95d6-405189e15dce";"bp_number_352";"bp_type_352";"name_352"
"7cec24a0-5468-440d-bb3d-742ee3529dc1";"bp_number_353";"bp_type_353";"name_353"
"9a3950c3-f933-47d0-a305-ec324db6a81a";"bp_number_354";"bp_type_354";"name_354"
"d371500f-4c3f-4f07-a709-5eba12c36a82";"bp_number_355";"bp_type_355";"name_355"
"5080a0e2-a244-4bb3-93a6-44b0c0c77460";"bp_number_356";"bp_type_356";"name_356"
"65b1ddbf-df08-4372-ba70-475154bf8678";"bp_number_357";"bp_type_357";"name_357"
"8100d7c4-072a-40e3-b291-ef94a372941c";"bp_number_358";"bp_type_358";"name_358"
"3b697b88-549a-4934-98bc-cee3e98f110c";"bp_number_359";"bp_type_359";"name_359"
"c691a230-971c-422e-bd8d-fba648a486c4";"bp_number_360";"bp_type_360";"name_360"
"ea4d41bc-9dcd-4b00-bcd4-4d2859551e58";"bp_number_361";"bp_type_361";"name_361"
"50d67262-edf3-4030-8ca4-23b55b6faa39";"bp_number_362";"bp_type_362";"name_362"
"5ac4c4b1-7496-408a-9459-5f5c73501d8f";"bp_number_363";"bp_type_363";"name_363"
"be2496b1-1734-49cb-a388-b96d9a786ce8";"bp_number_364";"bp_type_364";"name_364"
"90cd2ade-561e-4780-a6ab-1753403a4cec";"bp_number_365";"bp_type_365";"name_365"
"cfb59866-47d9-43a6-91f3-7d3c31cfa16e";"bp_number_366";"bp_type_366";"name_366"
"a7d1f847-e708-4a83-88b0-b97b90874d18";"bp_number_367";"bp_type_367";"name_367"
"28cae41d-6ca6-4a2e-b242-40ce9f9445f0";"bp_number_368";"bp_type_368";"name_368"
"342d920a-2171-4f01-ab28-86c6320e4152";"bp_number_369";"bp_type_369";"name_369"
"fccdf433-cedf-4577-807c-b12ddee71d54";"bp_number_370";"bp_type_370";"name_370"
"fb0bd3b0-eadb-4282-be6b-1258581d4ae8";"bp_number_371";"bp_type_371";"name_371"
"b8a215a3-f2cb-47d8-af4f-5d2b64594f99";"bp_number_372";"bp_type_372";"name_372"
"bb269dd0-116f-4f29-965d-4e4b03a4ed02";"bp_number_373";"bp_type_373";"name_373"
"c7d10338-b915-4707-9648-9c0c2d241337";"bp_number_374";"bp_type_374";"name_374"
"0025000e-0e63-40d3-8176-8bfe55514507";"bp_number_375";"bp_type_375";"name_375"
"0e683aea-8eb5-4071-80fc-8f313d2ea396";"bp_number_376";"bp_type_376";"name_376"
"47d2e44a-70e3-4fed-839c-26622baea302";"bp_number_377";"bp_type_377";"name_377"
"93075362-55b4-4636-b65b-b2537c9760fe";"bp_number_378";"bp_type_378";"name_378"
"904b7857-4bff-4c3f-899c-9b951d4f8a08";"bp_number_379";"bp_type_379";"name_379"
"099d4473-4279-4b68-bf76-87cbdb3ec4bd";"bp_number_380";"bp_type_380";"name_380"
"499c0a10-4442-41c9-b436-7a9712e750e0";"bp_number_381";"bp_type_381";"name_381"
"6ddd8799-c063-4ded-8e97-5d03f9845418";"bp_number_382";"bp_type_382";"name_382"
"ab8ce932-7556-43ab-871f-cf7d53f20b65";"bp_number_383";"bp_type_383";"name_383"
"2be579e2-1017-46de-8a6e-e1ef2bd9f90a";"bp_number_384";"bp_type_384";"name_384"
"343a3d53-8e3f-4873-8708-72ba116ebc3f";"bp_number_385";"bp_type_385";"name_385"
"f4a0650e-22cc-4cd4-925b-4dbf6a84d8b9";"bp_number_386";"bp_type_386";"name_386"
"fde14be6-b9cd-40b5-9810-8c8e2f97354e";"bp_number_387";"bp_type_387";"name_387"
"273b2f4f-7870-47f0-aca4-294f03b069b2";"bp_number_388";"bp_type_388";"name_388"
"1594f964-5b77-4b53-be66-4bb5f4afc889";"bp_number_389";"bp_type_389";"name_389"
"b097d8bf-dca9-49be-befb-aee52845e43c";"bp_number_390";"bp_type_390";"name_390"
"57a1a544-770c-4740-bf2e-03e3bd9dbc37";"bp_number_391";"bp_type_391";"name_391"
"e176d66c-46e5-4265-8ff9-1ad2048513d3";"bp_number_392";"bp_type_392";"name_392"
"a55ded68-b73e-4c65-93af-7a5c7f921ecf";"bp_number_393";"bp_type_393";"name_393"
"3e5399e4-c5bd-46ca-a34d-69f5e1498906";"bp_number_394";"bp_type_394";"name_394"
"c51d1216-a595-4785-9b34-adb464854a45";"bp_number_395";"bp_type_395";"name_395"
"1abbadca-362b-402f-8d91-ac0352584f24";"bp_number_396";"bp_type_396";"name_396"
"96d92b3f-de7d-4ebc-a7ab-8fc3ca119fb0";"bp_number_397";"bp_type_397";"name_397"
"7e3b50df-689d-43c2-b56c-27209cc371fd";"bp_number_398";"bp_type_398";"name_398"
"a0089a59-1284-4b26-badf-107f0feeada1";"bp_number_399";"bp_type_399";"name_399"
"0d1a4008-ff10-40cd-b058-49e5d118464d";"bp_number_400";"bp_type_400";"name_400"
"9a3c490c-23fd-482e-8b15-943bb72b1935";"bp_number_401";"bp_type_401";"name_401"
"bf2f675f-8935-4fc1-9812-a59cc070f718";"bp_number_402";"bp_type_402";"name_402"
"667ead95-d77a-4b90-8c12-060c54fdd95e";"bp_number_403";"bp_type_403";"name_403"
"b3fd3ca0-e17f-4f88-811f-701f75e4b707";"bp_number_404";"bp_type_404";"name_404"
"b7e9f643-1123-404e-bd92-c00951968980";"bp_number_405";"bp_type_405";"name_405"
"37725b06-9aa5-4145-8a12-6c406352b90d";"bp_number_406";"bp_type_406";"name_406"
"eae910a3-3ac2-4941-8df5-2b63aa810a0d";"bp_number_407";"bp_type_407";"name_407"
"57848f8e-f1ab-4cff-9434-d8d446962da2";"bp_number_408";"bp_type_408";"name_408"
"7e300639-f922-4252-b208-8dcd279769b8";"bp_number_409";"bp_type_409";"name_409"
"650e7187-c5be-442d-9ec6-fd9606f14043";"bp_number_410";"bp_type_410";"name_410"
"e55bc08e-dde8-4383-9871-46e4a45029d6";"bp_number_411";"bp_type_411";"name_411"
"366553e6-ff5e-45dc-a2b3-19eb476575ad";"bp_number_412";"bp_type_412";"name_412"
"e865c59e-65a5-4082-8784-7c9b503d190b";"bp_number_413";"bp_type_413";"name_413"
"0e8d5c15-647a-409d-9030-cc0003aa9ebe";"bp_number_414";"bp_type_414";"name_414"
"07aefdaa-4247-45c5-934c-899d347a09d9";"bp_number_415";"bp_type_415";"name_415"
"072e3596-e404-41e8-bb88-4cb0c4fb25e8";"bp_number_416";"bp_type_416";"name_416"
"ad1288c2-102f-4d32-a9df-7f6bf14e0c97";"bp_number_417";"bp_type_417";"name_417"
"e88d9ef7-21b1-421f-8473-8fe848dd296d";"bp_number_418";"bp_type_418";"name_418"
"c39de1f4-cbad-4ebf-a0da-d8f3d8bdf766";"bp_number_419";"bp_type_419";"name_419"
"079a0ea5-a71f-4aa3-9635-796c73dfde4e";"bp_number_420";"bp_type_420";"name_420"
"0f3b44e4-3d84-46c0-aedb-70d737a02c6e";"bp_number_421";"bp_type_421";"name_421"
"06be08d3-5531-4369-a6cf-6d09a4f0c609";"bp_number_422";"bp_type_422";"name_422"
"9b1f5824-512a-426b-b385-75e3b132634d";"bp_number_423";"bp_type_423";"name_423"
"59f811cc-5fa0-447e-a330-6fb2a3dee606";"bp_number_424";"bp_type_424";"name_424"
"6fce078d-998e-44bb-bea1-66fa268c0955";"bp_number_425";"bp_type_425";"name_425"
"f4ce9831-22c1-4825-b1e2-a775cd98ac2c";"bp_number_426";"bp_type_426";"name_426"
"17bdfbe6-3180-423c-9b71-0c3b7b12a22b";"bp_number_427";"bp_type_427";"name_427"
"fa81cd7c-b9b1-4da7-a6b1-7f85f709e4a7";"bp_number_428";"bp_type_428";"name_428"
"af163a47-b33b-4cd5-84c6-fdd3694546e6";"bp_number_429";"bp_type_429";"name_429"
"42243915-c994-419e-ae32-87c0202d390d";"bp_number_430";"bp_type_430";"name_430"
"0519ab56-ff2e-41f4-936f-28392112a6d8";"bp_number_431";"bp_type_431";"name_431"
"83750761-311f-49b7-a70f-df6b47c56d6f";"bp_number_432";"bp_type_432";"name_432"
"bbb58972-6c0b-4107-ba99-13dad00598cf";"bp_number_433";"bp_type_433";"name_433"
"324d226d-887b-4204-bc25-b18d1d2d7f24";"bp_number_434";"bp_type_434";"name_434"
"285dd69d-6f70-4192-af27-dc3a22ac802e";"bp_number_435";"bp_type_435";"name_435"
"020c00bf-2a8c-4317-a15a-dd61ea7f05b5";"bp_number_436";"bp_type_436";"name_436"
"424fc3b7-0e2d-425e-8f66-955e98513377";"bp_number_437";"bp_type_437";"name_437"
"e4b2cf36-37ec-4faa-8008-6e92aad54ffb";"bp_number_438";"bp_type_438";"name_438"
"9a8d753d-0a53-4b22-a569-17f9dbf84737";"bp_number_439";"bp_type_439";"name_439"
"32ecc901-c9ba-40f3-9d36-4f7a91608fb0";"bp_number_440";"bp_type_440";"name_440"
"49185a21-6697-4d8a-bd28-486fde43ddd8";"bp_number_441";"bp_type_441";"name_441"
"6ce1dce0-a8f1-430c-8bb3-90b16e26f879";"bp_number_442";"bp_type_442";"name_442"
"1896da37-5674-4aed-873e-f33053d95a40";"bp_number_443";"bp_type_443";"name_443"
"b67b7a37-074e-4353-8910-90a1e5b23285";"bp_number_444";"bp_type_444";"name_444"
"3ecf8ef6-99af-4b7f-961e-309354aa0587";"bp_number_445";"bp_type_445";"name_445"
"9395dd43-5da9-41f4-8fb9-b4e87e10103a";"bp_number_446";"bp_type_446";"name_446"
"783af1b3-5673-440c-9a5e-5939c7cc0ec3";"bp_number_447";"bp_type_447";"name_447"
"02375408-0c9b-4f30-8282-4023e5b61120";"bp_number_448";"bp_type_448";"name_448"
"22e024a9-29ff-479a-a7e0-f06a3d81e68b";"bp_number_449";"bp_type_449";"name_449"
"72b85af6-54b2-4cb5-9bf9-2d40bb8aa02d";"bp_number_450";"bp_type_450";"name_450"
"a251ec18-f56e-4e33-a181-5b49c3ce238b";"bp_number_451";"bp_type_451";"name_451"
"d5c52a22-a575-46fc-8840-0408d3cb64cf";"bp_number_452";"bp_type_452";"name_452"
"ee462a50-d751-4cb0-ad05-7030a3ed2327";"bp_number_453";"bp_type_453";"name_453"
"62632861-b8db-4b17-beed-6155503a5d38";"bp_number_454";"bp_type_454";"name_454"
"0b773bd6-aa81-4d03-a3b9-fd28d2d17d53";"bp_number_455";"bp_type_455";"name_455"
"b2c766ef-82cb-4c83-940d-f6b12c4ffbe3";"bp_number_456";"bp_type_456";"name_456"
"48360461-e5c1-4876-ad43-2791fc4acfa4";"bp_number_457";"bp_type_457";"name_457"
"8f3be1d2-00f9-42bf-b07b-ca8750fdffc6";"bp_number_458";"bp_type_458";"name_458"
"ad9e7439-7f08-4489-8bf9-3811e9eea5f7";"bp_number_459";"bp_type_459";"name_459"
"d9252fe4-5e18-4272-8e70-a125543d33da";"bp_number_460";"bp_type_460";"name_460"
"30c39466-7057-4974-9797-26b57f940d76";"bp_number_461";"bp_type_461";"name_461"
"ddd4693d-36e6-40f3-8080-6eb5e9dfae5b";"bp_number_462";"bp_type_462";"name_462"
"c4212209-5f84-4f86-ab9b-41e897c76c70";"bp_number_463";"bp_type_463";"name_463"
"eb99b9bd-4c44-4b29-8952-2bc65ccc763c";"bp_number_464";"bp_type_464";"name_464"
"cdc7611f-530a-49ce-a3ea-134649423f82";"bp_number_465";"bp_type_465";"name_465"
"7e51623c-301d-44f5-bb46-a84e74637957";"bp_number_466";"bp_type_466";"name_466"
"dfaa9a77-3694-4568-b19b-c53ae86160f0";"bp_number_467";"bp_type_467";"name_467"
"4db46f19-80f5-4d1e-8350-c9bfe63a7c32";"bp_number_468";"bp_type_468";"name_468"
"c25c09f8-49e1-4a07-bd2f-1fa28bb2b86b";"bp_number_469";"bp_type_469";"name_469"
"843fe46a-97fe-4ae8-9870-eea80ca3adf7";"bp_number_470";"bp_type_470";"name_470"
"2c7ffb81-57a5-4ebf-ac48-d3ddeca6287e";"bp_number_471";"bp_type_471";"name_471"
"9d776dab-32af-4e65-99c6-352a30203945";"bp_number_472";"bp_type_472";"name_472"
"79845ac2-2fe4-4370-8c76-72baa8c6f6be";"bp_number_473";"bp_type_473";"name_473"
"c91dd689-8945-435a-bbe7-97202bb824ed";"bp_number_474";"bp_type_474";"name_474"
"fe24b484-21e1-4775-9af4-875f3e7814c1";"bp_number_475";"bp_type_475";"name_475"
"ef137542-f1aa-4efc-8f82-d68e76d4d16f";"bp_number_476";"bp_type_476";"name_476"
"7479e3e5-7cd0-42db-8b3c-e6f6fe4c1773";"bp_number_477";"bp_type_477";"name_477"
"cb75319c-9873-4fb3-9265-443b736d74e2";"bp_number_478";"bp_type_478";"name_478"
"663b2cfe-c727-4ea5-b560-f3df02547301";"bp_number_479";"bp_type_479";"name_479"
"4885d291-0766-4d13-8292-7c5b8476e3dc";"bp_number_480";"bp_type_480";"name_480"
"43612eca-6bf9-4d96-8dee-15975dfc74cc";"bp_number_481";"bp_type_481";"name_481"
"9150614e-5f99-4596-8df0-7c0b7a2f29df";"bp_number_482";"bp_type_482";"name_482"
"e43c6b20-031b-431e-9653-4133d783eebd";"bp_number_483";"bp_type_483";"name_483"
"134b33a8-b9a2-40d4-ad51-e8ceb9bdc678";"bp_number_484";"bp_type_484";"name_484"
"b650c003-b8f4-44a1-8a45-f8c42e0c3dc6";"bp_number_485";"bp_type_485";"name_485"
"a5e4d5eb-8f2b-4257-9658-fcf9e18047d5";"bp_number_486";"bp_type_486";"name_486"
"7078fad6-0fc5-48f6-8868-7082b74906de";"bp_number_487";"bp_type_487";"name_487"
"60f93980-7600-4f3c-a15c-4737a8a1af70";"bp_number_488";"bp_type_488";"name_488"
"933bcd19-9e20-431c-8d93-a0331808e8ab";"bp_number_489";"bp_type_489";"name_489"
"388bbaa6-6d54-4ca9-bd3d-0368bd0fda77";"bp_number_490";"bp_type_490";"name_490"
"225a91d9-505b-4f03-932f-a21eece042e2";"bp_number_491";"bp_type_491";"name_491"
"1e302dbe-5742-4133-8b37-34ee9b7fe5bd";"bp_number_492";"bp_type_492";"name_492"
"6823f43d-0db5-4cb3-a3c3-8ff42bc0833f";"bp_number_493";"bp_type_493";"name_493"
"71d38c2b-fcfb-4d52-9b8a-c8991d3e9b16";"bp_number_494";"bp_type_494";"name_494"
"57f60434-03b3-431c-82c5-84a7b7a37bcb";"bp_number_495";"bp_type_495";"name_495"
"9c8f8d3a-afed-4362-a799-c5fa7de95d43";"bp_number_496";"bp_type_496";"name_496"
"31260c38-895a-4ded-a200-3fafe977e82e";"bp_number_497";"bp_type_497";"name_497"
"6baba658-3f4a-41ca-a781-43bfd0b9106d";"bp_number_498";"bp_type_498";"name_498"
"3da131bc-924c-488e-9853-1107cdba5996";"bp_number_499";"bp_type_499";"name_499"
"3bcbbcd2-9d1a-4388-8bb8-62b4cd2aabd9";"bp_number_500";"bp_type_500";"name_500"
"16719c5b-7118-456a-b369-14207aa213e1";"bp_number_501";"bp_type_501";"name_501"
"7545267e-3376-4790-9e4b-d55f3db96b26";"bp_number_502";"bp_type_502";"name_502"
"97383d44-6ac4-4bc1-bbbf-35d06f576881";"bp_number_503";"bp_type_503";"name_503"
"0526e2a4-2529-42aa-a36c-9aa6a16e04e9";"bp_number_504";"bp_type_504";"name_504"
"8f2b07fe-1290-4617-810d-2fc02e514055";"bp_number_505";"bp_type_505";"name_505"
"21643af5-0300-4f91-aa16-1510d9a5a26d";"bp_number_506";"bp_type_506";"name_506"
"6185116f-fc73-4844-9dbe-c7d9afb67f39";"bp_number_507";"bp_type_507";"name_507"
"ae813d5c-222c-4bae-84b3-0e6bf369ec71";"bp_number_508";"bp_type_508";"name_508"
"61475c3a-bbd1-4141-9bdc-eb30f8e0f57d";"bp_number_509";"bp_type_509";"name_509"
"ed1e4920-1de8-409d-8c97-d98db464f21b";"bp_number_510";"bp_type_510";"name_510"
"eddc9c26-7e40-46f2-bb4c-5d3394b2a520";"bp_number_511";"bp_type_511";"name_511"
"183eca72-0c5e-47e5-afb7-713b5273bbfd";"bp_number_512";"bp_type_512";"name_512"
"313d306f-4721-41dc-8580-50518516a149";"bp_number_513";"bp_type_513";"name_513"
"d564b78d-e687-46bb-99a6-d0856259eea7";"bp_number_514";"bp_type_514";"name_514"
"c66f75c6-30d5-4933-a32d-b7da4a55a7ee";"bp_number_515";"bp_type_515";"name_515"
"bd98140d-bd7c-4337-be34-4fa8f07c3666";"bp_number_516";"bp_type_516";"name_516"
"0a77cca3-2b8d-40c8-b5e8-b8895ef51e1c";"bp_number_517";"bp_type_517";"name_517"
"1882b197-3bf9-4f49-8571-1ff441b16bd7";"bp_number_518";"bp_type_518";"name_518"
"ab87c7c8-27dc-428e-bd47-e864bc02ffb0";"bp_number_519";"bp_type_519";"name_519"
"75a961da-4279-4488-8cc0-9a2403fa8e55";"bp_number_520";"bp_type_520";"name_520"
"0a4a0c09-15e8-4e9a-a715-a8cd243d7a6b";"bp_number_521";"bp_type_521";"name_521"
"fbae95eb-bba2-4e31-8f21-e5369d8fa63d";"bp_number_522";"bp_type_522";"name_522"
"33aaf6cf-fb7f-4f48-9fda-459a73b11a3c";"bp_number_523";"bp_type_523";"name_523"
"2ae77d26-cacb-4fe1-92f1-9baf4ee72c27";"bp_number_524";"bp_type_524";"name_524"
"f398c1b5-2f9f-4533-a4c8-c56fe6e49c0a";"bp_number_525";"bp_type_525";"name_525"
"a3032c7b-b33c-41ab-b532-e1e6c2b7aa83";"bp_number_526";"bp_type_526";"name_526"
"e6106a48-78ca-4042-b224-03a9628b458a";"bp_number_527";"bp_type_527";"name_527"
"3e805486-bf7c-42f3-a250-55ce7965ad78";"bp_number_528";"bp_type_528";"name_528"
"2ccd30d1-4af7-4ab5-9fbc-e88cb20b84b2";"bp_number_529";"bp_type_529";"name_529"
"4fdf7be6-7d03-4db7-897b-655b88ca8046";"bp_number_530";"bp_type_530";"name_530"
"9e110884-b7b7-4d0c-9663-18c762a9474e";"bp_number_531";"bp_type_531";"name_531"
"a922a096-1345-4428-9651-126af3c65c73";"bp_number_532";"bp_type_532";"name_532"
"d5428006-c5f5-487a-a823-c754b199ab94";"bp_number_533";"bp_type_533";"name_533"
"7522fbff-e909-4703-800a-9c01db3b071c";"bp_number_534";"bp_type_534";"name_534"
"e3d61f55-76f4-4a78-9432-757f163a2edb";"bp_number_535";"bp_type_535";"name_535"
"9c282f99-d68c-4209-878d-d2e146add5d6";"bp_number_536";"bp_type_536";"name_536"
"03afa729-a96d-4f05-aca4-a1871dd82d79";"bp_number_537";"bp_type_537";"name_537"
"3fa56115-1300-4023-b63c-ec925f8dbb10";"bp_number_538";"bp_type_538";"name_538"
"0cd2b62d-0532-43d5-9ed8-e1ebdcd67970";"bp_number_539";"bp_type_539";"name_539"
"99cb3a8a-1fb6-4823-aecb-b691b2a47326";"bp_number_540";"bp_type_540";"name_540"
"ad79371a-2847-4e5f-a1e1-ce90d952bbb1";"bp_number_541";"bp_type_541";"name_541"
"60360fe8-7b6c-4183-959b-059f3d68b622";"bp_number_542";"bp_type_542";"name_542"
"a5a1de23-aafc-4f91-ae15-d127bfe1f2b7";"bp_number_543";"bp_type_543";"name_543"
"a4423782-60e8-433d-9b86-75c71a1511cf";"bp_number_544";"bp_type_544";"name_544"
"956608a6-7991-4160-a19d-9844f6669c0c";"bp_number_545";"bp_type_545";"name_545"
"fbea3982-0cff-4df7-95a6-6d22f8ea2c8a";"bp_number_546";"bp_type_546";"name_546"
"9df2c508-e139-4205-8d52-a8131a988f82";"bp_number_547";"bp_type_547";"name_547"
"3f761c76-6cd0-4c4d-9de3-2fd689b24712";"bp_number_548";"bp_type_548";"name_548"
"2d2e0301-ed10-4e24-8715-fb159bf8686f";"bp_number_549";"bp_type_549";"name_549"
"b469faec-1e31-44c0-8a8f-61f5fa59d969";"bp_number_550";"bp_type_550";"name_550"
"cd786f77-00dc-4cde-aef1-c30bd970d7dd";"bp_number_551";"bp_type_551";"name_551"
"5437f969-d837-4ed6-85ae-f985edf0d90a";"bp_number_552";"bp_type_552";"name_552"
"074c5798-abd8-47f6-8528-729723fbce23";"bp_number_553";"bp_type_553";"name_553"
"ea4a2e97-a6e2-4ec4-be68-8e2d2ceb1c58";"bp_number_554";"bp_type_554";"name_554"
"8d1cb5e7-8a3b-43b2-92ac-9d2031639545";"bp_number_555";"bp_type_555";"name_555"
"bd3feba7-f9da-48ec-aba2-ccb4d0a0492d";"bp_number_556";"bp_type_556";"name_556"
"c99af4f1-1c5c-4749-a325-036632fc441e";"bp_number_557";"bp_type_557";"name_557"
"0f43cbb1-cc3f-4c8c-bff6-ac9fd904833e";"bp_number_558";"bp_type_558";"name_558"
"611617e9-dc0d-4d2a-9e43-9f005a89495e";"bp_number_559";"bp_type_559";"name_559"
"20b0dd51-f89b-4133-9f93-5cad1c4d3650";"bp_number_560";"bp_type_560";"name_560"
"e96bbd69-69d3-484d-84d2-b92955d0fbde";"bp_number_561";"bp_type_561";"name_561"
"66c96a38-523a-4a24-86b8-2d8a5f791fb9";"bp_number_562";"bp_type_562";"name_562"
"7840baa3-088e-4b08-9916-8ee94b254231";"bp_number_563";"bp_type_563";"name_563"
"18360b4c-c5b2-4921-a8a5-10113b60dc04";"bp_number_564";"bp_type_564";"name_564"
"44fcf600-c7f0-4ebc-9fb0-55151f637c0b";"bp_number_565";"bp_type_565";"name_565"
"329971b5-8e02-4492-9edf-55702aecb7c6";"bp_number_566";"bp_type_566";"name_566"
"fa24c4c2-886e-4874-9c9c-9a53832edd29";"bp_number_567";"bp_type_567";"name_567"
"d8305da7-1655-4de6-8059-8a29a94a537a";"bp_number_568";"bp_type_568";"name_568"
"2d7b80c9-b761-4477-aa30-12b7502b23d2";"bp_number_569";"bp_type_569";"name_569"
"8ef4abb8-9b50-4a45-b216-6096533991c4";"bp_number_570";"bp_type_570";"name_570"
"656a8be6-b8fe-46c8-882d-b2e7b3d89ce8";"bp_number_571";"bp_type_571";"name_571"
"1860c8b4-db76-4daf-a2c0-5dbe859f858f";"bp_number_572";"bp_type_572";"name_572"
"2a753d53-dfa6-4292-b295-4681f50246a7";"bp_number_573";"bp_type_573";"name_573"
"deb8221f-407a-4746-b927-9c55e5dcb453";"bp_number_574";"bp_type_574";"name_574"
"db3482dd-1992-40c8-9827-c64a7adf601a";"bp_number_575";"bp_type_575";"name_575"
"53e57996-395f-4c83-b030-9a258f59c959";"bp_number_576";"bp_type_576";"name_576"
"d0f11115-1e56-49df-ab9a-0fd31e3f074d";"bp_number_577";"bp_type_577";"name_577"
"e801498b-4fdc-4a47-891b-13b5977e05ca";"bp_number_578";"bp_type_578";"name_578"
"d74e7880-8b19-47fd-9f2f-06970ce0e529";"bp_number_579";"bp_type_579";"name_579"
"9f3366c3-b482-400b-8193-f2a87cc50a09";"bp_number_580";"bp_type_580";"name_580"
"9d6a21dd-c460-4c4e-874a-30e554b810a6";"bp_number_581";"bp_type_581";"name_581"
"6a738eb8-dc96-4e71-b9c6-e4180a4d0519";"bp_number_582";"bp_type_582";"name_582"
"dbd5df51-ad20-4bbe-8b4a-6b6b2f58e513";"bp_number_583";"bp_type_583";"name_583"
"d7cb7055-7f44-465e-a4a6-76e432f2f162";"bp_number_584";"bp_type_584";"name_584"
"e89298dd-b315-4e9c-ad8c-c850df8de1a9";"bp_number_585";"bp_type_585";"name_585"
"9a5c7032-b9d5-46a3-a350-b8873c53b606";"bp_number_586";"bp_type_586";"name_586"
"fd1213f2-db88-4edd-9934-b0aef993c1de";"bp_number_587";"bp_type_587";"name_587"
"37dc89c8-6e5c-46d1-bb4b-71cd818c23ab";"bp_number_588";"bp_type_588";"name_588"
"11f2fef9-53b9-4d53-b1a4-d230e287bd89";"bp_number_589";"bp_type_589";"name_589"
"e1042b8d-dc69-42c2-9ad3-79a2ce7c16b0";"bp_number_590";"bp_type_590";"name_590"
"7859d84e-0fee-4ebd-ab21-85d8468021a3";"bp_number_591";"bp_type_591";"name_591"
"2d45e537-a2ed-41df-bf6e-2ecd078af782";"bp_number_592";"bp_type_592";"name_592"
"1e6a2ded-aa72-47fe-81ef-16a2635e7cad";"bp_number_593";"bp_type_593";"name_593"
"7178097f-6d27-42bc-968d-8cf6a9b13c48";"bp_number_594";"bp_type_594";"name_594"
"f40df2b1-d79c-41c7-93aa-d6c516b6d394";"bp_number_595";"bp_type_595";"name_595"
"601a5f35-6c4b-49a0-8155-6b170e7d0d24";"bp_number_596";"bp_type_596";"name_596"
"22225280-6177-4c16-b49c-57d3815760da";"bp_number_597";"bp_type_597";"name_597"
"4877beec-5781-43c0-8bc7-ae26c0c52510";"bp_number_598";"bp_type_598";"name_598"
"67a6a9d6-4f9f-49b1-ad13-4cd3ef5740ae";"bp_number_599";"bp_type_599";"name_599"
"e3d1ace4-26ea-4bea-bd6c-779caefd9a89";"bp_number_600";"bp_type_600";"name_600"
"7f61e677-c912-4737-bf45-eaf7efffdb0e";"bp_number_601";"bp_type_601";"name_601"
"3f341664-72ba-4c05-aaf5-7e1219892209";"bp_number_602";"bp_type_602";"name_602"
"a77f44bb-d848-4e9a-8328-ae357d5529a5";"bp_number_603";"bp_type_603";"name_603"
"9e94117e-5efc-4b41-8af7-6b921d0bf79a";"bp_number_604";"bp_type_604";"name_604"
"b2dbee15-83d9-4fbe-a3fc-12728e6871b4";"bp_number_605";"bp_type_605";"name_605"
"4871816d-e5e9-487b-a49d-c52d3252a426";"bp_number_606";"bp_type_606";"name_606"
"fd47d5d2-43f8-4fa3-8ef0-f5d363f09485";"bp_number_607";"bp_type_607";"name_607"
"dcdbf4f8-ec20-4776-a2c7-906378bc0104";"bp_number_608";"bp_type_608";"name_608"
"a3fb4b6e-79e4-4d8e-8110-6ab546d014c5";"bp_number_609";"bp_type_609";"name_609"
"dee91404-dd52-4ec6-9de5-a9cfbcdb85e1";"bp_number_610";"bp_type_610";"name_610"
"7d48c4c1-4b41-4b2c-9c98-39294cc4c3c0";"bp_number_611";"bp_type_611";"name_611"
"606ae6a9-0352-4118-97b0-dca7ec8b158a";"bp_number_612";"bp_type_612";"name_612"
"e6c2f6fb-c99b-4020-b336-a84dafab9daf";"bp_number_613";"bp_type_613";"name_613"
"aa155600-e3fc-46ec-a499-e2bf29aacddd";"bp_number_614";"bp_type_614";"name_614"
"26c398be-6506-42d3-b276-5b3f1ebb0f2c";"bp_number_615";"bp_type_615";"name_615"
"0b3e8b3d-66e9-4321-b261-6dd46ffdb293";"bp_number_616";"bp_type_616";"name_616"
"b63a36b8-bedc-432d-9ae3-f9467d6d1937";"bp_number_617";"bp_type_617";"name_617"
"abdad5bc-ac46-4301-b512-6517578d9785";"bp_number_618";"bp_type_618";"name_618"
"de9aeed4-b6e1-4a2c-83c9-9ab4c4b0c401";"bp_number_619";"bp_type_619";"name_619"
"11989def-2db3-4946-b8c2-63c398e49afb";"bp_number_620";"bp_type_620";"name_620"
"1b6541ad-fe74-4592-a1c5-b42d25820a9a";"bp_number_621";"bp_type_621";"name_621"
"edf92de1-c5eb-413d-92e5-16330d3f10dc";"bp_number_622";"bp_type_622";"name_622"
"f58d38de-42da-48da-9a80-13cd085a7ff4";"bp_number_623";"bp_type_623";"name_623"
"8b0adb51-489f-499b-8c64-a9a4e5671b4b";"bp_number_624";"bp_type_624";"name_624"
"5aae92f3-5473-4c4d-8510-b74708c837b8";"bp_number_625";"bp_type_625";"name_625"
"4027f07d-ed56-4550-86a2-b36885027f02";"bp_number_626";"bp_type_626";"name_626"
"6543725b-5ad0-4b12-aaa3-487936b2e042";"bp_number_627";"bp_type_627";"name_627"
"cd965426-755f-4aaa-9cc5-7bdac40a69d1";"bp_number_628";"bp_type_628";"name_628"
"753c5569-9664-4024-b794-06d4b0d05126";"bp_number_629";"bp_type_629";"name_629"
"10fc5591-7b81-45f5-ad38-5b6ec1a70daf";"bp_number_630";"bp_type_630";"name_630"
"eca54f4d-ff9f-49a7-a729-202768d05090";"bp_number_631";"bp_type_631";"name_631"
"e7a35fc5-53f6-4e15-8a50-4c96cf842342";"bp_number_632";"bp_type_632";"name_632"
"eaf7c037-ddd9-4e88-be96-23bbabf3d52c";"bp_number_633";"bp_type_633";"name_633"
"4bffe5dd-5ecd-454a-9f36-5907591d25c6";"bp_number_634";"bp_type_634";"name_634"
"e253ce51-124a-4e7a-99ce-1aa3e65492c4";"bp_number_635";"bp_type_635";"name_635"
"142ef960-8268-4d18-98ec-9705bc2b679f";"bp_number_636";"bp_type_636";"name_636"
"fff5858c-d7b6-43ae-89ae-5b9406e6f9f2";"bp_number_637";"bp_type_637";"name_637"
"f2e1ffcf-2be7-4b4b-bbd0-7a7e9ca9a236";"bp_number_638";"bp_type_638";"name_638"
"bd6fbcd1-d35d-4351-8e9f-7908740dc707";"bp_number_639";"bp_type_639";"name_639"
"acfc5cba-4ea2-42b0-aea3-d007c74a1cd2";"bp_number_640";"bp_type_640";"name_640"
"07af9de2-b05e-41ba-84e8-57e53308758c";"bp_number_641";"bp_type_641";"name_641"
"71fc526e-aba2-4438-8214-0ded98cb7068";"bp_number_642";"bp_type_642";"name_642"
"43bc977f-c312-4c8f-bcab-f053d1ff2c37";"bp_number_643";"bp_type_643";"name_643"
"3f8b9c95-e185-4bf7-b62b-81ad7feb0ee2";"bp_number_644";"bp_type_644";"name_644"
"6b10679a-5ef1-496a-b9ea-78b79b47c020";"bp_number_645";"bp_type_645";"name_645"
"761cebbd-42b9-455b-bc1f-74a693c78189";"bp_number_646";"bp_type_646";"name_646"
"6ee2c38b-8dd7-4d3c-bf40-d54281f3b01a";"bp_number_647";"bp_type_647";"name_647"
"bcf91d9e-5e2a-44db-a0bc-15c27cbd9b94";"bp_number_648";"bp_type_648";"name_648"
"d33f79fc-4322-4ef0-b823-78f985c98aa6";"bp_number_649";"bp_type_649";"name_649"
"93aba6ef-79ad-4c03-be9e-1338d7106f90";"bp_number_650";"bp_type_650";"name_650"
"cf1b57ba-75f2-413c-9dc9-715f3c884627";"bp_number_651";"bp_type_651";"name_651"
"f456e880-ce9b-429e-9091-f8af96dfde11";"bp_number_652";"bp_type_652";"name_652"
"1bbe99be-864b-4754-b986-f36c716f1739";"bp_number_653";"bp_type_653";"name_653"
"af5ef374-79fa-4a7c-a681-2d237cecab84";"bp_number_654";"bp_type_654";"name_654"
"1e7c2de8-e4c9-458b-a752-8eaa46810ac1";"bp_number_655";"bp_type_655";"name_655"
"de86d602-8132-4bdf-9e61-b2e47c0a9cdb";"bp_number_656";"bp_type_656";"name_656"
"7725b5f3-0242-449b-bf73-95f1664696fe";"bp_number_657";"bp_type_657";"name_657"
"c3453687-698a-48f2-a52b-91f1d3c89213";"bp_number_658";"bp_type_658";"name_658"
"d166cf4c-55ab-4700-834a-18670483d234";"bp_number_659";"bp_type_659";"name_659"
"eb3f939c-21a9-40b5-9398-b6164cb911e0";"bp_number_660";"bp_type_660";"name_660"
"e9ef494f-380f-4681-9e9e-ce81159e6008";"bp_number_661";"bp_type_661";"name_661"
"14d84afd-ba52-4948-af26-988a6efd3beb";"bp_number_662";"bp_type_662";"name_662"
"313650d4-652d-428f-a48e-284714800b9a";"bp_number_663";"bp_type_663";"name_663"
"d120de41-af46-455a-bf5a-26ad05906d7d";"bp_number_664";"bp_type_664";"name_664"
"9758cee3-e394-4c57-a1f3-1193cc2ed90c";"bp_number_665";"bp_type_665";"name_665"
"5b761b56-e71b-4422-9668-3c2ca866d1d3";"bp_number_666";"bp_type_666";"name_666"
"e2f02748-c1de-4f46-8be1-0ee9f41269c1";"bp_number_667";"bp_type_667";"name_667"
"31234361-635b-49ac-a7c1-287bf213f1ba";"bp_number_668";"bp_type_668";"name_668"
"c15f1649-caff-476f-a3d9-18af4b6f55de";"bp_number_669";"bp_type_669";"name_669"
"9e6adb65-622f-43f2-8386-54c1e9e9e0eb";"bp_number_670";"bp_type_670";"name_670"
"a06d96ab-3d76-453d-a776-dc8e65d8b24d";"bp_number_671";"bp_type_671";"name_671"
"f8815bb5-98e2-4f94-8593-3309688fd894";"bp_number_672";"bp_type_672";"name_672"
"91c87572-6e00-40d7-b02e-f35595817266";"bp_number_673";"bp_type_673";"name_673"
"f1fdb549-c548-4513-b94d-e93538069c00";"bp_number_674";"bp_type_674";"name_674"
"20e1ff56-22e2-4aef-842f-96b76e147f28";"bp_number_675";"bp_type_675";"name_675"
"19799177-35ec-4b85-a95d-fcc0d904683d";"bp_number_676";"bp_type_676";"name_676"
"3143ea32-758b-432f-8971-e6807d4460a0";"bp_number_677";"bp_type_677";"name_677"
"e4da5f06-cbf3-45ca-abec-8d76dc62ca66";"bp_number_678";"bp_type_678";"name_678"
"261307d2-e25e-46d6-bfbe-d28c6ad5769d";"bp_number_679";"bp_type_679";"name_679"
"31a98e40-9c1e-4ab4-9530-dac27d0339eb";"bp_number_680";"bp_type_680";"name_680"
"adc2b06c-47cd-4180-a655-2706159bc2eb";"bp_number_681";"bp_type_681";"name_681"
"7cf5261d-43c5-4837-b7b4-d793d4f8450b";"bp_number_682";"bp_type_682";"name_682"
"00a38ddc-2152-4b19-bf5a-b368753b81cd";"bp_number_683";"bp_type_683";"name_683"
"77475309-eb73-480e-8aab-8c3f7a9ad3f9";"bp_number_684";"bp_type_684";"name_684"
"ab5364d2-26d7-4a34-8c69-460c8e36d25b";"bp_number_685";"bp_type_685";"name_685"
"264ac76f-d94d-44f1-82eb-343d3b7e07c1";"bp_number_686";"bp_type_686";"name_686"
"a2d9ceb8-aced-4b77-8f05-c19d24af5c5d";"bp_number_687";"bp_type_687";"name_687"
"6c947e16-5d3a-4931-a647-5a720b71a1d8";"bp_number_688";"bp_type_688";"name_688"
"e47ce911-ad7f-471a-827c-7d6d78c90556";"bp_number_689";"bp_type_689";"name_689"
"6458d516-d2ab-42e0-a227-abe6e78cba80";"bp_number_690";"bp_type_690";"name_690"
"d431d618-7607-405f-b5d1-bfce1bfdba16";"bp_number_691";"bp_type_691";"name_691"
"70b96a23-6fd5-4ebb-bc1f-66f8aa87e962";"bp_number_692";"bp_type_692";"name_692"
"f0426b3c-cf43-45b7-8a08-537917cb3d31";"bp_number_693";"bp_type_693";"name_693"
"7649d107-d820-48f3-bcda-3dbfb493d004";"bp_number_694";"bp_type_694";"name_694"
"f81fcd31-dd27-4cbf-a987-33826f46dfb1";"bp_number_695";"bp_type_695";"name_695"
"e1e0f776-3f43-4c99-a066-1f0fbca3072b";"bp_number_696";"bp_type_696";"name_696"
"a6a93743-c65c-41ce-893d-631e6665702a";"bp_number_697";"bp_type_697";"name_697"
"10b85e28-9818-4201-8dab-4700c9739d75";"bp_number_698";"bp_type_698";"name_698"
"86d3310c-8d22-4047-b9d4-2d5f1cf886e3";"bp_number_699";"bp_type_699";"name_699"
"d7ab6675-b2e1-4da3-bfc0-f1d1c0c2f0f4";"bp_number_700";"bp_type_700";"name_700"
"cbbfa6b6-41fa-4c80-8aed-918db3276c6d";"bp_number_701";"bp_type_701";"name_701"
"40e5f5c9-8513-4309-9f36-84dc5dc18e6d";"bp_number_702";"bp_type_702";"name_702"
"16741f73-09c9-4008-8800-5a16804a2ccf";"bp_number_703";"bp_type_703";"name_703"
"8858fecc-8c8c-434e-8fce-c58ad0364cf4";"bp_number_704";"bp_type_704";"name_704"
"e98bbd8b-1172-465e-ae51-d8e65a7de884";"bp_number_705";"bp_type_705";"name_705"
"88871f51-fe57-4d3e-bbdb-0f56d5e332de";"bp_number_706";"bp_type_706";"name_706"
"f0e88333-49f7-4235-8c2e-5a67f8d3791a";"bp_number_707";"bp_type_707";"name_707"
"71b5e93b-80cc-4de4-a656-142858b58834";"bp_number_708";"bp_type_708";"name_708"
"97a5f158-02da-41d2-9169-946e2ada8d7f";"bp_number_709";"bp_type_709";"name_709"
"e1765f34-cd22-4c9f-b888-4a7d86e7e7d4";"bp_number_710";"bp_type_710";"name_710"
"562d3686-e41c-4641-98ff-06c31737f7cc";"bp_number_711";"bp_type_711";"name_711"
"8e46ddb3-3877-4a2e-8a49-900b4168951f";"bp_number_712";"bp_type_712";"name_712"
"1489a842-f236-4b7a-bcdc-19be33f1467f";"bp_number_713";"bp_type_713";"name_713"
"86b06571-f64a-422c-822d-f85d1391b387";"bp_number_714";"bp_type_714";"name_714"
"e17975ad-793a-4c66-a327-8c476fa4ad8a";"bp_number_715";"bp_type_715";"name_715"
"91963ba9-434f-4d56-b929-5eabc87f1921";"bp_number_716";"bp_type_716";"name_716"
"69caa141-fe23-4383-a279-b021669a343a";"bp_number_717";"bp_type_717";"name_717"
"14cbb837-0a69-49f9-b238-c42047502450";"bp_number_718";"bp_type_718";"name_718"
"368b414f-1a8f-4063-a310-ccb362de8b9d";"bp_number_719";"bp_type_719";"name_719"
"682891b3-4ef3-43fb-ad6a-267cc8920be8";"bp_number_720";"bp_type_720";"name_720"
"af494405-786f-4771-be5a-3f3a4c94e923";"bp_number_721";"bp_type_721";"name_721"
"9d9eb2eb-cfb3-4a07-b9a1-6e919a24ba3f";"bp_number_722";"bp_type_722";"name_722"
"4736b31f-9d2d-439c-aa30-eda78ead4ab8";"bp_number_723";"bp_type_723";"name_723"
"6d6ed77e-9bb4-401c-83a4-35201eafe23a";"bp_number_724";"bp_type_724";"name_724"
"c57ccf2b-0b2d-4e87-a0c6-d0fa0b42bce2";"bp_number_725";"bp_type_725";"name_725"
"18143891-cd51-4fff-981f-fa85d49ebfe2";"bp_number_726";"bp_type_726";"name_726"
"e0ac75b0-c324-4276-a90b-06206b06a1ea";"bp_number_727";"bp_type_727";"name_727"
"64f6639b-e386-475c-9635-5001a3a1cd7c";"bp_number_728";"bp_type_728";"name_728"
"fedc99a3-a23d-4e95-9e5c-6621adab5122";"bp_number_729";"bp_type_729";"name_729"
"5504762a-5d21-4e62-b4dc-45d8f4b19057";"bp_number_730";"bp_type_730";"name_730"
"7f640e54-0eff-4388-9cec-f8e563499c31";"bp_number_731";"bp_type_731";"name_731"
"bf8606f7-fbe4-4e06-87ab-11216262f81b";"bp_number_732";"bp_type_732";"name_732"
"21e45ca4-4db6-4b6e-a10a-0d3d8515ddf6";"bp_number_733";"bp_type_733";"name_733"
"321cf4f8-4437-4650-b7e4-856f0a951f0c";"bp_number_734";"bp_type_734";"name_734"
"547e217a-5016-47e1-8058-c2fa49581f08";"bp_number_735";"bp_type_735";"name_735"
"137372d1-5f88-4814-8eb1-0eabfed0d281";"bp_number_736";"bp_type_736";"name_736"
"e658a228-4283-4392-9d2a-2a1088796e74";"bp_number_737";"bp_type_737";"name_737"
"d4083fdd-4b36-497f-a91f-0836b8c7ff3a";"bp_number_738";"bp_type_738";"name_738"
"d268d9a0-6d85-44b2-83f8-69197f4a99a0";"bp_number_739";"bp_type_739";"name_739"
"b4832416-4fd2-4df4-a632-d0dc19ceb0c0";"bp_number_740";"bp_type_740";"name_740"
"d1801ed3-70e0-4ef4-8e4b-1491ee8437d1";"bp_number_741";"bp_type_741";"name_741"
"c91f7591-da42-4688-be87-7585a4b82190";"bp_number_742";"bp_type_742";"name_742"
"a9efb3bc-95ed-4b55-995b-71084a74dfcd";"bp_number_743";"bp_type_743";"name_743"
"79908a07-71c1-48f0-981e-c6db7d99afe1";"bp_number_744";"bp_type_744";"name_744"
"cf1d9279-b0e1-4f48-9388-c64031ea5505";"bp_number_745";"bp_type_745";"name_745"
"44b39692-8284-4400-a0b5-da603b4981c6";"bp_number_746";"bp_type_746";"name_746"
"9af63891-723f-4368-a955-97e841d26a6d";"bp_number_747";"bp_type_747";"name_747"
"507a9e85-64de-4db0-ac7e-21c5a2d34b58";"bp_number_748";"bp_type_748";"name_748"
"9cb62e08-00d7-4bcf-bb43-4c2b9caa4924";"bp_number_749";"bp_type_749";"name_749"
"758bae3a-49f3-4fe6-a5f3-18821d713b0c";"bp_number_750";"bp_type_750";"name_750"
"3c383701-1a8a-445e-b629-9b866fbee945";"bp_number_751";"bp_type_751";"name_751"
"0139ea0c-a30e-45b4-895b-bc977a388ded";"bp_number_752";"bp_type_752";"name_752"
"505415a6-95f2-40db-bca5-22889029b808";"bp_number_753";"bp_type_753";"name_753"
"73715afe-313c-47ba-a0fe-ebb107bc8feb";"bp_number_754";"bp_type_754";"name_754"
"3fcc4189-ed48-4449-b3f8-5d080548c8cf";"bp_number_755";"bp_type_755";"name_755"
"92388857-1677-47c6-afe9-11ba35ea0fa9";"bp_number_756";"bp_type_756";"name_756"
"a3a05c54-cad5-43c1-942a-aa26737c2ef6";"bp_number_757";"bp_type_757";"name_757"
"d8ed1885-4036-4308-81bb-c0bef21dc5d7";"bp_number_758";"bp_type_758";"name_758"
"e99c2b9b-3be9-4259-98a3-6a0d5bd2301d";"bp_number_759";"bp_type_759";"name_759"
"1565429c-51b6-4c74-a821-9807ab2f977e";"bp_number_760";"bp_type_760";"name_760"
"e2aacdbb-af47-4373-b4ff-805eca7d7cb0";"bp_number_761";"bp_type_761";"name_761"
"65cfdbd2-2034-4102-ab2d-6ebee93f49d0";"bp_number_762";"bp_type_762";"name_762"
"fb0b3a8c-17a4-4a6c-a668-664072439a27";"bp_number_763";"bp_type_763";"name_763"
"66ed58da-7565-40a6-9295-7a75e1a18161";"bp_number_764";"bp_type_764";"name_764"
"8a4fcf27-ba3b-44b9-9496-2af79671a33d";"bp_number_765";"bp_type_765";"name_765"
"7b7533bd-42d1-429e-b40d-35a19d0a01a2";"bp_number_766";"bp_type_766";"name_766"
"94a27fd3-a069-4177-9cb7-2d2c8ec0c495";"bp_number_767";"bp_type_767";"name_767"
"e6c2a87f-19c1-4e1a-9328-349b8b6ab809";"bp_number_768";"bp_type_768";"name_768"
"12fae279-53ad-4d3a-9c29-d2f980cf9c97";"bp_number_769";"bp_type_769";"name_769"
"0e666527-de7a-4812-8764-aeef6b208a70";"bp_number_770";"bp_type_770";"name_770"
"cef17148-d1e5-4060-9190-604003df286e";"bp_number_771";"bp_type_771";"name_771"
"856b28f0-bd37-4ff8-b66e-99ce81437561";"bp_number_772";"bp_type_772";"name_772"
"4c141f44-0946-4f67-9415-b479fbbd5527";"bp_number_773";"bp_type_773";"name_773"
"d6539568-4379-43c9-805c-f6ade4821ad7";"bp_number_774";"bp_type_774";"name_774"
"a27ed278-2758-4633-a563-554a2b9cac0f";"bp_number_775";"bp_type_775";"name_775"
"86b68766-5e0b-4a1d-9556-72a8bc529f62";"bp_number_776";"bp_type_776";"name_776"
"f117a7eb-f368-458c-bc46-de71bf3b18cf";"bp_number_777";"bp_type_777";"name_777"
"ba10e076-715a-409a-b9b4-8b95b0fff11c";"bp_number_778";"bp_type_778";"name_778"
"4929ce3c-fb54-4ab1-a6b3-8948da8de290";"bp_number_779";"bp_type_779";"name_779"
"cb001ab5-e773-4ce3-802e-e3ba1cf6fc92";"bp_number_780";"bp_type_780";"name_780"
"3a54f48c-5e04-4a40-969f-c97fa6aa3484";"bp_number_781";"bp_type_781";"name_781"
"e0022112-47e5-4626-bfba-7f41b34bfea0";"bp_number_782";"bp_type_782";"name_782"
"6446368a-c4d0-4d90-9b58-9875fee5ac08";"bp_number_783";"bp_type_783";"name_783"
"3674cd59-f508-45b9-b1a8-465def918dd2";"bp_number_784";"bp_type_784";"name_784"
"a2b51035-8f57-41ac-b221-3dad38fe00f9";"bp_number_785";"bp_type_785";"name_785"
"039f8d93-9fcb-4d7f-be57-d6550224a1ff";"bp_number_786";"bp_type_786";"name_786"
"269f7013-9bde-4ded-8a4a-30ceb009b466";"bp_number_787";"bp_type_787";"name_787"
"1ec037d4-caa9-4b66-9f86-33f3ea43ae89";"bp_number_788";"bp_type_788";"name_788"
"ff98b556-84ad-40b5-b4cd-8210a7d24f66";"bp_number_789";"bp_type_789";"name_789"
"5489fa62-e56b-46b4-b5aa-40076c82f010";"bp_number_790";"bp_type_790";"name_790"
"43491796-d1ab-4cd8-ba41-62381b6c5e73";"bp_number_791";"bp_type_791";"name_791"
"381a0de3-e771-4e93-b0de-29a1008bb20b";"bp_number_792";"bp_type_792";"name_792"
"3f5edb08-d652-41ad-a0f7-08968d6fdef6";"bp_number_793";"bp_type_793";"name_793"
"8e1709f3-af95-48cc-a798-f8c218aa070e";"bp_number_794";"bp_type_794";"name_794"
"c6696286-60ce-4b68-8cda-cae571077575";"bp_number_795";"bp_type_795";"name_795"
"ddb6ef43-897f-4fb0-9480-2a24185b949e";"bp_number_796";"bp_type_796";"name_796"
"577e762b-11e1-4940-88a6-39a0353abf2d";"bp_number_797";"bp_type_797";"name_797"
"4a81a8e7-562c-42f3-8b9a-73060f6700c7";"bp_number_798";"bp_type_798";"name_798"
"298cfabd-dc43-46ce-a973-034764152ddc";"bp_number_799";"bp_type_799";"name_799"
"4fbf9434-a9e5-4030-ac83-4b770017361a";"bp_number_800";"bp_type_800";"name_800"
"b53667db-a321-4455-a625-657a3ca2a107";"bp_number_801";"bp_type_801";"name_801"
"d798fe26-2a86-4a0c-afa0-2585745dfedf";"bp_number_802";"bp_type_802";"name_802"
"7ebf647d-d1c2-4c74-a1b2-57aa1d976014";"bp_number_803";"bp_type_803";"name_803"
"242cb586-c7d7-4b07-af8b-28ed232437d7";"bp_number_804";"bp_type_804";"name_804"
"079303fe-ed7a-4f08-a653-c880025d6789";"bp_number_805";"bp_type_805";"name_805"
"a11884d9-b8d5-4f5a-b014-90e985822e86";"bp_number_806";"bp_type_806";"name_806"
"3c3a92ae-9a27-437e-861c-264488dd8a74";"bp_number_807";"bp_type_807";"name_807"
"6d59e8a3-50d1-4d77-99ba-296112687fe4";"bp_number_808";"bp_type_808";"name_808"
"87f5d4c8-abf2-46d1-886a-6e7b5db4db29";"bp_number_809";"bp_type_809";"name_809"
"5b3f9233-6ff7-40af-ae48-ceaf00821451";"bp_number_810";"bp_type_810";"name_810"
"6be7c13e-d285-4484-a720-69d07cd51c54";"bp_number_811";"bp_type_811";"name_811"
"05cf51c2-d210-4f1e-a76a-e10918f02b3d";"bp_number_812";"bp_type_812";"name_812"
"d53b9aa0-c72b-4555-aa82-c30944faf15d";"bp_number_813";"bp_type_813";"name_813"
"5e4fbadb-0cdb-4931-9db4-afef064e5add";"bp_number_814";"bp_type_814";"name_814"
"3bc0a43b-84eb-475b-8b67-03587a6c1016";"bp_number_815";"bp_type_815";"name_815"
"d025b9a8-8151-49eb-8b8d-c3c4565f36d1";"bp_number_816";"bp_type_816";"name_816"
"48303704-82b0-4f60-baba-37b50744e5ca";"bp_number_817";"bp_type_817";"name_817"
"369cea4f-8ce3-4a71-aaae-e6932f31ded6";"bp_number_818";"bp_type_818";"name_818"
"71c26133-ee17-460e-ba6a-f1066efb2c23";"bp_number_819";"bp_type_819";"name_819"
"acbfea1c-6cf1-472a-8c06-fd184bfbf536";"bp_number_820";"bp_type_820";"name_820"
"a1aa2ff9-5c76-4153-af45-3c1e3a6ce72d";"bp_number_821";"bp_type_821";"name_821"
"ae96bd19-537d-4f2d-9a5b-8af1a471b9ea";"bp_number_822";"bp_type_822";"name_822"
"8749cfe5-ca59-47d3-af4c-60a37ab2dde5";"bp_number_823";"bp_type_823";"name_823"
"513a7058-9e04-40bb-b65c-243f3b9dbb20";"bp_number_824";"bp_type_824";"name_824"
"da44f5d8-f14d-4c8e-a4bd-601ff516f87e";"bp_number_825";"bp_type_825";"name_825"
"2a8b92c1-9523-44e2-8a59-8b89a141c803";"bp_number_826";"bp_type_826";"name_826"
"944f3ecc-916c-4591-b779-4b3404415ca1";"bp_number_827";"bp_type_827";"name_827"
"f93c4d6c-2c97-4fb4-924f-b5f57fddcaf4";"bp_number_828";"bp_type_828";"name_828"
"ef89e3ee-d5e6-4c31-9e74-f5b6a2e58a22";"bp_number_829";"bp_type_829";"name_829"
"e367630b-477f-4dc0-92d7-33d41bec1639";"bp_number_830";"bp_type_830";"name_830"
"c4637ccc-fd4f-4f37-b74e-1de7ee317d74";"bp_number_831";"bp_type_831";"name_831"
"11f4cdb9-d852-4436-8273-300343e06cfc";"bp_number_832";"bp_type_832";"name_832"
"d9559688-91b8-4608-a50e-f4cef772b777";"bp_number_833";"bp_type_833";"name_833"
"249a821f-78c6-464a-980f-1c5041538889";"bp_number_834";"bp_type_834";"name_834"
"9e470f27-c098-4405-a976-f6c24a9f98ed";"bp_number_835";"bp_type_835";"name_835"
"a0164da2-f447-48c0-9573-95edad552ed1";"bp_number_836";"bp_type_836";"name_836"
"28d8d89c-d260-4f82-a78a-b0511e6fc75c";"bp_number_837";"bp_type_837";"name_837"
"f18920c9-8ea3-4b95-badf-4331d1c51d8f";"bp_number_838";"bp_type_838";"name_838"
"b2065c9b-1aa9-47f3-9dfc-dcaf8d8c0938";"bp_number_839";"bp_type_839";"name_839"
"57c3fae0-c951-44c8-b96a-0308c2ccb182";"bp_number_840";"bp_type_840";"name_840"
"703234d3-ebdc-4efe-9d0f-eb3bb0f6917f";"bp_number_841";"bp_type_841";"name_841"
"1ab8c5db-b343-4ee9-b48f-9a0cea05dfe3";"bp_number_842";"bp_type_842";"name_842"
"3bee9d80-8bb8-4a9e-bfc1-b563e33c04a4";"bp_number_843";"bp_type_843";"name_843"
"26dcb1da-19d5-425c-b00a-e3fd5888e3c7";"bp_number_844";"bp_type_844";"name_844"
"950a62ce-abff-48f0-a2a6-2d8c522d452c";"bp_number_845";"bp_type_845";"name_845"
"4d549199-058a-40bf-9f7a-fed8df71037c";"bp_number_846";"bp_type_846";"name_846"
"37e8d5cb-806b-4716-a2d7-5a8e32c8ba94";"bp_number_847";"bp_type_847";"name_847"
"41648832-4119-453b-9cce-7ea0cb8a2acb";"bp_number_848";"bp_type_848";"name_848"
"6bc1b0dc-68cd-424c-b096-c40fc12b7612";"bp_number_849";"bp_type_849";"name_849"
"a8d9b5b7-026c-421e-bbf8-719e10589251";"bp_number_850";"bp_type_850";"name_850"
"9041697f-7920-4521-b825-872b6e2b1fe3";"bp_number_851";"bp_type_851";"name_851"
"673ffbd3-7639-4563-a5dc-fee9179508d1";"bp_number_852";"bp_type_852";"name_852"
"8176b0c7-9700-427c-a750-9871f4dba935";"bp_number_853";"bp_type_853";"name_853"
"77ca11dc-0ffc-4fad-9653-0d2a61aa0b47";"bp_number_854";"bp_type_854";"name_854"
"6790c7d5-5261-49b5-8a2c-0434899a4998";"bp_number_855";"bp_type_855";"name_855"
"7652668a-c1fd-490a-a984-a65adfdc3f78";"bp_number_856";"bp_type_856";"name_856"
"398048ed-b799-4de9-8a37-43b9c6760ab5";"bp_number_857";"bp_type_857";"name_857"
"e567591f-3292-48ce-b3e5-6dcbf71babde";"bp_number_858";"bp_type_858";"name_858"
"d35d7195-fc51-4ba0-a395-e87c47b2c4de";"bp_number_859";"bp_type_859";"name_859"
"d889676e-d156-4938-94a5-fe245f8fd96b";"bp_number_860";"bp_type_860";"name_860"
"27cffc7e-9f11-4578-be72-12f88a31f81b";"bp_number_861";"bp_type_861";"name_861"
"94c6a549-c226-464b-99a5-1ad285fbd504";"bp_number_862";"bp_type_862";"name_862"
"65e9deb9-71bb-477c-8a94-6ba6b77441ab";"bp_number_863";"bp_type_863";"name_863"
"cf6207aa-8220-49f9-ac6a-051798bd03f9";"bp_number_864";"bp_type_864";"name_864"
"5003590c-151b-45dc-8510-e013f4d7cef0";"bp_number_865";"bp_type_865";"name_865"
"8b0a6010-8a76-420d-a677-8974b4a9efa1";"bp_number_866";"bp_type_866";"name_866"
"d66e63c4-3334-42e5-88ea-b08dcb33ac2e";"bp_number_867";"bp_type_867";"name_867"
"a0c6f0be-ab33-4f04-9351-0fd499466f5c";"bp_number_868";"bp_type_868";"name_868"
"e4ed3e4e-2e99-407c-aa46-dc7ce74756e5";"bp_number_869";"bp_type_869";"name_869"
"a82406a5-2d26-4c4a-add0-187d042e8173";"bp_number_870";"bp_type_870";"name_870"
"830434ca-142f-4a8f-a150-f9bd16bbd684";"bp_number_871";"bp_type_871";"name_871"
"7020c48e-83c6-435e-9a9a-b3f280c4d585";"bp_number_872";"bp_type_872";"name_872"
"8efdeb7d-9dbc-449e-aba1-f4efe34d88dd";"bp_number_873";"bp_type_873";"name_873"
"c92044d1-3330-42f5-b982-2f024a897893";"bp_number_874";"bp_type_874";"name_874"
"7092e58b-5e55-4633-9e2c-1320aef441e2";"bp_number_875";"bp_type_875";"name_875"
"7b260c3d-f53c-4580-96f0-38fa92e0802b";"bp_number_876";"bp_type_876";"name_876"
"deda298c-7225-4046-958f-7d3132afd744";"bp_number_877";"bp_type_877";"name_877"
"d41e75d2-6f45-4c10-a137-91a42722653d";"bp_number_878";"bp_type_878";"name_878"
"270ea81e-4198-4970-b312-87e1a555fc56";"bp_number_879";"bp_type_879";"name_879"
"58e49c44-e186-48ac-a36e-e5c0147642b7";"bp_number_880";"bp_type_880";"name_880"
"b4a1a833-6dc1-4d0e-a689-d56cacdba612";"bp_number_881";"bp_type_881";"name_881"
"525ff42e-1ac2-4516-94b1-196c97f32a87";"bp_number_882";"bp_type_882";"name_882"
"cc0aca5a-07ca-46a6-8395-c2008cd83c0b";"bp_number_883";"bp_type_883";"name_883"
"a9957334-5425-41ba-a577-044b3b0cbc0f";"bp_number_884";"bp_type_884";"name_884"
"83700dc8-2607-4f6b-a10b-48d15306ec77";"bp_number_885";"bp_type_885";"name_885"
"1575dac0-f450-4509-b135-36002af5eafc";"bp_number_886";"bp_type_886";"name_886"
"a8d8946b-aa81-40cf-9ff6-8fa597358910";"bp_number_887";"bp_type_887";"name_887"
"fb9f0885-7f34-42ba-b4e1-2b9bcf845898";"bp_number_888";"bp_type_888";"name_888"
"36a0c2af-d421-4198-b5b9-d52cce868597";"bp_number_889";"bp_type_889";"name_889"
"c18f7c91-723f-4696-9c2e-f77f769aa8a6";"bp_number_890";"bp_type_890";"name_890"
"7c5fa0c1-a16b-46a1-a571-bed149116631";"bp_number_891";"bp_type_891";"name_891"
"80268304-a1ab-4057-82a6-b788efc68fee";"bp_number_892";"bp_type_892";"name_892"
"7db94e4d-8b7c-4e8b-9720-a49c200d39e7";"bp_number_893";"bp_type_893";"name_893"
"4f06914e-46a1-4a6b-8d26-3024c6b1742b";"bp_number_894";"bp_type_894";"name_894"
"549eb4a6-3329-4056-9a2a-46f43fdf510d";"bp_number_895";"bp_type_895";"name_895"
"951a88dd-4ad7-4179-bc64-af2a60b233a4";"bp_number_896";"bp_type_896";"name_896"
"21ffe0a7-4852-4cb3-a83e-f57af4114fd4";"bp_number_897";"bp_type_897";"name_897"
"9d07128e-5db8-43a4-9e70-1c320622428f";"bp_number_898";"bp_type_898";"name_898"
"33cba701-f86f-40ff-a77d-7b5f7fbd4004";"bp_number_899";"bp_type_899";"name_899"
"5a0c437f-8d15-4c9b-a103-c92dacb0a84e";"bp_number_900";"bp_type_900";"name_900"
"f0f8a5ff-214b-44fd-aff9-dacf61c60223";"bp_number_901";"bp_type_901";"name_901"
"45145a83-74ed-46ec-82c1-dfaa746e57fd";"bp_number_902";"bp_type_902";"name_902"
"f08f0bf2-7286-45d6-8c16-0de687080dbb";"bp_number_903";"bp_type_903";"name_903"
"c3ca2fed-e36b-40b8-b5ff-2fe65e55a8b6";"bp_number_904";"bp_type_904";"name_904"
"16d6d226-4bbf-421b-a7f4-5ddbd96c4957";"bp_number_905";"bp_type_905";"name_905"
"ebb004a4-0dc6-4bdd-a53c-91412b02ca2b";"bp_number_906";"bp_type_906";"name_906"
"5590f427-b832-4e61-911e-de24d82a02e3";"bp_number_907";"bp_type_907";"name_907"
"109ea515-1e7e-4847-b21f-660201c8f0a4";"bp_number_908";"bp_type_908";"name_908"
"aa93ef21-12b0-4c0f-8b55-564fad8d6697";"bp_number_909";"bp_type_909";"name_909"
"999b9bb7-9d45-44a7-9953-3b36b3d3856a";"bp_number_910";"bp_type_910";"name_910"
"1394ce86-f683-4ea2-9d51-683a5992383a";"bp_number_911";"bp_type_911";"name_911"
"0f9bf93d-ec47-4899-98ad-0b022dfc63b9";"bp_number_912";"bp_type_912";"name_912"
"26eb9d65-4d34-483d-a4de-bbb2463010f4";"bp_number_913";"bp_type_913";"name_913"
"6f3a60b2-8af2-4f0a-bbe0-1224d3e8dce2";"bp_number_914";"bp_type_914";"name_914"
"43746313-d53f-41f2-83b4-5f8bfc3b495f";"bp_number_915";"bp_type_915";"name_915"
"84216b1a-6d0d-4dda-ae9c-579e6d78a077";"bp_number_916";"bp_type_916";"name_916"
"e93ca2cf-5e66-48ed-a534-82b12826141f";"bp_number_917";"bp_type_917";"name_917"
"ba652e75-09d4-4c1a-b803-a9daaeefa128";"bp_number_918";"bp_type_918";"name_918"
"4cd90ba4-e3cc-4add-9ea0-809a5ffb0a78";"bp_number_919";"bp_type_919";"name_919"
"f110b30a-519a-4afd-bf91-3d5eef2a49ba";"bp_number_920";"bp_type_920";"name_920"
"8322b67b-f9ae-4406-a7e2-e8a097db7fa3";"bp_number_921";"bp_type_921";"name_921"
"683dd218-18dc-40f2-a8fe-174152e69fe0";"bp_number_922";"bp_type_922";"name_922"
"8f7fbe0d-ea0e-471e-ac91-6099424036ef";"bp_number_923";"bp_type_923";"name_923"
"3d9bd118-b187-4796-bdfe-34608def05bd";"bp_number_924";"bp_type_924";"name_924"
"984b9513-7269-46eb-9c81-d45e4434d476";"bp_number_925";"bp_type_925";"name_925"
"c9c7e659-18dc-4c18-b8a0-1da0550e7569";"bp_number_926";"bp_type_926";"name_926"
"7e9a3442-f2cc-4e9a-bf01-15a28abe6055";"bp_number_927";"bp_type_927";"name_927"
"ffde1b1f-7278-43d6-bce4-b4155e0fcab5";"bp_number_928";"bp_type_928";"name_928"
"c21f4e2b-dcfb-43e7-9299-5ea48a3d9f4d";"bp_number_929";"bp_type_929";"name_929"
"e677befa-9f57-4feb-8728-ee271e770d60";"bp_number_930";"bp_type_930";"name_930"
"2554f291-9726-4e69-91ef-0e7e84dca2ac";"bp_number_931";"bp_type_931";"name_931"
"32c24112-8f00-4625-a130-66cfd8bf8ad4";"bp_number_932";"bp_type_932";"name_932"
"c53e836e-99b9-4b5f-bdca-f77273c4dff9";"bp_number_933";"bp_type_933";"name_933"
"1f1e7570-0f1b-413e-a9d8-fdd690feb8f9";"bp_number_934";"bp_type_934";"name_934"
"df0ae066-1382-4fa9-bd41-a75911f5f75d";"bp_number_935";"bp_type_935";"name_935"
"dc5c19c2-b26a-4ae4-8aed-d11d9770b5f9";"bp_number_936";"bp_type_936";"name_936"
"b04e1af5-7092-4086-aee2-d87cd0b5144c";"bp_number_937";"bp_type_937";"name_937"
"997a92cd-ede7-4551-93c1-890f26477b8b";"bp_number_938";"bp_type_938";"name_938"
"1ab11363-3951-45c7-8628-96c5ef8f33cf";"bp_number_939";"bp_type_939";"name_939"
"80292bb3-9184-4855-99bc-03644027942d";"bp_number_940";"bp_type_940";"name_940"
"0b45cbae-f6c2-427a-ad9f-e32b3f18d366";"bp_number_941";"bp_type_941";"name_941"
"d13e90b4-28e4-4856-a863-17e725b36cc6";"bp_number_942";"bp_type_942";"name_942"
"0a836fd9-76e8-47f7-9795-4ddfd0c012cd";"bp_number_943";"bp_type_943";"name_943"
"525dac1d-9201-4e90-bc52-6c9cfa5e6e77";"bp_number_944";"bp_type_944";"name_944"
"3b717717-759e-4c34-b4c9-b9938f28e6e0";"bp_number_945";"bp_type_945";"name_945"
"f9725f3d-be78-40fd-acf9-d65e3979470a";"bp_number_946";"bp_type_946";"name_946"
"9a3055bc-1f8a-4cda-a6cc-f449b06ce0d6";"bp_number_947";"bp_type_947";"name_947"
"e42b8598-d74b-40e9-b663-6c9f757a5815";"bp_number_948";"bp_type_948";"name_948"
"4d6cc07b-a391-49aa-a53a-bba4599270e5";"bp_number_949";"bp_type_949";"name_949"
"31621a91-d444-4aa6-9fcd-7951b694af02";"bp_number_950";"bp_type_950";"name_950"
"410cb54e-c985-483b-83a9-0c6cd039372b";"bp_number_951";"bp_type_951";"name_951"
"8c57fb80-24cc-4b30-a7d3-0a862c32cd1c";"bp_number_952";"bp_type_952";"name_952"
"5ab2f756-3265-466c-ba49-e55df89de3e0";"bp_number_953";"bp_type_953";"name_953"
"4714f94f-7099-4c2e-b342-6e80ff07ed06";"bp_number_954";"bp_type_954";"name_954"
"bf0effed-33c2-4f86-8247-89c505ad6f42";"bp_number_955";"bp_type_955";"name_955"
"e43252f2-eb2e-4552-ac03-5d34a45292bd";"bp_number_956";"bp_type_956";"name_956"
"77b9925d-1f22-46f8-8f6a-ca0ff5b268a1";"bp_number_957";"bp_type_957";"name_957"
"f13abb1c-4fe7-4eb1-af17-b7840dd7c34c";"bp_number_958";"bp_type_958";"name_958"
"3df2e716-0997-4471-912f-16d759aaa371";"bp_number_959";"bp_type_959";"name_959"
"2afb6c3f-3f79-4507-b3f1-ee390b23789f";"bp_number_960";"bp_type_960";"name_960"
"72865f94-d13f-4dd2-aaf7-340b16907cec";"bp_number_961";"bp_type_961";"name_961"
"a2f43ed9-3879-4348-ae77-a5ff6d86ba19";"bp_number_962";"bp_type_962";"name_962"
"f4501f31-a623-4aa4-863c-eea59724b11e";"bp_number_963";"bp_type_963";"name_963"
"39fb0315-eeb7-4f5e-8672-af9664c4fda1";"bp_number_964";"bp_type_964";"name_964"
"a8e83004-d7ed-4e3d-a463-1d4ecc9c5a90";"bp_number_965";"bp_type_965";"name_965"
"0fe00b6f-3341-467a-9598-abdadb2ce7d6";"bp_number_966";"bp_type_966";"name_966"
"da5833d5-8ac4-4690-8561-a0b26d6b913e";"bp_number_967";"bp_type_967";"name_967"
"82790f6f-2f9a-4db1-99fb-9a819dfcac7d";"bp_number_968";"bp_type_968";"name_968"
"9e575c4e-7509-4b70-8d34-0389425ede74";"bp_number_969";"bp_type_969";"name_969"
"3cb32097-19d7-4d10-b4c6-fed408b3a0a2";"bp_number_970";"bp_type_970";"name_970"
"f86980f7-88ef-4f84-a075-d51a878e57d2";"bp_number_971";"bp_type_971";"name_971"
"d6033f0f-dd47-43cf-88ba-85703c062571";"bp_number_972";"bp_type_972";"name_972"
"eb1b5743-d58a-45c4-a664-cebafbfc7fee";"bp_number_973";"bp_type_973";"name_973"
"e276e813-b217-4433-9285-dafe5af30a9e";"bp_number_974";"bp_type_974";"name_974"
"9549f519-8b87-48d7-925a-dca2bffb77dd";"bp_number_975";"bp_type_975";"name_975"
"467c1ea6-5ca4-4787-a254-38ac7e2e272f";"bp_number_976";"bp_type_976";"name_976"
"fe7fa7a2-ec95-4d5a-9e81-273e845c828e";"bp_number_977";"bp_type_977";"name_977"
"035c3548-88ac-4646-a3f5-886f8dcc9cdb";"bp_number_978";"bp_type_978";"name_978"
"c8141665-f5a3-4252-b70f-66f79c840f88";"bp_number_979";"bp_type_979";"name_979"
"cfe2e860-9ba0-478d-b84f-195ff396431c";"bp_number_980";"bp_type_980";"name_980"
"fe88ea81-1a42-435e-bd7e-779a8b5593a2";"bp_number_981";"bp_type_981";"name_981"
"a15a65c4-a4d5-4350-ad27-3477d6d0042a";"bp_number_982";"bp_type_982";"name_982"
"4d8618c8-14e8-48b9-9ee4-4eaec9f1d617";"bp_number_983";"bp_type_983";"name_983"
"0a74911d-2ad2-4b20-9c7f-a22826748352";"bp_number_984";"bp_type_984";"name_984"
"97f156b6-3884-45f6-9623-37fdca5bf19c";"bp_number_985";"bp_type_985";"name_985"
"04f3f5c1-723a-4a64-9e2a-982c88c2590e";"bp_number_986";"bp_type_986";"name_986"
"6355d3c8-5a02-4df7-8f75-c895bee4c872";"bp_number_987";"bp_type_987";"name_987"
"716c2ab2-822b-497e-a6b1-06b33a67b415";"bp_number_988";"bp_type_988";"name_988"
"f3cf9052-4ca7-4a02-98be-1dfc2a601cea";"bp_number_989";"bp_type_989";"name_989"
"9ef4dbd5-f098-49da-9a9f-77c2d83c5d2e";"bp_number_990";"bp_type_990";"name_990"
"0a9b001d-33b7-43b3-a931-14f71572a6c5";"bp_number_991";"bp_type_991";"name_991"
"69de48bb-112b-4ae8-8a96-39f30011e05d";"bp_number_992";"bp_type_992";"name_992"
"6049e8ac-a47c-4a04-b65b-4761fa67f220";"bp_number_993";"bp_type_993";"name_993"
"41f1072d-382d-4188-91ba-da7b11842afe";"bp_number_994";"bp_type_994";"name_994"
"e8bd80bb-203b-49f0-8a55-8a913d38e988";"bp_number_995";"bp_type_995";"name_995"
"37ef66ee-89ae-469f-a7da-b6f33362171c";"bp_number_996";"bp_type_996";"name_996"
"d8345c9b-8867-41ee-9ba6-acf602ea285b";"bp_number_997";"bp_type_997";"name_997"
"7d6cb162-09cd-459e-ae13-ea60b12b5d65";"bp_number_998";"bp_type_998";"name_998"
"82eafb29-06e8-406e-a436-145cea880b00";"bp_number_999";"bp_type_999";"name_999"
"3d621417-0441-4f77-ba8b-772ec18f55e1";"bp_number_1000";"bp_type_1000";"name_1000"
"68c22895-2849-4af2-8391-ddd3c5c6b04b";"bp_number_1001";"bp_type_1001";"name_1001"
"89bebb2d-296f-47fc-a48c-3f1ef3fc702c";"bp_number_1002";"bp_type_1002";"name_1002"
"046a9385-8bd9-4562-8072-61935dd14a03";"bp_number_1003";"bp_type_1003";"name_1003"
"631bf62e-4226-4afc-b7ec-84886953c834";"bp_number_1004";"bp_type_1004";"name_1004"
"bf0342f6-e385-4fce-96ea-e6137113e1c2";"bp_number_1005";"bp_type_1005";"name_1005"
"aab58953-5a3d-4c52-8589-77a9eb880523";"bp_number_1006";"bp_type_1006";"name_1006"
"5c1a828d-e9e5-44ba-9484-3564f45b6e4f";"bp_number_1007";"bp_type_1007";"name_1007"
"9a71504a-4d0a-4c70-a896-3b53a5e235bf";"bp_number_1008";"bp_type_1008";"name_1008"
"7b9af663-609c-4411-9597-e57c400e6b23";"bp_number_1009";"bp_type_1009";"name_1009"
"d3ea15fe-ca82-4f95-915d-2540036baf83";"bp_number_1010";"bp_type_1010";"name_1010"
"bf034c65-2578-44ba-824b-0f22c30d8f80";"bp_number_1011";"bp_type_1011";"name_1011"
"ca79f881-f61b-4568-8d76-27eb8543deee";"bp_number_1012";"bp_type_1012";"name_1012"
"c6202210-0ed1-4a11-834a-433f5327e798";"bp_number_1013";"bp_type_1013";"name_1013"
"80a5914a-bc94-40a1-9d9e-ae08350247af";"bp_number_1014";"bp_type_1014";"name_1014"
"148059cc-2111-41f6-a7a2-5d02407c6891";"bp_number_1015";"bp_type_1015";"name_1015"
"df7ac323-056f-4de6-a6ee-10d2da7f0ac5";"bp_number_1016";"bp_type_1016";"name_1016"
"29a117c8-08db-4330-942b-f747714543fa";"bp_number_1017";"bp_type_1017";"name_1017"
"321ff755-d59b-4b6c-8c63-0631e130f3cb";"bp_number_1018";"bp_type_1018";"name_1018"
"3b05e178-cf04-4e0a-9d2d-746218b5ad00";"bp_number_1019";"bp_type_1019";"name_1019"
"d9e377b1-ce30-4130-ba1a-08739ac5a771";"bp_number_1020";"bp_type_1020";"name_1020"
"8be3e5da-d20e-4354-8395-5d7a5d1785df";"bp_number_1021";"bp_type_1021";"name_1021"
"a26e2a3e-b835-4f8f-9532-4bb5f9c3ada7";"bp_number_1022";"bp_type_1022";"name_1022"
"73761b34-b10a-454f-8c7b-1f66df051994";"bp_number_1023";"bp_type_1023";"name_1023"
"ed628d1f-1093-468a-84b5-97c3ca238e19";"bp_number_1024";"bp_type_1024";"name_1024"
"fb841f62-3e12-46f5-9cb8-cbba48279665";"bp_number_1025";"bp_type_1025";"name_1025"
"63d11a6a-dd7d-4b4a-a0ba-edf092e1ecab";"bp_number_1026";"bp_type_1026";"name_1026"
"df0fef73-8f0e-4c37-81aa-94b499c35741";"bp_number_1027";"bp_type_1027";"name_1027"
"6f975c89-ee68-4134-92c6-a04d3308897d";"bp_number_1028";"bp_type_1028";"name_1028"
"8b6ab3d6-87fd-4e7e-b29d-a47df7d24441";"bp_number_1029";"bp_type_1029";"name_1029"
"549c4154-3f12-4295-a6b5-c896593c4282";"bp_number_1030";"bp_type_1030";"name_1030"
"8c6d4fed-39b6-4965-b548-4a5c633c5cf8";"bp_number_1031";"bp_type_1031";"name_1031"
"5c42792b-adf8-4ffe-95b2-95bb6191de79";"bp_number_1032";"bp_type_1032";"name_1032"
"bff1e356-9077-495e-9564-9da0b0b88bc3";"bp_number_1033";"bp_type_1033";"name_1033"
"c16c3c00-731b-4eca-9ab7-eb743f7d4088";"bp_number_1034";"bp_type_1034";"name_1034"
"824d81f7-2b8e-4b10-aafa-4746edff8103";"bp_number_1035";"bp_type_1035";"name_1035"
"f10443b4-297e-4916-ae10-b16bf2a0c31a";"bp_number_1036";"bp_type_1036";"name_1036"
"9a522be3-cc96-4f52-ac4e-0b12adc24791";"bp_number_1037";"bp_type_1037";"name_1037"
"d46f2a50-ab1d-4bee-bfcb-b32eb446df3d";"bp_number_1038";"bp_type_1038";"name_1038"
"cd9fc851-5536-40bb-879f-9d7192830e4a";"bp_number_1039";"bp_type_1039";"name_1039"
"204e8a8e-eb7b-480d-ad1a-f87f0748f51a";"bp_number_1040";"bp_type_1040";"name_1040"
"86400485-61d3-46c7-af76-89f363d06fce";"bp_number_1041";"bp_type_1041";"name_1041"
"88dc043f-090b-4e63-91c9-152469533a36";"bp_number_1042";"bp_type_1042";"name_1042"
"25a0bbe2-1a91-4b14-b763-69d1d9942440";"bp_number_1043";"bp_type_1043";"name_1043"
"e3b145ca-2122-41ba-bff5-60e9cd4288bd";"bp_number_1044";"bp_type_1044";"name_1044"
"b5dcfe4e-609d-48e6-8fdb-567e45d7cf2d";"bp_number_1045";"bp_type_1045";"name_1045"
"485c12cb-b60d-404f-a8ec-6eccc33056c9";"bp_number_1046";"bp_type_1046";"name_1046"
"5bed31fe-1566-4412-88bc-06a09c562b02";"bp_number_1047";"bp_type_1047";"name_1047"
"91b35e68-3b9c-4e20-ad79-f38754243970";"bp_number_1048";"bp_type_1048";"name_1048"
"ec139860-cee2-43e1-ae81-dd5aee31744a";"bp_number_1049";"bp_type_1049";"name_1049"
"eb53a898-e215-4644-8aef-f079106400b7";"bp_number_1050";"bp_type_1050";"name_1050"
"c2b9d948-efc2-441f-a489-cf8cdd5daa31";"bp_number_1051";"bp_type_1051";"name_1051"
"47b23edf-154d-4346-b38d-60119e29321e";"bp_number_1052";"bp_type_1052";"name_1052"
"ed530674-2753-4663-b013-ce9858c8311f";"bp_number_1053";"bp_type_1053";"name_1053"
"374cbbca-6677-4285-9552-fc8719d8fb3e";"bp_number_1054";"bp_type_1054";"name_1054"
"a3fa64e9-d8c1-46df-9854-1baedd772c6f";"bp_number_1055";"bp_type_1055";"name_1055"
"2bd242aa-2f92-4ff0-b8ab-f13198414ddd";"bp_number_1056";"bp_type_1056";"name_1056"
"b695652b-5d6c-4a61-8c72-2fd1f567bb5b";"bp_number_1057";"bp_type_1057";"name_1057"
"e92a9af2-b349-4057-aae4-f66d0093530b";"bp_number_1058";"bp_type_1058";"name_1058"
"5658a284-af5c-44c4-997b-c5223d35d2da";"bp_number_1059";"bp_type_1059";"name_1059"
"38dc4cda-129c-42ff-91f1-a751c5dcb99c";"bp_number_1060";"bp_type_1060";"name_1060"
"8fa66911-ab6e-4098-8b02-b9e0d4cfd31f";"bp_number_1061";"bp_type_1061";"name_1061"
"ff02703a-31d1-4bc6-8d9c-3aa136728222";"bp_number_1062";"bp_type_1062";"name_1062"
"1f64cfec-3fbb-4891-9567-5d1d5d071f56";"bp_number_1063";"bp_type_1063";"name_1063"
"9a713011-015d-4a3b-8b16-c7af55eca5a6";"bp_number_1064";"bp_type_1064";"name_1064"
"4fb897e8-b23e-4a34-bee0-9ca7daa0acde";"bp_number_1065";"bp_type_1065";"name_1065"
"acf33978-fc4b-4888-8181-a331c3ce4f38";"bp_number_1066";"bp_type_1066";"name_1066"
"2386a045-af81-4234-bb11-182ea3fe6324";"bp_number_1067";"bp_type_1067";"name_1067"
"1d1f3fad-9027-4de7-b4f0-30b38ae4fd83";"bp_number_1068";"bp_type_1068";"name_1068"
"17ec847f-c201-4964-8e95-5a47b71cbd78";"bp_number_1069";"bp_type_1069";"name_1069"
"0fa6600f-68ae-4a4b-a404-52dae1d40dbf";"bp_number_1070";"bp_type_1070";"name_1070"
"94d038a6-fdd1-4414-86e5-a87873f2ac77";"bp_number_1071";"bp_type_1071";"name_1071"
"85b0971f-fce8-498e-a891-b53cb938ac14";"bp_number_1072";"bp_type_1072";"name_1072"
"70b804f5-8c44-4d20-8d2b-1ad0b9ee77e9";"bp_number_1073";"bp_type_1073";"name_1073"
"74cea543-cbfc-4da5-b091-48b2d8f517e8";"bp_number_1074";"bp_type_1074";"name_1074"
"d175d75f-84e6-4e35-851f-acd02e9cec77";"bp_number_1075";"bp_type_1075";"name_1075"
"82416574-83c4-4aef-872d-9f985e73d81e";"bp_number_1076";"bp_type_1076";"name_1076"
"6cef9a62-c105-4fd9-8493-5ed030003025";"bp_number_1077";"bp_type_1077";"name_1077"
"0f840fc5-cc1c-41f9-ab2b-8d2f79f366db";"bp_number_1078";"bp_type_1078";"name_1078"
"8d626d53-b5bc-4d5c-8839-1aa48ab3abff";"bp_number_1079";"bp_type_1079";"name_1079"
"6acf5506-bc31-4cbf-adee-d08e630cabdc";"bp_number_1080";"bp_type_1080";"name_1080"
"004ca965-da48-4280-8f68-be0b462e6976";"bp_number_1081";"bp_type_1081";"name_1081"
"9083443e-91d5-4dba-a6d7-be1cbf1ef134";"bp_number_1082";"bp_type_1082";"name_1082"
"91dba96c-6561-45cd-a8fa-597e448658a5";"bp_number_1083";"bp_type_1083";"name_1083"
"243a009d-b691-440a-9f56-546ba3f03b75";"bp_number_1084";"bp_type_1084";"name_1084"
"08fc2a72-1697-4eaa-9259-13c57fdeeffa";"bp_number_1085";"bp_type_1085";"name_1085"
"f1a7d547-18ed-4dfa-afc2-6a7c8d0ae7d2";"bp_number_1086";"bp_type_1086";"name_1086"
"d7811fde-7648-4b53-8a3f-af7c85db49be";"bp_number_1087";"bp_type_1087";"name_1087"
"41345758-1068-4080-a2f3-7f281b6354aa";"bp_number_1088";"bp_type_1088";"name_1088"
"5cf690fd-cf03-4ab6-90d3-a3722a149901";"bp_number_1089";"bp_type_1089";"name_1089"
"60074b36-9f6b-4ea4-b8cb-25817d9b242f";"bp_number_1090";"bp_type_1090";"name_1090"
"7d57e76c-ff17-4400-b108-bedaffa67d86";"bp_number_1091";"bp_type_1091";"name_1091"
"680c2ea9-1804-482a-8962-9e0c6cb04be5";"bp_number_1092";"bp_type_1092";"name_1092"
"3b1ed2fb-7460-4151-97c4-907b8da2463c";"bp_number_1093";"bp_type_1093";"name_1093"
"f4670db7-c9b2-4fc9-8e6b-a6a9a704a61c";"bp_number_1094";"bp_type_1094";"name_1094"
"053cbca4-bf17-48c2-aeb2-8aaf9fa35fe9";"bp_number_1095";"bp_type_1095";"name_1095"
"6758c094-dac0-43c1-83e7-f218236e873d";"bp_number_1096";"bp_type_1096";"name_1096"
"1ff2de13-4f29-42b2-8a82-9a7f05727245";"bp_number_1097";"bp_type_1097";"name_1097"
"bbbff2af-d760-485f-85b1-2334de774d40";"bp_number_1098";"bp_type_1098";"name_1098"
"5b4c75f8-af3f-4f8a-8d26-ce0466db95f8";"bp_number_1099";"bp_type_1099";"name_1099"
"4cc9c3bc-05cb-4c44-b7b8-6cf5dce7e44c";"bp_number_1100";"bp_type_1100";"name_1100"
"3c96bb47-7250-4ebd-b079-a20ce6625781";"bp_number_1101";"bp_type_1101";"name_1101"
"f98ec767-4ce0-4f1e-aba3-3ee92a32f6a2";"bp_number_1102";"bp_type_1102";"name_1102"
"4b29c94a-b144-4ec7-9048-549fd6da012a";"bp_number_1103";"bp_type_1103";"name_1103"
"6f7fa765-9916-4a8d-a110-551734c2f2dd";"bp_number_1104";"bp_type_1104";"name_1104"
"dd2cae7a-9d14-4236-987d-0540fcd73845";"bp_number_1105";"bp_type_1105";"name_1105"
"e6c58f48-7b74-4c85-af4b-6d2812b9b9df";"bp_number_1106";"bp_type_1106";"name_1106"
"63f82cca-23d7-40d1-8862-75a113d3678c";"bp_number_1107";"bp_type_1107";"name_1107"
"a4ce5bc9-ac41-4879-b974-e9107cb2d356";"bp_number_1108";"bp_type_1108";"name_1108"
"d31c28f8-33ee-49a7-a14d-95bfebb9696b";"bp_number_1109";"bp_type_1109";"name_1109"
"3a9ecaa2-4395-4a86-bfcc-6c9549aebe4c";"bp_number_1110";"bp_type_1110";"name_1110"
"8c411d2f-72f6-412b-9cc0-41e4de0dc490";"bp_number_1111";"bp_type_1111";"name_1111"
"27717195-4e2b-4732-85e6-a3081784d682";"bp_number_1112";"bp_type_1112";"name_1112"
"146f150d-61db-44c4-879d-919fe0a00595";"bp_number_1113";"bp_type_1113";"name_1113"
"3d256944-958e-4712-bff8-5c8bdf564d0c";"bp_number_1114";"bp_type_1114";"name_1114"
"3ce505cd-5577-41da-bea6-02cac119da87";"bp_number_1115";"bp_type_1115";"name_1115"
"7769cd7c-8987-4f7b-a597-4c83a8eb3599";"bp_number_1116";"bp_type_1116";"name_1116"
"4c4b8edc-10e8-434d-b50b-d7547aadb4e1";"bp_number_1117";"bp_type_1117";"name_1117"
"05e28f52-2d7c-4df2-818b-e5a026b96e46";"bp_number_1118";"bp_type_1118";"name_1118"
"a369c398-bd4b-45c7-8729-c901f7939a53";"bp_number_1119";"bp_type_1119";"name_1119"
"3599ff71-06d7-41be-b419-9b6a3363bd62";"bp_number_1120";"bp_type_1120";"name_1120"
"7373e0bf-462b-4072-83d3-488ac8108c02";"bp_number_1121";"bp_type_1121";"name_1121"
"f5e06bbe-5ba6-4788-a25e-454d45c32b6f";"bp_number_1122";"bp_type_1122";"name_1122"
"dcd21d32-11d9-4130-bd2b-f2c41820ccb3";"bp_number_1123";"bp_type_1123";"name_1123"
"60824025-0f0c-48f9-899d-39042b0368b0";"bp_number_1124";"bp_type_1124";"name_1124"
"e9b2808f-b739-4b81-92c0-06ab2f8e4098";"bp_number_1125";"bp_type_1125";"name_1125"
"ac44b59d-efed-4d41-b53a-9ce5bc766cc8";"bp_number_1126";"bp_type_1126";"name_1126"
"362ad2ca-07e1-402a-b54f-6f6d5b55ed6d";"bp_number_1127";"bp_type_1127";"name_1127"
"dfea9135-a286-47fb-9bb8-b125327e3f3f";"bp_number_1128";"bp_type_1128";"name_1128"
"2d996585-2e38-46ac-8f05-c71ce981b01d";"bp_number_1129";"bp_type_1129";"name_1129"
"94e9ee3f-ca5c-4590-8953-d3e810555793";"bp_number_1130";"bp_type_1130";"name_1130"
"ddd97282-d46a-4b2c-9a4a-270144027656";"bp_number_1131";"bp_type_1131";"name_1131"
"32b4e4c9-c524-4098-ae54-b92f5377f852";"bp_number_1132";"bp_type_1132";"name_1132"
"65e6728c-ccbe-4834-8c56-8ee01623bffe";"bp_number_1133";"bp_type_1133";"name_1133"
"505bc863-1faf-4fff-9eaf-b33170815f71";"bp_number_1134";"bp_type_1134";"name_1134"
"647f0935-4067-4e35-b6f8-19b5c566217e";"bp_number_1135";"bp_type_1135";"name_1135"
"c289ef62-070e-4175-beaf-0f0c59c8fc96";"bp_number_1136";"bp_type_1136";"name_1136"
"f8018418-7dec-473b-80af-d5b702dcaf5b";"bp_number_1137";"bp_type_1137";"name_1137"
"dd0e5bbf-0b8b-41fd-9fff-70409d5afc13";"bp_number_1138";"bp_type_1138";"name_1138"
"afafcdbc-b81c-4bbe-882f-63e599dd3891";"bp_number_1139";"bp_type_1139";"name_1139"
"c7adc14a-565d-4398-88be-4b0a09dd3e3b";"bp_number_1140";"bp_type_1140";"name_1140"
"30534471-206d-4ef5-a171-9041f93fee98";"bp_number_1141";"bp_type_1141";"name_1141"
"25970a0f-70f3-4303-abbf-376f0431aac2";"bp_number_1142";"bp_type_1142";"name_1142"
"a5dd9205-5dc9-4269-890a-0c09922cf8cc";"bp_number_1143";"bp_type_1143";"name_1143"
"3a602dcb-00f2-43f2-8f79-799f8108cdb0";"bp_number_1144";"bp_type_1144";"name_1144"
"fcbf5f2f-decd-48fe-823c-7e4a21b08f2e";"bp_number_1145";"bp_type_1145";"name_1145"
"49f42465-7563-469c-bcad-e6bc99a1188d";"bp_number_1146";"bp_type_1146";"name_1146"
"0aa5e11a-eca5-4c49-8865-47ad9a785279";"bp_number_1147";"bp_type_1147";"name_1147"
"512a801d-6c87-4131-9ae2-747d17095f26";"bp_number_1148";"bp_type_1148";"name_1148"
"fbf6a3b2-e07b-4166-a39e-7fde5137f8d0";"bp_number_1149";"bp_type_1149";"name_1149"
"cd30f6f5-a1c5-4a42-80d7-bc227d5ee754";"bp_number_1150";"bp_type_1150";"name_1150"
"ced0d735-3410-468f-9510-e8a0187cbac9";"bp_number_1151";"bp_type_1151";"name_1151"
"689151ba-03c9-4b54-b8fd-8af3ff720832";"bp_number_1152";"bp_type_1152";"name_1152"
"d620ab42-915d-4c2a-975d-855468c121d2";"bp_number_1153";"bp_type_1153";"name_1153"
"3390625b-d75d-49f9-b833-a4ff0ff455af";"bp_number_1154";"bp_type_1154";"name_1154"
"893f757e-f328-4467-a79f-fcf96f13e1a3";"bp_number_1155";"bp_type_1155";"name_1155"
"f19800d2-b58b-495e-af28-0f8ffe983f16";"bp_number_1156";"bp_type_1156";"name_1156"
"0768dcd5-5d1e-4b20-a82c-f6e832dd44de";"bp_number_1157";"bp_type_1157";"name_1157"
"877c88f1-e1b3-4ae2-9ec4-c3a5fb4bea04";"bp_number_1158";"bp_type_1158";"name_1158"
"ef8fabdb-3e0b-43d8-913e-11155168eea8";"bp_number_1159";"bp_type_1159";"name_1159"
"3a53f28e-acd5-47c3-a37d-76dc9d9442c2";"bp_number_1160";"bp_type_1160";"name_1160"
"5033a860-0302-410c-af76-447ac24cd852";"bp_number_1161";"bp_type_1161";"name_1161"
"5066590c-f76d-44c3-bab7-3297e6416b4e";"bp_number_1162";"bp_type_1162";"name_1162"
"899e481c-68ec-42ef-96f2-20a212ecdcb7";"bp_number_1163";"bp_type_1163";"name_1163"
"7ec4a913-a886-4be5-8c6e-0e4a2d40a7dc";"bp_number_1164";"bp_type_1164";"name_1164"
"9eff7f90-4fca-4710-9d8d-76d2472352e5";"bp_number_1165";"bp_type_1165";"name_1165"
"5e8254a8-1173-4470-bb33-a94335ab4eee";"bp_number_1166";"bp_type_1166";"name_1166"
"e27f681b-32dc-4591-a18d-cf54f771a548";"bp_number_1167";"bp_type_1167";"name_1167"
"f1abba3a-e6fe-42b4-9481-d94dff368553";"bp_number_1168";"bp_type_1168";"name_1168"
"bd727038-3c46-4cba-b620-4dc47738f6fb";"bp_number_1169";"bp_type_1169";"name_1169"
"0b478c3d-66f6-46a0-9c2a-15d645273252";"bp_number_1170";"bp_type_1170";"name_1170"
"ab75136c-92f2-40b6-9c4e-a28507283afd";"bp_number_1171";"bp_type_1171";"name_1171"
"5c034d9c-625f-4249-8e28-358a84a9b1b2";"bp_number_1172";"bp_type_1172";"name_1172"
"ed6de9d3-59e7-41ea-85c0-c6e37e71c7ce";"bp_number_1173";"bp_type_1173";"name_1173"
"898a0a51-38b3-4b93-bf07-8329b4577c5a";"bp_number_1174";"bp_type_1174";"name_1174"
"33347731-916e-42a0-9d06-16a0875edb6d";"bp_number_1175";"bp_type_1175";"name_1175"
"74d2b4ee-0fcd-4c39-bbf6-ad314ddf543c";"bp_number_1176";"bp_type_1176";"name_1176"
"2cecff24-8b06-4975-9f0a-c132ba16ad56";"bp_number_1177";"bp_type_1177";"name_1177"
"6ca09ffc-44c5-41ed-b067-46b845fe36c4";"bp_number_1178";"bp_type_1178";"name_1178"
"878d5449-a2ca-44ed-a0de-6aac4928a84b";"bp_number_1179";"bp_type_1179";"name_1179"
"7ec000ec-68c6-4c3c-bd53-5579519643c8";"bp_number_1180";"bp_type_1180";"name_1180"
"ca989735-bc1a-42ac-8e1c-df02651483da";"bp_number_1181";"bp_type_1181";"name_1181"
"7f220e1e-462a-4053-8b94-912cd78acc42";"bp_number_1182";"bp_type_1182";"name_1182"
"ea0b0aa3-98d5-4808-9f7e-b0c752bc30a9";"bp_number_1183";"bp_type_1183";"name_1183"
"16e947da-9271-4da8-9931-2c43bf4c7f64";"bp_number_1184";"bp_type_1184";"name_1184"
"81fbbdb4-a074-43e0-ba0d-c1cd7ed8699d";"bp_number_1185";"bp_type_1185";"name_1185"
"81d1e6c9-f31a-484b-8bef-78f27308f408";"bp_number_1186";"bp_type_1186";"name_1186"
"8468fb77-9f67-45b0-9324-869de99e086c";"bp_number_1187";"bp_type_1187";"name_1187"
"71eac06e-d424-49e9-8b8d-c24d5343819f";"bp_number_1188";"bp_type_1188";"name_1188"
"694228dd-16b9-493c-8a05-25da7f21fd43";"bp_number_1189";"bp_type_1189";"name_1189"
"a5ecb9e2-a4aa-4989-9cd9-a94b40b94391";"bp_number_1190";"bp_type_1190";"name_1190"
"5978b69f-93a2-4c07-83fe-4fccfd2b11bd";"bp_number_1191";"bp_type_1191";"name_1191"
"57e93668-ecb3-418d-aaee-41c17474be66";"bp_number_1192";"bp_type_1192";"name_1192"
"daefd62a-a2ac-4638-9bbb-d5a40a6c9a0a";"bp_number_1193";"bp_type_1193";"name_1193"
"825e3879-0121-4756-b51d-5a49e71726ba";"bp_number_1194";"bp_type_1194";"name_1194"
"ae0a4edf-6610-4e4a-aff7-f7796e52989b";"bp_number_1195";"bp_type_1195";"name_1195"
"5c9f19da-9ede-4c77-9c20-01b09de12204";"bp_number_1196";"bp_type_1196";"name_1196"
"5ab8911f-2fdf-43c6-89ee-6128c57bcf84";"bp_number_1197";"bp_type_1197";"name_1197"
"2dcd3bd2-02c2-48cc-85fd-9a0132c938f7";"bp_number_1198";"bp_type_1198";"name_1198"
"003c6b0c-7ea2-468b-bf02-b44c139bdf0f";"bp_number_1199";"bp_type_1199";"name_1199"
"d5177f20-c76e-4153-b611-c2a8afef618b";"bp_number_1200";"bp_type_1200";"name_1200"
"3da638a4-98f2-4142-bfee-343996ed0984";"bp_number_1201";"bp_type_1201";"name_1201"
"fccefbc9-a682-4918-b79d-489e7843fa1a";"bp_number_1202";"bp_type_1202";"name_1202"
"32da3f6e-9b56-4a88-b938-246ac6ae24f8";"bp_number_1203";"bp_type_1203";"name_1203"
"8fc50405-8960-4af7-a678-f0ce2c2e749e";"bp_number_1204";"bp_type_1204";"name_1204"
"e9e3296b-07c6-4b7b-bffa-1192277e97ff";"bp_number_1205";"bp_type_1205";"name_1205"
"33eaefdc-ba63-4e0d-b461-b91c2104f360";"bp_number_1206";"bp_type_1206";"name_1206"
"915f9aff-a24e-437f-a627-10d9d30b2bf2";"bp_number_1207";"bp_type_1207";"name_1207"
"552a45b1-9405-4661-b66d-9ea23f9801b6";"bp_number_1208";"bp_type_1208";"name_1208"
"8f677a71-c737-4d7c-bc47-aff6d4d24c69";"bp_number_1209";"bp_type_1209";"name_1209"
"ae369528-4900-41a7-875f-1ea5161f2478";"bp_number_1210";"bp_type_1210";"name_1210"
"b9a9db4c-709c-425d-9801-f2608b5c8f5e";"bp_number_1211";"bp_type_1211";"name_1211"
"c913875c-2655-4727-a3c9-fa56585e0e68";"bp_number_1212";"bp_type_1212";"name_1212"
"76322a11-cabf-40c0-a793-64128b6be1e6";"bp_number_1213";"bp_type_1213";"name_1213"
"fa3bfbdb-4e13-4bf0-8c96-d4be26848934";"bp_number_1214";"bp_type_1214";"name_1214"
"f428d9fb-714e-48c4-9465-1c0ff6d0c274";"bp_number_1215";"bp_type_1215";"name_1215"
"ebd80856-3a6e-4033-bc9d-0609dc795954";"bp_number_1216";"bp_type_1216";"name_1216"
"2b4dcaf8-fa2a-4e58-9ed7-6fa8b6ea8ebc";"bp_number_1217";"bp_type_1217";"name_1217"
"678657af-d5d6-4f72-a358-97ce320f9fee";"bp_number_1218";"bp_type_1218";"name_1218"
"9908a0b9-604e-4488-a911-27173d98e42e";"bp_number_1219";"bp_type_1219";"name_1219"
"1c1a7d0d-893c-4ca9-a7f5-50d4beb32b11";"bp_number_1220";"bp_type_1220";"name_1220"
"4c5fe729-47d4-4ed5-aa01-cec98a9d211d";"bp_number_1221";"bp_type_1221";"name_1221"
"54696195-fe2e-44d1-b724-5c3c4d9de0cb";"bp_number_1222";"bp_type_1222";"name_1222"
"1478f08f-488e-4fa4-be8d-0a0340db62d9";"bp_number_1223";"bp_type_1223";"name_1223"
"4e80f26f-decc-4474-986c-e47632d38542";"bp_number_1224";"bp_type_1224";"name_1224"
"f223c59b-ce7b-423e-b65c-62f452e2e24e";"bp_number_1225";"bp_type_1225";"name_1225"
"acbceffd-6eed-487e-af97-c7202208c266";"bp_number_1226";"bp_type_1226";"name_1226"
"0d94d996-f2b0-4aa4-8b62-6c75dfaa6b8a";"bp_number_1227";"bp_type_1227";"name_1227"
"686195b5-9891-4977-a0c9-6d17a8789d04";"bp_number_1228";"bp_type_1228";"name_1228"
"d7e17cf6-1b3f-4b15-9188-4e1d7068ab80";"bp_number_1229";"bp_type_1229";"name_1229"
"ee32e1e8-ec6d-4845-8b1d-48ab1d4c2e49";"bp_number_1230";"bp_type_1230";"name_1230"
"335c8c1d-4844-4750-984a-0ce8dbc0b04b";"bp_number_1231";"bp_type_1231";"name_1231"
"e2198315-8d5e-49bb-abcd-a0705aec5c8f";"bp_number_1232";"bp_type_1232";"name_1232"
"d8b516b1-bcca-4d59-8d2d-a62e8b2dca87";"bp_number_1233";"bp_type_1233";"name_1233"
"5dbf3267-ef25-4159-8243-57b88026ca63";"bp_number_1234";"bp_type_1234";"name_1234"
"db260d0b-5ac6-43df-8c75-6b6db237ee99";"bp_number_1235";"bp_type_1235";"name_1235"
"ae0553fb-f252-4efa-b94c-d182b23bba88";"bp_number_1236";"bp_type_1236";"name_1236"
"15bb12ee-0ed7-42fb-9fc0-0218c9a52b28";"bp_number_1237";"bp_type_1237";"name_1237"
"814e217c-6cb6-4dcb-afe7-c98ef28fa533";"bp_number_1238";"bp_type_1238";"name_1238"
"d80bc38d-e4b4-4654-acd1-a220a2073a7f";"bp_number_1239";"bp_type_1239";"name_1239"
"4511eb73-6614-4f0e-8869-cd97ce0222dc";"bp_number_1240";"bp_type_1240";"name_1240"
"1a035559-f139-4891-b45f-78251deb4d1c";"bp_number_1241";"bp_type_1241";"name_1241"
"5809bc54-0903-4fc7-af91-79b2815682a4";"bp_number_1242";"bp_type_1242";"name_1242"
"0951b176-44c4-4729-8677-b98a0636abb4";"bp_number_1243";"bp_type_1243";"name_1243"
"e2b820c8-8cba-4dc7-a89b-0164a071e8aa";"bp_number_1244";"bp_type_1244";"name_1244"
"5c964914-9f24-4cd2-b626-97d9cb1a4037";"bp_number_1245";"bp_type_1245";"name_1245"
"fc395049-6839-4587-a1eb-6cc46e275e63";"bp_number_1246";"bp_type_1246";"name_1246"
"2a1ab554-f147-4f06-b223-305ab30675a4";"bp_number_1247";"bp_type_1247";"name_1247"
"a4973a1c-116e-4704-8fa4-cd3de8bffb34";"bp_number_1248";"bp_type_1248";"name_1248"
"d0de19a5-a9c2-4e06-9a24-f926b844fab7";"bp_number_1249";"bp_type_1249";"name_1249"
"e5282cb0-a0e3-4ce0-92e5-aa2877a7f628";"bp_number_1250";"bp_type_1250";"name_1250"
"722ff5ab-782e-49b3-bca1-1be3c1c50552";"bp_number_1251";"bp_type_1251";"name_1251"
"a2419ec7-5417-4a0f-a197-61b8d59d31f1";"bp_number_1252";"bp_type_1252";"name_1252"
"b8803cfe-7aa1-4808-bda8-95ae36789e8c";"bp_number_1253";"bp_type_1253";"name_1253"
"85983071-927b-40f3-bc47-c964f249c200";"bp_number_1254";"bp_type_1254";"name_1254"
"04ceb837-055b-4d71-b834-be69201db8bf";"bp_number_1255";"bp_type_1255";"name_1255"
"da4952a5-8573-465e-9321-a07f2c120573";"bp_number_1256";"bp_type_1256";"name_1256"
"e71ea36d-1942-4fb6-85de-5aa7c0e025d0";"bp_number_1257";"bp_type_1257";"name_1257"
"d828a3bf-b246-44e7-a83b-b044b2a75859";"bp_number_1258";"bp_type_1258";"name_1258"
"4276782b-02a6-48d4-a7ee-80b05e759a33";"bp_number_1259";"bp_type_1259";"name_1259"
"a201bea3-47ab-421d-b854-04a412247815";"bp_number_1260";"bp_type_1260";"name_1260"
"893f2b5c-25d6-4873-af47-8b18d3e4332c";"bp_number_1261";"bp_type_1261";"name_1261"
"c5669543-d8f5-499f-935b-8dee6c88cf92";"bp_number_1262";"bp_type_1262";"name_1262"
"7993689e-9911-4dd7-a34f-c5055570e32e";"bp_number_1263";"bp_type_1263";"name_1263"
"b8b1a1c4-789e-46af-8773-b82a0e5b6fbe";"bp_number_1264";"bp_type_1264";"name_1264"
"3892b538-6bf4-4506-a5f6-4caa3fc2dcb7";"bp_number_1265";"bp_type_1265";"name_1265"
"2b0a5b18-f1f5-47be-905e-47b6ccb5ba94";"bp_number_1266";"bp_type_1266";"name_1266"
"47979392-c706-4580-8a8b-86b66b83c57c";"bp_number_1267";"bp_type_1267";"name_1267"
"77ffafec-b3c1-47b5-bd1b-e1570ff646c4";"bp_number_1268";"bp_type_1268";"name_1268"
"18597bc9-0444-4695-a0f9-3927ac01dbc0";"bp_number_1269";"bp_type_1269";"name_1269"
"663dbaa5-4c81-468c-af14-82ecbf3f74f1";"bp_number_1270";"bp_type_1270";"name_1270"
"c4c56720-f18b-400b-87e5-3ed952a51d2b";"bp_number_1271";"bp_type_1271";"name_1271"
"cf824fd4-4ad5-4635-88cf-454fc8276f74";"bp_number_1272";"bp_type_1272";"name_1272"
"95c03c5d-bb3d-4c75-8b75-79c51fecc69f";"bp_number_1273";"bp_type_1273";"name_1273"
"8f524e89-32bf-4cef-b7e8-44757e92708e";"bp_number_1274";"bp_type_1274";"name_1274"
"d7c2631a-6af9-4d17-bcd1-61442bf0d556";"bp_number_1275";"bp_type_1275";"name_1275"
"cadf4b7f-ad63-4af5-aa96-00e8f62ba471";"bp_number_1276";"bp_type_1276";"name_1276"
"63fcb1ee-50e1-4067-892f-bc3f26035ef2";"bp_number_1277";"bp_type_1277";"name_1277"
"0414d594-fdd5-4c3f-857c-72cae73b8be7";"bp_number_1278";"bp_type_1278";"name_1278"
"329fb801-ac58-4481-af4c-53d2ed0e6092";"bp_number_1279";"bp_type_1279";"name_1279"
"a06cdd5b-ee3f-41e2-aed0-3ed7f755a482";"bp_number_1280";"bp_type_1280";"name_1280"
"c0d2950c-fd0b-4586-ac16-472aabbf233e";"bp_number_1281";"bp_type_1281";"name_1281"
"6b9de3c1-6533-4aa0-9da4-bbee36064df6";"bp_number_1282";"bp_type_1282";"name_1282"
"ca14aead-f79c-4df3-8e71-6c21baadf4ef";"bp_number_1283";"bp_type_1283";"name_1283"
"2615eae5-be50-480a-9cc0-1804efc959eb";"bp_number_1284";"bp_type_1284";"name_1284"
"3a5a85d5-b12c-48b3-93fc-4ebb242db031";"bp_number_1285";"bp_type_1285";"name_1285"
"db4e43a5-2403-4a5f-9ae2-55fdc0a4d84f";"bp_number_1286";"bp_type_1286";"name_1286"
"869eb241-80cd-4d89-90be-c9753b7e8465";"bp_number_1287";"bp_type_1287";"name_1287"
"a9900423-12ed-4d11-b467-843b4edd5001";"bp_number_1288";"bp_type_1288";"name_1288"
"b8096164-ef7a-4508-a191-97e8a28fd084";"bp_number_1289";"bp_type_1289";"name_1289"
"c70a2498-2df6-40ec-a880-da6c6860ecc4";"bp_number_1290";"bp_type_1290";"name_1290"
"fe2824d4-a52e-4fad-a0ba-063079d241b1";"bp_number_1291";"bp_type_1291";"name_1291"
"890bf128-2f6b-4e32-b2a7-6a8b568c7b33";"bp_number_1292";"bp_type_1292";"name_1292"
"9855d6db-b299-433d-8584-b7cac3736b93";"bp_number_1293";"bp_type_1293";"name_1293"
"bfcb84f9-e75c-4507-8349-35e7b486f025";"bp_number_1294";"bp_type_1294";"name_1294"
"8df9eee1-d249-4148-b6fc-8832c3c5a436";"bp_number_1295";"bp_type_1295";"name_1295"
"5bff28da-49ba-4174-992f-9481b51a85ef";"bp_number_1296";"bp_type_1296";"name_1296"
"4a1e59fd-f6bc-45f2-b1cd-aa089eb0cabd";"bp_number_1297";"bp_type_1297";"name_1297"
"d68c3829-c290-4ed8-9341-3e45dce6d585";"bp_number_1298";"bp_type_1298";"name_1298"
"a79333f2-4be6-4d45-9968-bdc85c0e3e6e";"bp_number_1299";"bp_type_1299";"name_1299"
"9efd0076-9041-4eee-9a1f-d4f14e7cf684";"bp_number_1300";"bp_type_1300";"name_1300"
"ab5ba764-47f5-4e8f-86c3-046b374877df";"bp_number_1301";"bp_type_1301";"name_1301"
"5b49147f-8936-473e-9f80-7b11d4517c8a";"bp_number_1302";"bp_type_1302";"name_1302"
"1e155490-32d6-492a-beb2-d6a308d5fbf3";"bp_number_1303";"bp_type_1303";"name_1303"
"061d6e65-77e5-43ea-ad8d-ad9399878bac";"bp_number_1304";"bp_type_1304";"name_1304"
"4fc748ef-693b-47d2-81ab-152be2dd9cb7";"bp_number_1305";"bp_type_1305";"name_1305"
"ec91f83a-dee1-4a33-b8d1-606c84b9bad7";"bp_number_1306";"bp_type_1306";"name_1306"
"1afa48fe-cdbd-44d3-b92c-af510aa564ab";"bp_number_1307";"bp_type_1307";"name_1307"
"07746936-f58e-4467-ae6e-35f270d9a410";"bp_number_1308";"bp_type_1308";"name_1308"
"8ed8c426-2648-4feb-9d6c-749d3fce4026";"bp_number_1309";"bp_type_1309";"name_1309"
"88ab93dc-b95d-419e-b8c0-ad51ce514ade";"bp_number_1310";"bp_type_1310";"name_1310"
"7ea76a60-f840-46a5-b504-b0cb9a762687";"bp_number_1311";"bp_type_1311";"name_1311"
"f0dbc2da-cde8-4922-a454-cf919b71ae3c";"bp_number_1312";"bp_type_1312";"name_1312"
"185ea3de-dfac-492f-8acd-24bec909abb9";"bp_number_1313";"bp_type_1313";"name_1313"
"100c216b-94b9-43c6-805b-9c93790d3c17";"bp_number_1314";"bp_type_1314";"name_1314"
"093a6712-cf81-4f5c-8f05-21fcb7a70e47";"bp_number_1315";"bp_type_1315";"name_1315"
"7442509a-b89a-46a8-8407-dcc2d6cf0bc4";"bp_number_1316";"bp_type_1316";"name_1316"
"733fe6b6-275b-403a-8782-b13c992e500b";"bp_number_1317";"bp_type_1317";"name_1317"
"f64d1bb0-e269-4495-9089-22ef841fd158";"bp_number_1318";"bp_type_1318";"name_1318"
"392e52e2-a4fb-44b9-8c25-41a3c548af0c";"bp_number_1319";"bp_type_1319";"name_1319"
"be8b9157-76ef-4716-a965-ef9be48e742e";"bp_number_1320";"bp_type_1320";"name_1320"
"c94fc134-52f7-45dc-9762-f40cf52b89f5";"bp_number_1321";"bp_type_1321";"name_1321"
"6ac3495c-405b-4405-805f-6b5b33b537f5";"bp_number_1322";"bp_type_1322";"name_1322"
"2d251180-e9b1-4503-90e1-d31275aeabcf";"bp_number_1323";"bp_type_1323";"name_1323"
"f018b995-8338-4d47-807b-7e6d6dfcbae5";"bp_number_1324";"bp_type_1324";"name_1324"
"b19b663d-7cbb-404a-a63e-aace83807163";"bp_number_1325";"bp_type_1325";"name_1325"
"56269496-1265-4c10-bd64-784ea4afa9ad";"bp_number_1326";"bp_type_1326";"name_1326"
"97983eea-e9b7-4eb0-a9ff-fedcdbafdd8b";"bp_number_1327";"bp_type_1327";"name_1327"
"51475972-121b-48e3-907a-c2d2b0eb7352";"bp_number_1328";"bp_type_1328";"name_1328"
"c293e78c-4547-4657-ad4d-15dff16df1f0";"bp_number_1329";"bp_type_1329";"name_1329"
"5c8d5300-8968-49a3-aa53-e172c32c76fb";"bp_number_1330";"bp_type_1330";"name_1330"
"e0d0e793-163e-42f9-a01b-52ee30884fee";"bp_number_1331";"bp_type_1331";"name_1331"
"f112a639-424c-4551-ace3-554c03180749";"bp_number_1332";"bp_type_1332";"name_1332"
"7347c76e-3615-4507-b3ba-ebfd6429ea40";"bp_number_1333";"bp_type_1333";"name_1333"
"e0b4cd15-bbe8-463f-b129-5e2ad1a98d8a";"bp_number_1334";"bp_type_1334";"name_1334"
"7d3523d5-a413-4046-a6b4-9dee546b470d";"bp_number_1335";"bp_type_1335";"name_1335"
"c85c1019-b17e-432c-a1ff-9d01e7b36b96";"bp_number_1336";"bp_type_1336";"name_1336"
"00b94555-1ce0-4801-86d2-d731f87d2844";"bp_number_1337";"bp_type_1337";"name_1337"
"b1877dc7-7829-48bc-82c3-9eff61385995";"bp_number_1338";"bp_type_1338";"name_1338"
"57e3e4da-3d46-4efc-ba01-f828327839d4";"bp_number_1339";"bp_type_1339";"name_1339"
"dc4d9992-7669-4505-a816-cf23391eca0d";"bp_number_1340";"bp_type_1340";"name_1340"
"579fee20-8f42-43a6-80de-0dee325e1458";"bp_number_1341";"bp_type_1341";"name_1341"
"3688358c-a2ea-4335-bc72-a27db5c57074";"bp_number_1342";"bp_type_1342";"name_1342"
"28d54948-b511-47ca-b58b-758f1d9d6702";"bp_number_1343";"bp_type_1343";"name_1343"
"8a17d8c9-96b9-4315-b015-82d51b64f3bf";"bp_number_1344";"bp_type_1344";"name_1344"
"08e09821-63af-4085-94e7-1864b691c0f2";"bp_number_1345";"bp_type_1345";"name_1345"
"4efd622f-8625-4863-8034-1be732b05bcc";"bp_number_1346";"bp_type_1346";"name_1346"
"a6b532dc-65eb-4ff9-a915-cf0fd6b2232e";"bp_number_1347";"bp_type_1347";"name_1347"
"49849b6c-731a-4338-904c-f974656ad631";"bp_number_1348";"bp_type_1348";"name_1348"
"71da3dcb-d336-420e-8705-b00caa314865";"bp_number_1349";"bp_type_1349";"name_1349"
"69bb1984-ed91-4fad-9009-5aee42b0dad4";"bp_number_1350";"bp_type_1350";"name_1350"
"02668862-348f-44d5-a4aa-9f7717aaff77";"bp_number_1351";"bp_type_1351";"name_1351"
"69d022c0-fd1d-4295-bc21-dd05fecad50c";"bp_number_1352";"bp_type_1352";"name_1352"
"1499d0ee-6647-4ce1-8e63-d750b22821a7";"bp_number_1353";"bp_type_1353";"name_1353"
"167a2712-330d-4244-826d-131005fdb007";"bp_number_1354";"bp_type_1354";"name_1354"
"2486e4f6-3773-497c-abeb-09439982c52c";"bp_number_1355";"bp_type_1355";"name_1355"
"25b9a69c-8e32-43f7-b052-97766b5d7a05";"bp_number_1356";"bp_type_1356";"name_1356"
"b09755cf-50a2-4969-82f0-e733a3946bf6";"bp_number_1357";"bp_type_1357";"name_1357"
"2d974c7d-c327-4158-8180-e6295c7956d1";"bp_number_1358";"bp_type_1358";"name_1358"
"9c083656-f596-44e6-baab-6805cf64ff9f";"bp_number_1359";"bp_type_1359";"name_1359"
"595d4370-3818-476d-a9f7-b296f88e3e2c";"bp_number_1360";"bp_type_1360";"name_1360"
"4d4a7554-547c-4e3e-97be-6a0837ab6867";"bp_number_1361";"bp_type_1361";"name_1361"
"17f72062-d687-4000-95ef-8856d2a08597";"bp_number_1362";"bp_type_1362";"name_1362"
"cc2b27be-a384-4f38-b447-75e35a6f6c07";"bp_number_1363";"bp_type_1363";"name_1363"
"ab10087b-7de7-4395-bea2-120c6b7a5d6c";"bp_number_1364";"bp_type_1364";"name_1364"
"f9cad65e-e168-49bc-98b6-836771bfee70";"bp_number_1365";"bp_type_1365";"name_1365"
"4b36a744-14d2-4c4d-a44f-3e757749be5d";"bp_number_1366";"bp_type_1366";"name_1366"
"497394f3-9335-4d9f-a587-cb8dcf821301";"bp_number_1367";"bp_type_1367";"name_1367"
"8e13bdbb-b29a-4ba2-938c-302458a931bd";"bp_number_1368";"bp_type_1368";"name_1368"
"f7309751-01ce-4d97-be17-b5a4efb2cb9a";"bp_number_1369";"bp_type_1369";"name_1369"
"933723ba-8506-4423-b784-4d143d0bb271";"bp_number_1370";"bp_type_1370";"name_1370"
"b19b2ae0-64e4-4b08-a725-7904cca86144";"bp_number_1371";"bp_type_1371";"name_1371"
"f8929a62-8790-4905-a3f8-3b9833618910";"bp_number_1372";"bp_type_1372";"name_1372"
"b5f1a835-7337-4d77-9e4a-5f105a1f34f1";"bp_number_1373";"bp_type_1373";"name_1373"
"8af71b67-517c-439f-aece-f117a09bbef5";"bp_number_1374";"bp_type_1374";"name_1374"
"cad4314b-637c-44bd-a8e3-f0e08f16f230";"bp_number_1375";"bp_type_1375";"name_1375"
"9d1bb71b-731c-43fc-a327-867329590bf8";"bp_number_1376";"bp_type_1376";"name_1376"
"cc319738-6c21-40b0-9c57-56cb4f188530";"bp_number_1377";"bp_type_1377";"name_1377"
"56023727-317f-43db-99c7-f594d5fd45c5";"bp_number_1378";"bp_type_1378";"name_1378"
"808a8e26-09fa-42f7-bc4a-8744236eb260";"bp_number_1379";"bp_type_1379";"name_1379"
"2668d54d-1256-4ceb-bb57-a19ad2c320b0";"bp_number_1380";"bp_type_1380";"name_1380"
"2109ec97-d884-4897-9b21-2bd985c4cb2f";"bp_number_1381";"bp_type_1381";"name_1381"
"14df2ee8-0b0f-46cc-ac0b-643dbf1643db";"bp_number_1382";"bp_type_1382";"name_1382"
"6fdd86dd-93ac-4e4d-a2e3-553e05b68163";"bp_number_1383";"bp_type_1383";"name_1383"
"d69fe322-9dcd-4aeb-a4db-a76bf5bbdad7";"bp_number_1384";"bp_type_1384";"name_1384"
"04bae4b5-4b8d-4dae-80bd-d88a0cefe18f";"bp_number_1385";"bp_type_1385";"name_1385"
"fe06f6fb-d945-4196-b906-c1a4a2268093";"bp_number_1386";"bp_type_1386";"name_1386"
"ac4a0e2c-bbb1-4b14-80b6-9d615d59a624";"bp_number_1387";"bp_type_1387";"name_1387"
"497f1945-567f-4f80-b386-9b337092fd9a";"bp_number_1388";"bp_type_1388";"name_1388"
"2bb4d9a0-cbeb-467b-ba74-507a74c2f218";"bp_number_1389";"bp_type_1389";"name_1389"
"6b84eff8-f6b5-4ae5-9965-9b2b1d826fcb";"bp_number_1390";"bp_type_1390";"name_1390"
"c3054485-b91c-4e0a-8944-0b5a31e8dedb";"bp_number_1391";"bp_type_1391";"name_1391"
"b469a6be-d75f-409f-a14f-a69fee3de8c9";"bp_number_1392";"bp_type_1392";"name_1392"
"97125ca3-a2e0-468f-acce-50a8e000c8d2";"bp_number_1393";"bp_type_1393";"name_1393"
"aa00e46c-c897-438e-81c4-2bbdb7e76330";"bp_number_1394";"bp_type_1394";"name_1394"
"54a5e8a0-1b6d-4692-92e6-ab27abdf5678";"bp_number_1395";"bp_type_1395";"name_1395"
"142f3f12-e9ec-4b99-b553-d33cdbc1c250";"bp_number_1396";"bp_type_1396";"name_1396"
"b4c13704-9901-4db7-8b5e-3213f4533c5b";"bp_number_1397";"bp_type_1397";"name_1397"
"b8229285-447b-4bcc-b21c-989b8d51e068";"bp_number_1398";"bp_type_1398";"name_1398"
"fc8df36d-5b46-4292-b084-dd6e1ec5a4bd";"bp_number_1399";"bp_type_1399";"name_1399"
"06788ea7-e1ae-4ba3-8cd2-c4f4014ad931";"bp_number_1400";"bp_type_1400";"name_1400"
"f85bbdf3-fe7e-498c-9ee6-f457a981752f";"bp_number_1401";"bp_type_1401";"name_1401"
"f99dc445-a593-467c-8367-e50618154cd0";"bp_number_1402";"bp_type_1402";"name_1402"
"7cbfe958-5bf7-4203-bb8a-85e5107bfeb9";"bp_number_1403";"bp_type_1403";"name_1403"
"e264215a-c1fb-400f-95e9-81edd909137a";"bp_number_1404";"bp_type_1404";"name_1404"
"866e7567-a539-4ad9-82da-8ace3f1ed69b";"bp_number_1405";"bp_type_1405";"name_1405"
"39602457-8d93-4724-b0d1-fcd0d8962045";"bp_number_1406";"bp_type_1406";"name_1406"
"73824aae-866d-4351-a546-ffc50901f84f";"bp_number_1407";"bp_type_1407";"name_1407"
"90038934-4be2-49d4-8cf4-af1b8865ec1f";"bp_number_1408";"bp_type_1408";"name_1408"
"26e53ff2-2839-4ed6-9081-bda760763fc9";"bp_number_1409";"bp_type_1409";"name_1409"
"6b20edf7-0f17-48d1-b1d5-968e2aedba1f";"bp_number_1410";"bp_type_1410";"name_1410"
"0cde7362-3ebf-47ac-85e2-27f5437deffa";"bp_number_1411";"bp_type_1411";"name_1411"
"11ea20ee-996c-4364-9a5c-dd5ff4ad9ea1";"bp_number_1412";"bp_type_1412";"name_1412"
"199cc6ad-3353-4dea-9887-26bac9a5438c";"bp_number_1413";"bp_type_1413";"name_1413"
"26d5a78b-275e-46b8-97fe-1e2308df33b1";"bp_number_1414";"bp_type_1414";"name_1414"
"a5c03ca0-71c7-4ae5-8e4f-2b5ae4e7955a";"bp_number_1415";"bp_type_1415";"name_1415"
"e56fda1d-3c39-4cdc-9001-843d8fc3637c";"bp_number_1416";"bp_type_1416";"name_1416"
"a5f4e5d4-2822-49d4-9756-605d926fc95c";"bp_number_1417";"bp_type_1417";"name_1417"
"506c19fe-aca0-4254-b857-098aad4fc3d6";"bp_number_1418";"bp_type_1418";"name_1418"
"97abd627-56aa-4443-8582-d6a28fe8163f";"bp_number_1419";"bp_type_1419";"name_1419"
"4814e0e6-e05b-4937-a20e-d84e09a9481a";"bp_number_1420";"bp_type_1420";"name_1420"
"67fad2c1-e26c-4ccc-be32-98d2cc52b2d8";"bp_number_1421";"bp_type_1421";"name_1421"
"e38f1d4c-27bd-4ca0-be40-8b2104ce6eab";"bp_number_1422";"bp_type_1422";"name_1422"
"2bd1d7db-5299-41d6-ac47-36d4a57bef11";"bp_number_1423";"bp_type_1423";"name_1423"
"3f5961d9-a434-4d8b-87a2-38f991d36cd9";"bp_number_1424";"bp_type_1424";"name_1424"
"97631c98-32b8-423c-a950-d07fb9f7a9d1";"bp_number_1425";"bp_type_1425";"name_1425"
"a25002bc-c068-4ea6-b0e0-f2dc3d3edeff";"bp_number_1426";"bp_type_1426";"name_1426"
"4ff0cd4b-bb54-4527-8ef9-eca5249bba6c";"bp_number_1427";"bp_type_1427";"name_1427"
"09fc7be0-5b8d-4608-b15f-af08299383a5";"bp_number_1428";"bp_type_1428";"name_1428"
"178c260a-a387-4cb0-9bd4-62024c6726e4";"bp_number_1429";"bp_type_1429";"name_1429"
"9968ae59-0bed-40ca-947d-216bffe7b0b0";"bp_number_1430";"bp_type_1430";"name_1430"
"3d4120ef-b23c-447d-aa3b-acb3330f250e";"bp_number_1431";"bp_type_1431";"name_1431"
"868dfcc9-3897-4863-98da-00883f9ce0f3";"bp_number_1432";"bp_type_1432";"name_1432"
"40ea1222-65c8-43a7-9e61-1b7fd1dd7b11";"bp_number_1433";"bp_type_1433";"name_1433"
"575e1430-485a-4144-950b-8cc71dd8a2d2";"bp_number_1434";"bp_type_1434";"name_1434"
"c0120c8e-c396-4fde-934c-c2b3d536ab82";"bp_number_1435";"bp_type_1435";"name_1435"
"46810783-44db-436f-8b92-922b18c14f3f";"bp_number_1436";"bp_type_1436";"name_1436"
"a8bda948-b886-4ed8-b218-d702b767b4bc";"bp_number_1437";"bp_type_1437";"name_1437"
"07f75fe2-8991-486d-b118-88b28c8550c8";"bp_number_1438";"bp_type_1438";"name_1438"
"a90d2791-bfa2-48d0-b7fa-518b6564d040";"bp_number_1439";"bp_type_1439";"name_1439"
"3dbc0c0c-9e46-4c4c-a6b6-a3f356b88ebd";"bp_number_1440";"bp_type_1440";"name_1440"
"082cdb08-455b-4e49-afc5-35038f92fb9f";"bp_number_1441";"bp_type_1441";"name_1441"
"95537d94-9fa7-4db2-b7e7-20ab8830146a";"bp_number_1442";"bp_type_1442";"name_1442"
"ee977767-9361-4e4f-bde9-001696b49383";"bp_number_1443";"bp_type_1443";"name_1443"
"f90b6c2d-d3cf-4eac-8985-6efee5409fe9";"bp_number_1444";"bp_type_1444";"name_1444"
"23b56a33-507f-498f-be9c-afad301ecf87";"bp_number_1445";"bp_type_1445";"name_1445"
"25052f47-659a-4042-b9e9-0b1b4f37dcd9";"bp_number_1446";"bp_type_1446";"name_1446"
"83e0754d-38a4-4306-8549-0496cc6cf900";"bp_number_1447";"bp_type_1447";"name_1447"
"c8064bf1-3440-4dcb-8aba-ea232638427f";"bp_number_1448";"bp_type_1448";"name_1448"
"7c9bfa69-e27b-4967-a968-88c9b822b3ac";"bp_number_1449";"bp_type_1449";"name_1449"
"3f29984c-db7b-4219-86d9-3275e79de0d4";"bp_number_1450";"bp_type_1450";"name_1450"
"1b3506a0-ad69-4b82-9c0f-0c32668955f6";"bp_number_1451";"bp_type_1451";"name_1451"
"56764dfe-c414-4fe9-9aa5-24c2934de6b7";"bp_number_1452";"bp_type_1452";"name_1452"
"07ad824b-bc76-4d6f-8202-16d1a8902ec1";"bp_number_1453";"bp_type_1453";"name_1453"
"8be0ad16-c8e0-43ea-b104-1202413edd74";"bp_number_1454";"bp_type_1454";"name_1454"
"1e71a8b6-8213-4c6a-9bb5-a54186c61da8";"bp_number_1455";"bp_type_1455";"name_1455"
"7ef506db-3451-44ea-a36a-eee0c0ec538e";"bp_number_1456";"bp_type_1456";"name_1456"
"5a94325c-0762-486f-b9b7-228cc61b5e88";"bp_number_1457";"bp_type_1457";"name_1457"
"3add1206-3879-49a2-86e7-27b7eca53c7e";"bp_number_1458";"bp_type_1458";"name_1458"
"f1b53a82-1324-4afc-bb7b-ef1796696281";"bp_number_1459";"bp_type_1459";"name_1459"
"51d5bb25-6c03-48c4-a51b-293265b44cf8";"bp_number_1460";"bp_type_1460";"name_1460"
"0ab50866-57a0-4e4e-9160-6393ead83d48";"bp_number_1461";"bp_type_1461";"name_1461"
"5c013036-3ab7-42da-9812-64f80816bc6f";"bp_number_1462";"bp_type_1462";"name_1462"
"621dc6f5-bc92-4f2d-b8e1-5598524fefae";"bp_number_1463";"bp_type_1463";"name_1463"
"5a78631a-2c3e-403f-a403-7ce63e8057e5";"bp_number_1464";"bp_type_1464";"name_1464"
"f0283ede-b04a-420d-af2f-428dae7e5fb8";"bp_number_1465";"bp_type_1465";"name_1465"
"d6fa9e10-5939-4876-b363-b7fbe587e604";"bp_number_1466";"bp_type_1466";"name_1466"
"5068e159-c732-4041-a9d5-45fdd76c67ba";"bp_number_1467";"bp_type_1467";"name_1467"
"d7b8f6fd-8b4c-426e-bb89-362ef7c30e0a";"bp_number_1468";"bp_type_1468";"name_1468"
"159db65b-a718-4b62-829a-385f543d71d0";"bp_number_1469";"bp_type_1469";"name_1469"
"113fb382-21d8-43da-a0bf-2082cee7b50a";"bp_number_1470";"bp_type_1470";"name_1470"
"fd643399-67fe-4311-8496-b45be7021130";"bp_number_1471";"bp_type_1471";"name_1471"
"871f6a75-ad8e-4b38-91af-c79b55c2c57e";"bp_number_1472";"bp_type_1472";"name_1472"
"f1fdec32-1169-49db-8bb7-4b70f93ff47d";"bp_number_1473";"bp_type_1473";"name_1473"
"c0f46644-db3a-4276-acd0-0f6217564fc4";"bp_number_1474";"bp_type_1474";"name_1474"
"23e4adf1-b679-40cb-974c-fdb990b6c209";"bp_number_1475";"bp_type_1475";"name_1475"
"312292a9-6791-4432-b58b-2d251a112162";"bp_number_1476";"bp_type_1476";"name_1476"
"c847d0b1-ceb6-4d16-8553-d25f3ea81a75";"bp_number_1477";"bp_type_1477";"name_1477"
"a5d44c01-dded-4f75-81da-c90dd232cc50";"bp_number_1478";"bp_type_1478";"name_1478"
"2be81eb5-a170-4242-81c9-03557f9256f9";"bp_number_1479";"bp_type_1479";"name_1479"
"8068e797-28b4-4fdd-81d9-ff23c8741d43";"bp_number_1480";"bp_type_1480";"name_1480"
"bc3de3e0-5670-40ec-a0dc-6083ac4eaf95";"bp_number_1481";"bp_type_1481";"name_1481"
"c82fc01b-7389-4f8d-9810-49045cadb4e6";"bp_number_1482";"bp_type_1482";"name_1482"
"0389a72b-b89c-470c-82e2-ce4226ec9227";"bp_number_1483";"bp_type_1483";"name_1483"
"7cba6a47-8a60-4c75-915c-ad611b1c6b13";"bp_number_1484";"bp_type_1484";"name_1484"
"9c9e0a87-7cee-4d0e-9fa3-5703077fc568";"bp_number_1485";"bp_type_1485";"name_1485"
"d8b32633-5f33-4e3b-b697-993bbeddb1d8";"bp_number_1486";"bp_type_1486";"name_1486"
"0561cf15-8e64-4895-a3a2-f07d78877179";"bp_number_1487";"bp_type_1487";"name_1487"
"db885e11-aa30-4567-9dcf-a14ce85b4c44";"bp_number_1488";"bp_type_1488";"name_1488"
"7c1ca68f-0fc4-43dd-a34c-8529692d7467";"bp_number_1489";"bp_type_1489";"name_1489"
"b4a60370-75dd-4e54-9d2f-88f8d886477e";"bp_number_1490";"bp_type_1490";"name_1490"
"4719bdf4-531b-408c-93b5-24e8c84ae7bb";"bp_number_1491";"bp_type_1491";"name_1491"
"b9d2810f-4294-46c8-9931-aabb1b021d9c";"bp_number_1492";"bp_type_1492";"name_1492"
"10ccd5f9-c7c8-403d-b064-ffa6a3963365";"bp_number_1493";"bp_type_1493";"name_1493"
"2610623e-44f7-40f2-996f-0238a930a1ad";"bp_number_1494";"bp_type_1494";"name_1494"
"79ee5176-e026-47bc-92e7-12348a9c2128";"bp_number_1495";"bp_type_1495";"name_1495"
"cf5b0d78-8cdf-42f4-9086-dc9a5b38ad8c";"bp_number_1496";"bp_type_1496";"name_1496"
"7b3870dc-1721-4f5f-82b9-fe27e5ff10f0";"bp_number_1497";"bp_type_1497";"name_1497"
"2e7af699-a848-47cf-8c43-5f8733bf6bc3";"bp_number_1498";"bp_type_1498";"name_1498"
"de435a87-f255-4bc4-9778-745f3c46e786";"bp_number_1499";"bp_type_1499";"name_1499"
"631c6774-0de7-4253-a43a-cc9332b45c69";"bp_number_1500";"bp_type_1500";"name_1500"
"504f6b99-d316-42dc-b46c-8d7cc8dc1374";"bp_number_1501";"bp_type_1501";"name_1501"
"437f9117-903f-43c4-a5e1-6cdb2e0b01a0";"bp_number_1502";"bp_type_1502";"name_1502"
"4f728263-95b8-4b72-920e-eea177afc215";"bp_number_1503";"bp_type_1503";"name_1503"
"ed7ca18c-ec2a-41a5-8d10-34ca1458f9a5";"bp_number_1504";"bp_type_1504";"name_1504"
"fe0cbd75-9f0a-497d-b524-5e36e117c58f";"bp_number_1505";"bp_type_1505";"name_1505"
"1ec64293-a512-41f5-b0f3-373eb5ae168d";"bp_number_1506";"bp_type_1506";"name_1506"
"e497857a-9281-4e45-9ae8-46e1edf9cb29";"bp_number_1507";"bp_type_1507";"name_1507"
"7303c828-e6d7-4e35-9099-85293d542166";"bp_number_1508";"bp_type_1508";"name_1508"
"339d9799-1de9-4400-a9ee-559524b26f08";"bp_number_1509";"bp_type_1509";"name_1509"
"752161c5-017f-4b0f-869e-cfb13fb00445";"bp_number_1510";"bp_type_1510";"name_1510"
"061b1342-510d-408a-b585-db07a65541b9";"bp_number_1511";"bp_type_1511";"name_1511"
"f131098e-f77c-4df5-a683-3e4ca88ba88d";"bp_number_1512";"bp_type_1512";"name_1512"
"07ef4fbe-c9c0-4f76-9b8a-1e5fc32fc3d4";"bp_number_1513";"bp_type_1513";"name_1513"
"10464e88-8786-4f50-a9e4-c6f5fb11e020";"bp_number_1514";"bp_type_1514";"name_1514"
"87c38dec-9c7f-4a54-80de-082aef0b8bf5";"bp_number_1515";"bp_type_1515";"name_1515"
"bd595446-5b1b-4827-85bb-3d4e6dfd4b4a";"bp_number_1516";"bp_type_1516";"name_1516"
"52e6100e-9cdb-46f1-8aa1-3feac9570aad";"bp_number_1517";"bp_type_1517";"name_1517"
"eb2aeca3-bdbb-4b0e-8521-ce22c0964c6c";"bp_number_1518";"bp_type_1518";"name_1518"
"2d987165-6bf2-4f1a-9c63-387c72ecba34";"bp_number_1519";"bp_type_1519";"name_1519"
"e65224c9-e06d-4edc-b514-877d28452904";"bp_number_1520";"bp_type_1520";"name_1520"
"644450b6-56c0-4f14-97dc-0b216d83d7d8";"bp_number_1521";"bp_type_1521";"name_1521"
"1c390cc2-f6d2-4ac5-a686-55dd8ab798d0";"bp_number_1522";"bp_type_1522";"name_1522"
"cf12531c-3f78-4cdc-b20e-097f7815c06c";"bp_number_1523";"bp_type_1523";"name_1523"
"d1b709fa-e9a4-45a3-9268-b980e42354b9";"bp_number_1524";"bp_type_1524";"name_1524"
"5ffbaf64-af67-4c17-bee1-0867feaf3253";"bp_number_1525";"bp_type_1525";"name_1525"
"d1a563eb-6ba0-46a3-8d47-6ceccfe62c00";"bp_number_1526";"bp_type_1526";"name_1526"
"584837ea-c3ed-4e15-858c-123892e0c237";"bp_number_1527";"bp_type_1527";"name_1527"
"54b11e25-b203-47e3-9c82-a04d6bd8dda5";"bp_number_1528";"bp_type_1528";"name_1528"
"9f4db1ac-aaad-4823-8aee-25db8f9880d9";"bp_number_1529";"bp_type_1529";"name_1529"
"08d9daaf-3c15-4ef5-bee5-a5cb20cb79dd";"bp_number_1530";"bp_type_1530";"name_1530"
"16e6943f-a4fc-42ce-9f0f-1495f0afcae8";"bp_number_1531";"bp_type_1531";"name_1531"
"b42f6289-985d-4d4b-a0ee-540dbc73566b";"bp_number_1532";"bp_type_1532";"name_1532"
"43067038-6727-4e93-ba39-d53ce5dd1ed9";"bp_number_1533";"bp_type_1533";"name_1533"
"577c82aa-fd61-48d0-97d5-7afceff132fe";"bp_number_1534";"bp_type_1534";"name_1534"
"a2391bfb-dbb8-4f27-957c-cc222f189d81";"bp_number_1535";"bp_type_1535";"name_1535"
"066b99eb-549f-4fd5-8745-af47d876160c";"bp_number_1536";"bp_type_1536";"name_1536"
"c08b9dd3-b293-4668-ad19-d6c582619c34";"bp_number_1537";"bp_type_1537";"name_1537"
"a9feeb61-546b-461c-ad63-e71f8ebf1e7d";"bp_number_1538";"bp_type_1538";"name_1538"
"2ddf0337-2c56-4154-87e0-b8512d14df52";"bp_number_1539";"bp_type_1539";"name_1539"
"baf4909c-3a19-41e3-baeb-c7573505d539";"bp_number_1540";"bp_type_1540";"name_1540"
"772a51b7-38fd-4e24-99da-b8e686afccd0";"bp_number_1541";"bp_type_1541";"name_1541"
"8f8c08e1-b159-42a9-a698-615e0b6b4251";"bp_number_1542";"bp_type_1542";"name_1542"
"7d8c74e9-9acd-43f1-8534-48bcec2eb404";"bp_number_1543";"bp_type_1543";"name_1543"
"c3c0bfd8-5178-4859-9f97-bfbb06e58dcf";"bp_number_1544";"bp_type_1544";"name_1544"
"2421dda0-1bc0-40a7-bbbd-674210ddd088";"bp_number_1545";"bp_type_1545";"name_1545"
"fc12bbbe-6371-48f4-8825-4271ad03f158";"bp_number_1546";"bp_type_1546";"name_1546"
"f6ddb2bd-00ab-43f4-bad8-60401db6885e";"bp_number_1547";"bp_type_1547";"name_1547"
"24a1003e-ef20-492d-b233-74330b0b2758";"bp_number_1548";"bp_type_1548";"name_1548"
"57995571-4876-4400-98c8-14645f62c788";"bp_number_1549";"bp_type_1549";"name_1549"
"3c61d176-f9b8-4cb4-9d1a-548eb195d984";"bp_number_1550";"bp_type_1550";"name_1550"
"e4186c4d-4350-4b8f-a2d1-9f077366c677";"bp_number_1551";"bp_type_1551";"name_1551"
"3621e874-4040-494c-98d9-dfc825dbf0ee";"bp_number_1552";"bp_type_1552";"name_1552"
"c06b5df5-db89-48a7-8856-61751eb6dcd5";"bp_number_1553";"bp_type_1553";"name_1553"
"2e4e4796-0c06-44c2-9b50-3b6f6357d68b";"bp_number_1554";"bp_type_1554";"name_1554"
"8e375e42-2e39-4bfe-9afe-72907f013927";"bp_number_1555";"bp_type_1555";"name_1555"
"490a1878-c839-4df7-af30-b50504c517e2";"bp_number_1556";"bp_type_1556";"name_1556"
"85c4c696-c0e6-4dd7-bcbc-d3207038cff6";"bp_number_1557";"bp_type_1557";"name_1557"
"977d61ce-909e-4c96-950a-a5463df66647";"bp_number_1558";"bp_type_1558";"name_1558"
"dbf5a0b4-6e72-483b-9f24-4f5dfb0a45cb";"bp_number_1559";"bp_type_1559";"name_1559"
"d1e84342-c039-4f2f-8fe6-e9e9ab6279af";"bp_number_1560";"bp_type_1560";"name_1560"
"818f5e5f-84cb-402a-bba1-ed5a1fbe1450";"bp_number_1561";"bp_type_1561";"name_1561"
"ea799a34-dc0a-49a9-a42f-02f3a76c1297";"bp_number_1562";"bp_type_1562";"name_1562"
"86a882e7-3c43-4540-a034-573c572f2760";"bp_number_1563";"bp_type_1563";"name_1563"
"aa945758-35e7-4e29-aab1-94750a5d63f5";"bp_number_1564";"bp_type_1564";"name_1564"
"fd37c430-1491-4065-9e0c-be60b82dc11e";"bp_number_1565";"bp_type_1565";"name_1565"
"69a8eca3-cf3a-4038-823e-bdc33c834b50";"bp_number_1566";"bp_type_1566";"name_1566"
"c92583f7-01e9-4908-ad07-5c9a7afe06fa";"bp_number_1567";"bp_type_1567";"name_1567"
"cd37ff11-553e-412c-8648-6d615038f556";"bp_number_1568";"bp_type_1568";"name_1568"
"4721b677-96b2-4130-afe4-4e31abf12293";"bp_number_1569";"bp_type_1569";"name_1569"
"18a69611-389d-4b15-9a0a-e7c989c7cc7d";"bp_number_1570";"bp_type_1570";"name_1570"
"49cbb1c2-d0bb-4d90-8048-87db7a006663";"bp_number_1571";"bp_type_1571";"name_1571"
"b426a8e4-a2ec-49f1-936b-5572c5e8c138";"bp_number_1572";"bp_type_1572";"name_1572"
"1ee19bea-2b7d-4675-ac2d-2a4b90868eed";"bp_number_1573";"bp_type_1573";"name_1573"
"8c4a37e2-feac-4665-8acf-aa233f4e746f";"bp_number_1574";"bp_type_1574";"name_1574"
"c0509846-4107-4ba4-ac36-c0705f51cece";"bp_number_1575";"bp_type_1575";"name_1575"
"9dcd6462-052c-4272-a597-84d187ebc740";"bp_number_1576";"bp_type_1576";"name_1576"
"60c74cfd-e417-4896-b872-3e41c916bf29";"bp_number_1577";"bp_type_1577";"name_1577"
"911550b2-5116-4d33-8182-4a69a886bfc4";"bp_number_1578";"bp_type_1578";"name_1578"
"3af5dac9-5f5f-4c1a-83ed-3b3ad1773313";"bp_number_1579";"bp_type_1579";"name_1579"
"765e6e80-b589-45a7-9ab5-18081d2bf392";"bp_number_1580";"bp_type_1580";"name_1580"
"f8b2bf8a-9697-4e71-86c8-921bcbd11700";"bp_number_1581";"bp_type_1581";"name_1581"
"5746250e-0227-4051-a364-dab88c4d0580";"bp_number_1582";"bp_type_1582";"name_1582"
"fd1ee98e-523b-454b-b402-84062f5ebda3";"bp_number_1583";"bp_type_1583";"name_1583"
"d05431f5-ec85-4333-b9d2-4a421448afdb";"bp_number_1584";"bp_type_1584";"name_1584"
"ed6af793-efcd-4dc5-83bd-1da73b711dd9";"bp_number_1585";"bp_type_1585";"name_1585"
"1b9e8e73-6f0a-4b04-84d8-c2f7e0ec6340";"bp_number_1586";"bp_type_1586";"name_1586"
"e29eea85-3fe5-4d73-9637-e1d15bdeb203";"bp_number_1587";"bp_type_1587";"name_1587"
"1cf93b46-8797-4348-a722-b518ef127237";"bp_number_1588";"bp_type_1588";"name_1588"
"fabbd3d6-1568-4290-a160-d352320241f8";"bp_number_1589";"bp_type_1589";"name_1589"
"c11a85b9-4522-4a43-a31d-10e147a98ac2";"bp_number_1590";"bp_type_1590";"name_1590"
"396113dd-cbf3-4a07-b754-ec9f9ea76458";"bp_number_1591";"bp_type_1591";"name_1591"
"a05a7a09-3ad1-4a30-9159-1c3e56430cce";"bp_number_1592";"bp_type_1592";"name_1592"
"03999c73-05c3-4ed8-8b65-9d2519463412";"bp_number_1593";"bp_type_1593";"name_1593"
"19bdf8aa-ca84-4d34-b832-425cca37b207";"bp_number_1594";"bp_type_1594";"name_1594"
"9115cb33-faea-4829-97a8-22bf15d2b605";"bp_number_1595";"bp_type_1595";"name_1595"
"30a9ae0a-8479-4f51-a2bb-ee018c9c9ec2";"bp_number_1596";"bp_type_1596";"name_1596"
"d56d1441-81e4-416b-babc-57e5c4db20f9";"bp_number_1597";"bp_type_1597";"name_1597"
"fe9e4295-3a54-4f7f-8254-7cb910b67201";"bp_number_1598";"bp_type_1598";"name_1598"
"fb35eeb3-7bea-4845-a7f9-60f0a9d35ae8";"bp_number_1599";"bp_type_1599";"name_1599"
"fced2f79-5d76-4f69-9156-51bd359fe7c2";"bp_number_1600";"bp_type_1600";"name_1600"
"20fdf44f-7fd0-4a43-a756-12254989402d";"bp_number_1601";"bp_type_1601";"name_1601"
"fc26091f-a828-4165-9cd7-d324f3cb034d";"bp_number_1602";"bp_type_1602";"name_1602"
"02591a87-3431-4261-9e12-1e0c3261e106";"bp_number_1603";"bp_type_1603";"name_1603"
"e3666108-9368-4bd0-80ef-b3c625dc55c8";"bp_number_1604";"bp_type_1604";"name_1604"
"65c52461-76c9-45d6-856c-799d08ab111a";"bp_number_1605";"bp_type_1605";"name_1605"
"1fb97223-c116-485e-a935-7bf0c7351ed4";"bp_number_1606";"bp_type_1606";"name_1606"
"b6ad72b3-40a1-4575-a380-28b001b75032";"bp_number_1607";"bp_type_1607";"name_1607"
"4dac8092-27eb-4786-af2c-64a55dce8e52";"bp_number_1608";"bp_type_1608";"name_1608"
"48e6def8-f770-4882-8e31-10baaceb4f45";"bp_number_1609";"bp_type_1609";"name_1609"
"c0e70c2b-9c28-4bbd-a731-0cfbc2c486dc";"bp_number_1610";"bp_type_1610";"name_1610"
"80673adb-35ba-46df-b808-3daec6dcaa37";"bp_number_1611";"bp_type_1611";"name_1611"
"19e1a8f9-2c8d-4e05-a2f7-32a933d388fb";"bp_number_1612";"bp_type_1612";"name_1612"
"a65a252d-5700-4bb1-b6ff-e1410b314a26";"bp_number_1613";"bp_type_1613";"name_1613"
"d7382599-a1df-4c4e-8e88-ca140f242f10";"bp_number_1614";"bp_type_1614";"name_1614"
"1bdad8a0-65e2-4a91-9187-4e1ea1446f9d";"bp_number_1615";"bp_type_1615";"name_1615"
"52e669a5-073e-49a4-9aed-e70a5c06489a";"bp_number_1616";"bp_type_1616";"name_1616"
"da1edd3f-a23d-4dd3-8bd8-715235c6bb05";"bp_number_1617";"bp_type_1617";"name_1617"
"b8df6857-5353-4090-b014-11b558451611";"bp_number_1618";"bp_type_1618";"name_1618"
"77135455-59e0-438d-8fe1-054fa14ef5a5";"bp_number_1619";"bp_type_1619";"name_1619"
"094ff853-bbaa-4450-bd98-590441072784";"bp_number_1620";"bp_type_1620";"name_1620"
"2a270701-55d9-4554-b954-ffb3cc5070b4";"bp_number_1621";"bp_type_1621";"name_1621"
"3a0cb20f-0400-4aa1-a87b-23de59b9ff7c";"bp_number_1622";"bp_type_1622";"name_1622"
"70e93789-7e42-4742-adbd-060deff4c688";"bp_number_1623";"bp_type_1623";"name_1623"
"103bdf52-edb6-4431-ad95-1ef43b682cbd";"bp_number_1624";"bp_type_1624";"name_1624"
"fcf2092f-b08e-40c8-8aad-5ebbc5844422";"bp_number_1625";"bp_type_1625";"name_1625"
"9f47c596-17ab-4cd4-8ed0-a2c50cc69c99";"bp_number_1626";"bp_type_1626";"name_1626"
"8bddaf98-a681-443b-9c87-f004b767721e";"bp_number_1627";"bp_type_1627";"name_1627"
"e7494861-a8e7-482b-9b04-6493c2fb0e5a";"bp_number_1628";"bp_type_1628";"name_1628"
"d73fc5af-d1a5-4500-bfdc-0ffa3a9186c0";"bp_number_1629";"bp_type_1629";"name_1629"
"e3a22c91-04cf-4805-9424-c2fb371252f1";"bp_number_1630";"bp_type_1630";"name_1630"
"1d124a8e-7a1b-4467-aa37-ad319d098281";"bp_number_1631";"bp_type_1631";"name_1631"
"d97c2f0a-bd03-4b41-8a33-fe8fd74fa18d";"bp_number_1632";"bp_type_1632";"name_1632"
"73c67153-9203-4a7b-af36-d4d2c45723ee";"bp_number_1633";"bp_type_1633";"name_1633"
"65d10a65-172e-4d05-aab2-3ad3f9e10bd4";"bp_number_1634";"bp_type_1634";"name_1634"
"d4e29eae-52f6-4442-ace8-585fe5636bfd";"bp_number_1635";"bp_type_1635";"name_1635"
"01bc8b25-835d-4e2e-bbd5-baf1faa0e91d";"bp_number_1636";"bp_type_1636";"name_1636"
"7212dfc3-43b0-464e-a7a0-0f72ba597d6c";"bp_number_1637";"bp_type_1637";"name_1637"
"babc6a67-8e0c-473d-8ce5-f414d24a72a4";"bp_number_1638";"bp_type_1638";"name_1638"
"dc5e023d-afef-4e55-9b45-a5429cdf3cf4";"bp_number_1639";"bp_type_1639";"name_1639"
"4870e726-1423-42a7-9954-b0455f80ab77";"bp_number_1640";"bp_type_1640";"name_1640"
"fd6c4d16-1ab4-4e37-b84a-8d98e525f773";"bp_number_1641";"bp_type_1641";"name_1641"
"e00ff574-8028-45d3-8a72-004cce36fbab";"bp_number_1642";"bp_type_1642";"name_1642"
"0de99201-62d8-432e-ba3f-c9baaedb9f5b";"bp_number_1643";"bp_type_1643";"name_1643"
"dbee4285-8657-4c00-b69f-d67d7781b9bb";"bp_number_1644";"bp_type_1644";"name_1644"
"d1eed647-5d3e-4016-b29b-a2a36fc68d4c";"bp_number_1645";"bp_type_1645";"name_1645"
"428c2267-6ef3-4b42-b57d-356e209d85b2";"bp_number_1646";"bp_type_1646";"name_1646"
"22f4f8b5-5128-4841-9207-b78303981007";"bp_number_1647";"bp_type_1647";"name_1647"
"06bfb12a-b869-4584-a0ed-6b2d519e00de";"bp_number_1648";"bp_type_1648";"name_1648"
"e13bc742-bb7f-4c76-9607-f2564cc21987";"bp_number_1649";"bp_type_1649";"name_1649"
"5de3c361-442c-4bc2-bdb8-6ae1f0a7c1b2";"bp_number_1650";"bp_type_1650";"name_1650"
"ab610e9f-5936-498b-8eed-a59165e73f9f";"bp_number_1651";"bp_type_1651";"name_1651"
"737672c3-0768-48da-957e-aeea98bb2b90";"bp_number_1652";"bp_type_1652";"name_1652"
"33e14083-d5a2-4554-8e50-a119bc3d0080";"bp_number_1653";"bp_type_1653";"name_1653"
"75c01365-0200-4012-ad76-d1a2e54dc344";"bp_number_1654";"bp_type_1654";"name_1654"
"e53e7fe1-81d9-49fc-b90b-da384a79a3fa";"bp_number_1655";"bp_type_1655";"name_1655"
"31cb745c-7bdf-488b-990a-a490b6e69c56";"bp_number_1656";"bp_type_1656";"name_1656"
"2b013960-78dd-4228-bd9c-990622b26be3";"bp_number_1657";"bp_type_1657";"name_1657"
"d37d12f5-5155-44c8-aaef-874b70dab1d3";"bp_number_1658";"bp_type_1658";"name_1658"
"adc2103a-26b0-42ec-9212-690dad41c78a";"bp_number_1659";"bp_type_1659";"name_1659"
"c3319c7a-8fdd-4e31-99e9-ef0b90a62984";"bp_number_1660";"bp_type_1660";"name_1660"
"be579bc3-89cf-4d1e-8871-63d1fa14778c";"bp_number_1661";"bp_type_1661";"name_1661"
"5dc64506-2f38-4ccf-b248-de8d9921f9d3";"bp_number_1662";"bp_type_1662";"name_1662"
"8ae65889-4c6e-4e5b-a0a7-edea8200d2be";"bp_number_1663";"bp_type_1663";"name_1663"
"82774213-ab11-4a00-b723-b322c469c664";"bp_number_1664";"bp_type_1664";"name_1664"
"e7c250b7-d871-450c-9840-bc82f2785504";"bp_number_1665";"bp_type_1665";"name_1665"
"22f8f12c-78d9-450f-ba8d-4a4a35127ee2";"bp_number_1666";"bp_type_1666";"name_1666"
"6725b57c-4d00-4b5b-b52c-c4da81f9e1cf";"bp_number_1667";"bp_type_1667";"name_1667"
"7bd99699-3c82-42e0-aae2-502130a959d7";"bp_number_1668";"bp_type_1668";"name_1668"
"f7da550e-8153-4afc-b8c2-b5e0a5156ade";"bp_number_1669";"bp_type_1669";"name_1669"
"cec830ce-dede-4a27-8eb7-978f52691f74";"bp_number_1670";"bp_type_1670";"name_1670"
"404de56d-9f32-47d1-a088-2c6efd893372";"bp_number_1671";"bp_type_1671";"name_1671"
"87f19260-20db-4752-b0aa-524f1c7394e7";"bp_number_1672";"bp_type_1672";"name_1672"
"df6fbad1-4270-41dd-a1fe-29674514bd7b";"bp_number_1673";"bp_type_1673";"name_1673"
"82dac56d-638c-4827-b412-ffd884e70543";"bp_number_1674";"bp_type_1674";"name_1674"
"9ba6ec7e-3c93-4396-9243-b82efb1a071c";"bp_number_1675";"bp_type_1675";"name_1675"
"06e4e97c-c135-47d8-8762-d96da11ff24d";"bp_number_1676";"bp_type_1676";"name_1676"
"9dc0b33b-5eb3-464d-ba4c-6cbadf9955d8";"bp_number_1677";"bp_type_1677";"name_1677"
"b1e58f57-8aff-4920-a1ff-0cbf215e4972";"bp_number_1678";"bp_type_1678";"name_1678"
"8587df61-a056-4056-8ee0-fe52fa605e63";"bp_number_1679";"bp_type_1679";"name_1679"
"9b4db767-6633-4c17-9891-66e911bb3e7e";"bp_number_1680";"bp_type_1680";"name_1680"
"a89c3ec4-f0ba-455b-b682-85b3ef809cd9";"bp_number_1681";"bp_type_1681";"name_1681"
"42493674-9ec7-4ee6-b958-ee511cfa50b6";"bp_number_1682";"bp_type_1682";"name_1682"
"7ef0481b-3432-44f7-8f5e-e83559929311";"bp_number_1683";"bp_type_1683";"name_1683"
"39c7c532-8e55-4a4d-88d3-b40a530fe039";"bp_number_1684";"bp_type_1684";"name_1684"
"1ac36c0a-c79f-443a-be3c-44c29f4c2cc5";"bp_number_1685";"bp_type_1685";"name_1685"
"2f49c3d0-6f1d-4357-871d-c57326d9629b";"bp_number_1686";"bp_type_1686";"name_1686"
"092f8045-25eb-4d67-a2e4-6c8719e04274";"bp_number_1687";"bp_type_1687";"name_1687"
"c4fc098b-26d3-435c-ac7f-b31579b181cc";"bp_number_1688";"bp_type_1688";"name_1688"
"68fae355-9b76-455a-9c3f-daeeeff4e57d";"bp_number_1689";"bp_type_1689";"name_1689"
"55349ab6-10de-4dae-aade-b57777eb8f4d";"bp_number_1690";"bp_type_1690";"name_1690"
"3a6df19b-402f-4fc4-9562-7a3b8094832b";"bp_number_1691";"bp_type_1691";"name_1691"
"d7e49bbd-b57d-4a13-9470-d1f308ae4c7b";"bp_number_1692";"bp_type_1692";"name_1692"
"2acf8504-e7ed-4fef-94fa-b27b66bb0be1";"bp_number_1693";"bp_type_1693";"name_1693"
"df276f81-e60e-47c4-8fcb-48f260b5491e";"bp_number_1694";"bp_type_1694";"name_1694"
"d1e7f274-68cc-419f-8b4e-5f88a63dd9c5";"bp_number_1695";"bp_type_1695";"name_1695"
"b1c463e7-e618-4b5c-a587-f73e09dd36c4";"bp_number_1696";"bp_type_1696";"name_1696"
"bedfcf83-8ebf-442e-9e30-6325742a11e4";"bp_number_1697";"bp_type_1697";"name_1697"
"8dbbde2d-8cf0-41fd-908c-8218a2d043de";"bp_number_1698";"bp_type_1698";"name_1698"
"e993d0e0-0ccf-49a6-a84b-cd57fa51c3e1";"bp_number_1699";"bp_type_1699";"name_1699"
"813d902f-6914-4e82-8051-364213c691fd";"bp_number_1700";"bp_type_1700";"name_1700"
"c6d7e259-8d98-4cde-a047-4132f5befec8";"bp_number_1701";"bp_type_1701";"name_1701"
"762f5dd9-3782-463a-af93-bbaf13dcb1d2";"bp_number_1702";"bp_type_1702";"name_1702"
"efee0f3f-86a0-4e7e-8c57-8d78c02a93ff";"bp_number_1703";"bp_type_1703";"name_1703"
"c3ed514b-dd27-41a2-9735-2773bb89c7aa";"bp_number_1704";"bp_type_1704";"name_1704"
"f549bafe-b416-4bdb-ba83-7f8951eba41d";"bp_number_1705";"bp_type_1705";"name_1705"
"1f9f3ff7-ede8-41b6-8e02-2e9d308a07f0";"bp_number_1706";"bp_type_1706";"name_1706"
"aa9596df-7060-43f4-b289-4ea83fd00519";"bp_number_1707";"bp_type_1707";"name_1707"
"5806d0f9-9cf1-4e3b-8113-2aabe505187d";"bp_number_1708";"bp_type_1708";"name_1708"
"b18a3f39-dfdd-4fbc-8fb8-29f3dd2b6ead";"bp_number_1709";"bp_type_1709";"name_1709"
"659fc95b-f89c-466f-9c1a-4aada43c93cb";"bp_number_1710";"bp_type_1710";"name_1710"
"daeed025-cfe5-4074-8b4b-84954363cf6d";"bp_number_1711";"bp_type_1711";"name_1711"
"af388dbf-7a12-4d50-8381-4aa8c96cf440";"bp_number_1712";"bp_type_1712";"name_1712"
"52dcbeb8-1f33-4f29-b93d-9ca17cc9fbb1";"bp_number_1713";"bp_type_1713";"name_1713"
"51cee768-6788-437b-9db6-449672cbc830";"bp_number_1714";"bp_type_1714";"name_1714"
"13ab3e51-cfb6-4606-b16f-1a876cddcf5b";"bp_number_1715";"bp_type_1715";"name_1715"
"b29f15de-90d4-4062-bb08-0ff1c6c30e02";"bp_number_1716";"bp_type_1716";"name_1716"
"aeb03526-6423-4ee6-a59a-21f4b31b787e";"bp_number_1717";"bp_type_1717";"name_1717"
"e87813c9-368f-412a-bb1f-ea66d9551e25";"bp_number_1718";"bp_type_1718";"name_1718"
"e06922e1-61a1-4b95-8263-cd6512a1ac30";"bp_number_1719";"bp_type_1719";"name_1719"
"2004e879-9e08-433a-bfa5-239692bde6da";"bp_number_1720";"bp_type_1720";"name_1720"
"fd86c798-00e2-4ea0-b5f5-a4192d5edf5e";"bp_number_1721";"bp_type_1721";"name_1721"
"0b7d6aba-835f-4a30-a87a-f96dd33d4a59";"bp_number_1722";"bp_type_1722";"name_1722"
"2bbbb347-8566-4c8d-b75e-be7bb1bd59ed";"bp_number_1723";"bp_type_1723";"name_1723"
"a5982573-173f-4024-a4f6-a8fd18c65696";"bp_number_1724";"bp_type_1724";"name_1724"
"a8c8ddcb-1813-49e8-a0a9-71109558f3bc";"bp_number_1725";"bp_type_1725";"name_1725"
"ac367983-4417-42aa-917c-c578b5c0b482";"bp_number_1726";"bp_type_1726";"name_1726"
"bac9ea3e-27b5-47c6-9eb0-fb8252dd315e";"bp_number_1727";"bp_type_1727";"name_1727"
"1216f75f-c4cb-4907-b2a3-208d70970a5c";"bp_number_1728";"bp_type_1728";"name_1728"
"99fff37e-bb6d-4886-a3a1-aa1235b141db";"bp_number_1729";"bp_type_1729";"name_1729"
"2d099a7c-9f80-4c29-85e3-af89983a7e52";"bp_number_1730";"bp_type_1730";"name_1730"
"bf3715fa-734a-41ad-8ec2-f3050174fce5";"bp_number_1731";"bp_type_1731";"name_1731"
"6697fad4-8b3e-4bd5-bcfc-32a5a1cb7c03";"bp_number_1732";"bp_type_1732";"name_1732"
"0c5b5b52-5689-41c5-869c-b5a9dc5e943a";"bp_number_1733";"bp_type_1733";"name_1733"
"1b7652b7-e6f2-496b-aa43-caf7234e3605";"bp_number_1734";"bp_type_1734";"name_1734"
"ebbbfc43-ed9c-4da1-b121-7ca65180cf02";"bp_number_1735";"bp_type_1735";"name_1735"
"e3d9472d-83a7-4a36-9edd-5624321e4a20";"bp_number_1736";"bp_type_1736";"name_1736"
"2d929420-484e-4223-8430-22bfc6ae333e";"bp_number_1737";"bp_type_1737";"name_1737"
"7c135988-5d74-4043-875b-f58b2453f29b";"bp_number_1738";"bp_type_1738";"name_1738"
"6fe46d3c-c349-4d41-856b-cb05207dc6d5";"bp_number_1739";"bp_type_1739";"name_1739"
"202e0cb5-7d32-4d0c-bee2-d043268ba9f2";"bp_number_1740";"bp_type_1740";"name_1740"
"699b0504-e430-489a-b2db-ec41cfe943d0";"bp_number_1741";"bp_type_1741";"name_1741"
"3e01398a-625a-47d3-a2ec-8e9a26a3d47e";"bp_number_1742";"bp_type_1742";"name_1742"
"d81c08c3-4082-46e0-913b-b2635bfa50da";"bp_number_1743";"bp_type_1743";"name_1743"
"527a3057-05d8-4914-9ec0-21e4c7b4ac1c";"bp_number_1744";"bp_type_1744";"name_1744"
"55dff821-274c-47c0-89e8-81ee12d002b7";"bp_number_1745";"bp_type_1745";"name_1745"
"194034b0-4d49-4237-b7b4-1ac6820ecc11";"bp_number_1746";"bp_type_1746";"name_1746"
"fa76aa32-a2ad-4157-b50e-a2e77820c443";"bp_number_1747";"bp_type_1747";"name_1747"
"186aa1c6-dde3-4b6b-ab0b-2e385f9eb94d";"bp_number_1748";"bp_type_1748";"name_1748"
"52aa9abc-10ee-45eb-99f4-c39045284118";"bp_number_1749";"bp_type_1749";"name_1749"
"d18e64cc-83d8-4423-808e-8dc82cb90b30";"bp_number_1750";"bp_type_1750";"name_1750"
"fde9ced9-132e-4b89-aecb-51d132dacd95";"bp_number_1751";"bp_type_1751";"name_1751"
"2586539b-d7c9-43eb-92c6-ba04eaf2a914";"bp_number_1752";"bp_type_1752";"name_1752"
"23ba6910-3af2-4ff9-8b1e-49d54d1d41dc";"bp_number_1753";"bp_type_1753";"name_1753"
"daff0a7f-d8f5-4b3b-8063-94ec358e89f2";"bp_number_1754";"bp_type_1754";"name_1754"
"5bee70a0-e267-4a93-8b58-01f41fbe0e9f";"bp_number_1755";"bp_type_1755";"name_1755"
"1108ff62-c764-43f9-9d74-cf4c2ac536d1";"bp_number_1756";"bp_type_1756";"name_1756"
"01b7cd41-5334-4bca-b426-96d25f4a8659";"bp_number_1757";"bp_type_1757";"name_1757"
"fa5512fa-c449-4889-957b-6fba625f34c5";"bp_number_1758";"bp_type_1758";"name_1758"
"10326b88-0a45-4641-a727-400007d85883";"bp_number_1759";"bp_type_1759";"name_1759"
"d996b31d-9edc-4ad1-a4b5-4e613dfb1caa";"bp_number_1760";"bp_type_1760";"name_1760"
"751004dc-2be4-422b-8b60-409447fa6fc4";"bp_number_1761";"bp_type_1761";"name_1761"
"5cb8597c-0e7a-4b1f-871a-c2de7af71b6f";"bp_number_1762";"bp_type_1762";"name_1762"
"3cae6f7a-de83-4661-855a-d90b6e370e7e";"bp_number_1763";"bp_type_1763";"name_1763"
"852227e7-28a1-4429-8d7b-4c4eb5870300";"bp_number_1764";"bp_type_1764";"name_1764"
"1be522de-fb5c-41a3-be28-4f754ef329a6";"bp_number_1765";"bp_type_1765";"name_1765"
"76a46af0-a218-4861-b9df-dfe6692d6df2";"bp_number_1766";"bp_type_1766";"name_1766"
"8b05bb09-8f40-461d-a31f-b6c4f11d5dda";"bp_number_1767";"bp_type_1767";"name_1767"
"9abab6ff-2a80-4f67-b78e-4b0e5e2044b7";"bp_number_1768";"bp_type_1768";"name_1768"
"8dcff88d-6616-4f54-aa91-823413c4ae93";"bp_number_1769";"bp_type_1769";"name_1769"
"6f55d6f9-9649-48f1-9fd4-d4482427ab6e";"bp_number_1770";"bp_type_1770";"name_1770"
"c6fa09b2-d010-42c0-96b3-4567c427622e";"bp_number_1771";"bp_type_1771";"name_1771"
"bea3a3bb-6df3-4006-8866-0776ce56c9d9";"bp_number_1772";"bp_type_1772";"name_1772"
"8e5356fb-8bb1-4749-9372-26eec78dcd6b";"bp_number_1773";"bp_type_1773";"name_1773"
"6e10f9f8-5ab4-468e-bb00-cc1468fce44f";"bp_number_1774";"bp_type_1774";"name_1774"
"1d1c4c83-48a1-4949-ac00-7b173988ffe6";"bp_number_1775";"bp_type_1775";"name_1775"
"a882c385-804f-4da2-b526-90967d8e5fc9";"bp_number_1776";"bp_type_1776";"name_1776"
"4ba68b39-5e4d-4ac1-ae64-ae95ff764815";"bp_number_1777";"bp_type_1777";"name_1777"
"b000a2e0-f688-49f8-a141-660641a190b9";"bp_number_1778";"bp_type_1778";"name_1778"
"34715e8f-a3b5-4538-b6dc-bac4c8552724";"bp_number_1779";"bp_type_1779";"name_1779"
"fc898b88-aaf3-4978-95e3-0b592a963208";"bp_number_1780";"bp_type_1780";"name_1780"
"5316b861-f7a3-4201-8ccb-c63451fae1b7";"bp_number_1781";"bp_type_1781";"name_1781"
"b53194c6-32e4-4573-89fb-533a54374548";"bp_number_1782";"bp_type_1782";"name_1782"
"2ff35503-bb18-46ac-aa0a-d92c6c0edab2";"bp_number_1783";"bp_type_1783";"name_1783"
"b2bc53bf-0baa-4756-a850-078f2263fc9b";"bp_number_1784";"bp_type_1784";"name_1784"
"77ee6e54-0d25-44fb-97a0-186a48c40f12";"bp_number_1785";"bp_type_1785";"name_1785"
"542a965b-c9ed-4afb-9a5a-f7ae07cf2c1b";"bp_number_1786";"bp_type_1786";"name_1786"
"0b988cf5-e236-47be-932a-d2f81251d3be";"bp_number_1787";"bp_type_1787";"name_1787"
"4de4a0c3-2bee-4c46-a977-64f6a17babe8";"bp_number_1788";"bp_type_1788";"name_1788"
"aad8f86d-9485-4fe1-ac2b-b6095837f1f0";"bp_number_1789";"bp_type_1789";"name_1789"
"319727fd-2634-4a60-b6f6-9aacf47482f7";"bp_number_1790";"bp_type_1790";"name_1790"
"12eeb084-1d4d-43a9-9b4b-15fbf3c1dbda";"bp_number_1791";"bp_type_1791";"name_1791"
"fa0a4bcc-3259-4553-bcb3-bc14a3d3957c";"bp_number_1792";"bp_type_1792";"name_1792"
"f72f1121-3266-4a33-a124-1fe4252db11d";"bp_number_1793";"bp_type_1793";"name_1793"
"73566159-27b4-42b5-a622-97028a4c020d";"bp_number_1794";"bp_type_1794";"name_1794"
"ae0f073a-56d1-4d34-bb48-6a99f7225c7f";"bp_number_1795";"bp_type_1795";"name_1795"
"fbf2696d-1e5d-4e79-8dcd-aacbdac9a20d";"bp_number_1796";"bp_type_1796";"name_1796"
"42042933-7c49-4007-8b55-ece178dc2d8e";"bp_number_1797";"bp_type_1797";"name_1797"
"dc46ff80-8d0a-4d45-bdb6-60ab53f485d4";"bp_number_1798";"bp_type_1798";"name_1798"
"a91beb8c-225e-4762-95fb-3f8cfefbf61f";"bp_number_1799";"bp_type_1799";"name_1799"
"b1864e87-9284-46a1-ad90-6624d4fdeebd";"bp_number_1800";"bp_type_1800";"name_1800"
"e77628b7-cc9c-4eba-91df-3286cb8bffcd";"bp_number_1801";"bp_type_1801";"name_1801"
"6c8e876a-04ab-4e16-b285-94fc67bfcd55";"bp_number_1802";"bp_type_1802";"name_1802"
"89bdada5-f39f-491d-b4da-a4639553da88";"bp_number_1803";"bp_type_1803";"name_1803"
"fddb7286-6f69-48af-9aeb-0541916a9f97";"bp_number_1804";"bp_type_1804";"name_1804"
"9113141f-e25b-4571-a05a-e304b8570ea7";"bp_number_1805";"bp_type_1805";"name_1805"
"118e2aa1-8016-4391-bec4-f01c849eb5c0";"bp_number_1806";"bp_type_1806";"name_1806"
"4ef35928-77bc-46ae-b85c-10bcb959755d";"bp_number_1807";"bp_type_1807";"name_1807"
"212641f6-96ef-438c-8a67-f9ce8142de8b";"bp_number_1808";"bp_type_1808";"name_1808"
"ade5ff16-4b32-4556-b411-30a7824bb21c";"bp_number_1809";"bp_type_1809";"name_1809"
"746e840d-985f-452b-b01d-fecce472bfb2";"bp_number_1810";"bp_type_1810";"name_1810"
"b9aef200-9df7-4f67-8cd0-2ee2608dd721";"bp_number_1811";"bp_type_1811";"name_1811"
"e18fb3bf-fa1f-4b34-b059-2fb2acda429e";"bp_number_1812";"bp_type_1812";"name_1812"
"558c5cd8-6449-4334-8756-ed673d710633";"bp_number_1813";"bp_type_1813";"name_1813"
"d4e44a71-aaa6-4cd4-9acd-714a3f350458";"bp_number_1814";"bp_type_1814";"name_1814"
"1540382c-507f-40a5-8a8a-712a46aaeb4f";"bp_number_1815";"bp_type_1815";"name_1815"
"a18a59b3-c39a-47bd-94e2-ce4fb563a365";"bp_number_1816";"bp_type_1816";"name_1816"
"a25feca6-80fd-4ac3-8605-a70d75c2ff3f";"bp_number_1817";"bp_type_1817";"name_1817"
"4dbda557-95ad-498c-8961-dff00462ff42";"bp_number_1818";"bp_type_1818";"name_1818"
"7a09ffe9-6b45-4f0b-b9af-a35f44ac6a99";"bp_number_1819";"bp_type_1819";"name_1819"
"5e5a4e47-c7a9-4996-b436-6603e34358dd";"bp_number_1820";"bp_type_1820";"name_1820"
"77e80664-a421-48b2-8beb-43aafb8e6a9f";"bp_number_1821";"bp_type_1821";"name_1821"
"d25606b5-8371-4e1b-abe1-ed9497a5968e";"bp_number_1822";"bp_type_1822";"name_1822"
"b84a1db4-8e5b-4f57-a6fb-5b4bda17a2a5";"bp_number_1823";"bp_type_1823";"name_1823"
"bbf893fc-d67c-4e9e-9c72-d4ec60fb6dbb";"bp_number_1824";"bp_type_1824";"name_1824"
"f3a425f0-406d-4842-ba22-3f258f269bac";"bp_number_1825";"bp_type_1825";"name_1825"
"84bee148-70cf-471a-b5ec-5422941ac62a";"bp_number_1826";"bp_type_1826";"name_1826"
"75cc8ced-d73f-4c05-a484-52126335621e";"bp_number_1827";"bp_type_1827";"name_1827"
"74b420da-8a66-433d-9f8b-8440ce48325e";"bp_number_1828";"bp_type_1828";"name_1828"
"86962cb8-d502-414e-adc7-bbec88414720";"bp_number_1829";"bp_type_1829";"name_1829"
"62e4f5e8-a0ce-411c-ab52-75ac9368e240";"bp_number_1830";"bp_type_1830";"name_1830"
"e6158d63-188b-4cbc-8525-0a6e3077997d";"bp_number_1831";"bp_type_1831";"name_1831"
"59724447-0354-47cf-bb2c-0e785b721e15";"bp_number_1832";"bp_type_1832";"name_1832"
"894e8d7a-296b-484a-83b7-6b39a2bb63da";"bp_number_1833";"bp_type_1833";"name_1833"
"de253d04-7279-40e3-b44b-45b99ecfa237";"bp_number_1834";"bp_type_1834";"name_1834"
"f72887ef-a926-47e9-b975-98c9d76ad000";"bp_number_1835";"bp_type_1835";"name_1835"
"372e74d5-466d-46f8-a283-76fd3a960ec1";"bp_number_1836";"bp_type_1836";"name_1836"
"4e575953-ec0a-411e-ae8a-38db5cb64c62";"bp_number_1837";"bp_type_1837";"name_1837"
"51935236-960c-4b6a-a122-97a23c319137";"bp_number_1838";"bp_type_1838";"name_1838"
"6b72e911-25ee-495d-b855-bc0b3cae4e38";"bp_number_1839";"bp_type_1839";"name_1839"
"bbfe75b6-c117-4891-9e03-b34d91db18c2";"bp_number_1840";"bp_type_1840";"name_1840"
"a62a6cc7-d6fd-420c-8bd6-f2cb35bcbc51";"bp_number_1841";"bp_type_1841";"name_1841"
"80864097-00cf-4328-a01a-9d401c91ddc7";"bp_number_1842";"bp_type_1842";"name_1842"
"db1a0a4b-2d84-4601-8b02-82412568f541";"bp_number_1843";"bp_type_1843";"name_1843"
"a55c71c4-149c-4663-84af-d5f876294d59";"bp_number_1844";"bp_type_1844";"name_1844"
"997d16f5-a9be-4bf1-a1f7-ec61c4164423";"bp_number_1845";"bp_type_1845";"name_1845"
"5857978c-efa3-4634-af69-7c61a43f5a47";"bp_number_1846";"bp_type_1846";"name_1846"
"87e67ca6-b2f8-4824-906f-8375e3caf003";"bp_number_1847";"bp_type_1847";"name_1847"
"1b58ad69-89b0-4d7a-b414-bbdf412bc4f8";"bp_number_1848";"bp_type_1848";"name_1848"
"f3b502e1-1e7b-40c5-bd68-1fdf5d8653fb";"bp_number_1849";"bp_type_1849";"name_1849"
"2fc14a72-f8da-48f5-9d72-a4128c144f0a";"bp_number_1850";"bp_type_1850";"name_1850"
"a1e394b4-0d13-4e01-8237-572d08be7b8c";"bp_number_1851";"bp_type_1851";"name_1851"
"4430d074-6f68-4269-b0a4-48691bfb82cd";"bp_number_1852";"bp_type_1852";"name_1852"
"1141cc22-29cf-4013-b0e9-fc4f15cc790f";"bp_number_1853";"bp_type_1853";"name_1853"
"eca2c40f-f580-48fb-a2bf-312d7ba6fdac";"bp_number_1854";"bp_type_1854";"name_1854"
"a12e41b3-a9d5-4d9a-9d5e-71a4720ec5ae";"bp_number_1855";"bp_type_1855";"name_1855"
"034df979-a4bf-40ec-acd0-197f5df01af1";"bp_number_1856";"bp_type_1856";"name_1856"
"94b93a26-b590-4cef-911a-80afdf655305";"bp_number_1857";"bp_type_1857";"name_1857"
"82fe0a99-ad06-40d2-ba76-8dfe73f51baf";"bp_number_1858";"bp_type_1858";"name_1858"
"b96cb045-7dfb-4a95-aeea-08931c1f3282";"bp_number_1859";"bp_type_1859";"name_1859"
"e514c227-23b5-4b4e-94d0-f9feefa03845";"bp_number_1860";"bp_type_1860";"name_1860"
"b8060d06-4872-4adf-9ad0-0b18b8edec95";"bp_number_1861";"bp_type_1861";"name_1861"
"45201001-5a6e-46dd-a0b7-bb371a62d4be";"bp_number_1862";"bp_type_1862";"name_1862"
"240158ce-bc06-43a0-9244-8dd01c3057ae";"bp_number_1863";"bp_type_1863";"name_1863"
"352f0e2c-8747-40da-8c08-19af0ac176a7";"bp_number_1864";"bp_type_1864";"name_1864"
"73826108-a63d-4779-98f6-4c70a7b38961";"bp_number_1865";"bp_type_1865";"name_1865"
"217ed2a4-97e5-4f40-aa59-ce28ea7dff66";"bp_number_1866";"bp_type_1866";"name_1866"
"a7b5c381-f8a0-4b8a-a31f-4a35b7801bda";"bp_number_1867";"bp_type_1867";"name_1867"
"8a3d66d3-4431-48ff-aae4-d95412caaea3";"bp_number_1868";"bp_type_1868";"name_1868"
"fc715486-4f59-4982-a600-08954a1fda6b";"bp_number_1869";"bp_type_1869";"name_1869"
"efda4df0-800d-4567-aa2a-b15244ab218c";"bp_number_1870";"bp_type_1870";"name_1870"
"3d3cbe94-6bf0-4af6-ae95-b93a31ede533";"bp_number_1871";"bp_type_1871";"name_1871"
"b200dca0-02c8-4fb1-ac50-f5b492f36bd9";"bp_number_1872";"bp_type_1872";"name_1872"
"87b81351-ad88-4f77-a742-d9eececebf2c";"bp_number_1873";"bp_type_1873";"name_1873"
"1ca01d18-d771-4f87-b585-7f459a17a813";"bp_number_1874";"bp_type_1874";"name_1874"
"e09c2145-fd39-46ad-8109-375ff4e0ed79";"bp_number_1875";"bp_type_1875";"name_1875"
"b0d383dd-1722-4c90-95d5-d926aad2189c";"bp_number_1876";"bp_type_1876";"name_1876"
"abec3c62-6bfe-4404-b74f-1ea6846eacc6";"bp_number_1877";"bp_type_1877";"name_1877"
"ca5ef5fd-859b-4113-8cb2-d2b064a62e3d";"bp_number_1878";"bp_type_1878";"name_1878"
"da9a24fc-676a-462c-b4e1-06b071ddc698";"bp_number_1879";"bp_type_1879";"name_1879"
"efb5c239-c200-4220-9d9e-a7fbb2d154a2";"bp_number_1880";"bp_type_1880";"name_1880"
"7a2e8e99-1417-4cda-ad59-884a75d3eb81";"bp_number_1881";"bp_type_1881";"name_1881"
"03f01752-dc14-4c26-9fea-1453afb9931b";"bp_number_1882";"bp_type_1882";"name_1882"
"f5634492-f815-4673-9a99-ebd345f5a9e2";"bp_number_1883";"bp_type_1883";"name_1883"
"727c18d2-fb3f-40a3-82e1-4018ae39537b";"bp_number_1884";"bp_type_1884";"name_1884"
"080afad9-347d-4632-a0cd-deb9527002f2";"bp_number_1885";"bp_type_1885";"name_1885"
"77dad773-e537-42c4-857e-0feeaac1cb5e";"bp_number_1886";"bp_type_1886";"name_1886"
"4fa14ad3-33a0-41fa-9fd5-e550b41757fb";"bp_number_1887";"bp_type_1887";"name_1887"
"ea1009e7-b1b0-49eb-818b-d3d48c3af55f";"bp_number_1888";"bp_type_1888";"name_1888"
"f41a6b8b-6faa-414f-b736-49b11f723321";"bp_number_1889";"bp_type_1889";"name_1889"
"01c8544b-e4b0-4f20-8d3f-05c17fca83fb";"bp_number_1890";"bp_type_1890";"name_1890"
"7a2e34f9-79ca-4771-85c8-948535792b01";"bp_number_1891";"bp_type_1891";"name_1891"
"b4077f13-1042-42bc-8892-3a3f7f76f314";"bp_number_1892";"bp_type_1892";"name_1892"
"02103727-a72c-46cd-9fc0-9707313fb180";"bp_number_1893";"bp_type_1893";"name_1893"
"ef1ee1cc-6258-476f-9cca-0227348e47a5";"bp_number_1894";"bp_type_1894";"name_1894"
"995dae28-32d5-4a0b-b73c-d71766fd6ce9";"bp_number_1895";"bp_type_1895";"name_1895"
"af54da17-0af7-4684-a7a2-fc1f22278bc6";"bp_number_1896";"bp_type_1896";"name_1896"
"37933e0a-67d6-416f-830a-f78b69f940f4";"bp_number_1897";"bp_type_1897";"name_1897"
"9126b1f5-0c18-4284-8c03-57e9c7fe9783";"bp_number_1898";"bp_type_1898";"name_1898"
"28144681-47e4-4ef5-bb44-8e90e74af3ec";"bp_number_1899";"bp_type_1899";"name_1899"
"9278d1d6-516d-459b-ba99-c73064903ed1";"bp_number_1900";"bp_type_1900";"name_1900"
"6617968d-37c8-4a50-87b0-99bd1183aa4a";"bp_number_1901";"bp_type_1901";"name_1901"
"6decd9fe-1fcc-46d0-9e2d-cd956abbaac3";"bp_number_1902";"bp_type_1902";"name_1902"
"6159db2c-b8c5-44fc-ae2f-08281e15fa6f";"bp_number_1903";"bp_type_1903";"name_1903"
"5908e2c2-643d-46d3-9d18-77ac725242ab";"bp_number_1904";"bp_type_1904";"name_1904"
"d67c9286-7eb7-4eb8-acc9-239e721a715c";"bp_number_1905";"bp_type_1905";"name_1905"
"bb860d57-1860-48d2-8a19-63c148224c07";"bp_number_1906";"bp_type_1906";"name_1906"
"69af05d1-5ace-458f-8553-19581e12288d";"bp_number_1907";"bp_type_1907";"name_1907"
"5af9942b-1c63-4501-8c1c-8c10dd2cace2";"bp_number_1908";"bp_type_1908";"name_1908"
"3bc88a24-01d6-4e74-81ae-68f9743f10e1";"bp_number_1909";"bp_type_1909";"name_1909"
"0d8bd46f-52e9-4f51-93e3-c3fd5f54d05f";"bp_number_1910";"bp_type_1910";"name_1910"
"af0ef215-594c-4cc9-8a40-840d851cb3c0";"bp_number_1911";"bp_type_1911";"name_1911"
"ee000919-5763-4772-a576-7c7671a83dce";"bp_number_1912";"bp_type_1912";"name_1912"
"df37285d-4baf-4926-96d8-f5efae8039f3";"bp_number_1913";"bp_type_1913";"name_1913"
"4026363f-3a7a-429e-bc42-b9d2b17112fa";"bp_number_1914";"bp_type_1914";"name_1914"
"766e8ccf-914d-4795-bc39-1eb53a772ee3";"bp_number_1915";"bp_type_1915";"name_1915"
"6594ee44-666a-410b-9174-60d47831a6f6";"bp_number_1916";"bp_type_1916";"name_1916"
"bf1bdc59-24e9-4656-90c8-691e4caabdfc";"bp_number_1917";"bp_type_1917";"name_1917"
"1ce2ca92-ecf7-4f62-ab2f-7469a697e014";"bp_number_1918";"bp_type_1918";"name_1918"
"734a1cb1-a574-4888-8ab5-f8d4a62d7d89";"bp_number_1919";"bp_type_1919";"name_1919"
"77806240-0ab8-40d1-a219-e9e50905d868";"bp_number_1920";"bp_type_1920";"name_1920"
"7ef75c39-e5c0-41c3-bcf0-ca87275cc0fd";"bp_number_1921";"bp_type_1921";"name_1921"
"9e5b6985-b08f-4b15-b56c-23da2c943bcb";"bp_number_1922";"bp_type_1922";"name_1922"
"3f9e9a1b-9df2-49d8-a915-72227de5f1e7";"bp_number_1923";"bp_type_1923";"name_1923"
"c8a0ad25-8293-404b-b218-f894e090027f";"bp_number_1924";"bp_type_1924";"name_1924"
"62fbbf2f-7047-4164-82c5-d454813fc7e0";"bp_number_1925";"bp_type_1925";"name_1925"
"263c34cc-6c73-40bc-8426-3786413decd9";"bp_number_1926";"bp_type_1926";"name_1926"
"bbaf7a38-c0d3-4e02-85ce-bf23345e78c0";"bp_number_1927";"bp_type_1927";"name_1927"
"8e682259-8812-4dde-a8b2-f8e33a8c09f1";"bp_number_1928";"bp_type_1928";"name_1928"
"12ec4846-dd4c-4b88-91bd-80e3896a8011";"bp_number_1929";"bp_type_1929";"name_1929"
"bfe026d7-4780-4fa9-b064-d82cddcf455c";"bp_number_1930";"bp_type_1930";"name_1930"
"0ae40eae-2a62-4da0-ac02-8fd71a95b69f";"bp_number_1931";"bp_type_1931";"name_1931"
"340eb6ba-5310-43cb-bc39-9e74af4283f7";"bp_number_1932";"bp_type_1932";"name_1932"
"11e45c0e-ec52-45e8-9135-c99e50a1acdb";"bp_number_1933";"bp_type_1933";"name_1933"
"8db5dc84-7502-42b6-b167-3ab5600f2f46";"bp_number_1934";"bp_type_1934";"name_1934"
"12a2b9ab-a4f3-4fa7-b981-77312d36dd0d";"bp_number_1935";"bp_type_1935";"name_1935"
"564164bf-3c03-4100-86e2-511cbcb41b4c";"bp_number_1936";"bp_type_1936";"name_1936"
"3ee4994b-0020-4235-b732-592a99aa9da0";"bp_number_1937";"bp_type_1937";"name_1937"
"137ab50d-39e5-4d14-961a-b7fafedad3df";"bp_number_1938";"bp_type_1938";"name_1938"
"979a5c35-89e4-4cea-a42b-a4e1af2c527c";"bp_number_1939";"bp_type_1939";"name_1939"
"8e81173f-862f-4422-919c-e9c1de56973d";"bp_number_1940";"bp_type_1940";"name_1940"
"a323e776-9ac9-4173-8417-848ec9aa901d";"bp_number_1941";"bp_type_1941";"name_1941"
"dd30c6d0-0a64-4109-956d-24e6953cc066";"bp_number_1942";"bp_type_1942";"name_1942"
"6b4ecfeb-a46d-4f09-aa71-ba9791cfb801";"bp_number_1943";"bp_type_1943";"name_1943"
"775ee7e1-9a6d-4743-a592-3a2d01eb1392";"bp_number_1944";"bp_type_1944";"name_1944"
"58a9719c-62e7-4570-8b6e-6906f4157ca1";"bp_number_1945";"bp_type_1945";"name_1945"
"b60cce60-56cc-4708-8986-d33f42995bbf";"bp_number_1946";"bp_type_1946";"name_1946"
"534eab85-1197-4d39-8601-6ce5e33c346c";"bp_number_1947";"bp_type_1947";"name_1947"
"f976b6b1-c7aa-4e4a-ade1-8fa6c68783ee";"bp_number_1948";"bp_type_1948";"name_1948"
"ff28286d-1847-4b2c-8d17-2443bd9aaa90";"bp_number_1949";"bp_type_1949";"name_1949"
"da918171-745f-477a-8c10-f820ffbea7ed";"bp_number_1950";"bp_type_1950";"name_1950"
"b5addda0-6732-4eef-8f94-156691dc3fc9";"bp_number_1951";"bp_type_1951";"name_1951"
"66cec199-304d-44a8-a789-3a4c34c9cbc3";"bp_number_1952";"bp_type_1952";"name_1952"
"d48382f3-39a8-456e-8e5c-42adcd19e28e";"bp_number_1953";"bp_type_1953";"name_1953"
"9eae28d7-e33b-47ea-85a7-dd00327a69b2";"bp_number_1954";"bp_type_1954";"name_1954"
"3fc0ab35-2923-4eb7-bc5e-0a9be508f58c";"bp_number_1955";"bp_type_1955";"name_1955"
"332fcb5b-3840-4768-88b3-8936f77a0020";"bp_number_1956";"bp_type_1956";"name_1956"
"b4df1bae-4b40-4f79-b333-3b6d923cdd3a";"bp_number_1957";"bp_type_1957";"name_1957"
"23a65b80-8fed-4ed2-8227-4b50d8427b5a";"bp_number_1958";"bp_type_1958";"name_1958"
"c7e4fe70-84f6-4c75-b87a-a36cc06d3f25";"bp_number_1959";"bp_type_1959";"name_1959"
"3d801151-0eed-4814-869c-dd07aa1ca852";"bp_number_1960";"bp_type_1960";"name_1960"
"b0db95c2-cea9-42d2-8610-7e6bd4f3cdc0";"bp_number_1961";"bp_type_1961";"name_1961"
"87ec9c10-0114-4527-975d-555031530055";"bp_number_1962";"bp_type_1962";"name_1962"
"bdad1360-007b-444c-8f0f-308ce91fcadb";"bp_number_1963";"bp_type_1963";"name_1963"
"e7680b3d-ba41-4ab5-8cff-9a43cc689de8";"bp_number_1964";"bp_type_1964";"name_1964"
"9bd880b7-1d2a-4603-8cef-0a76e7a64f4e";"bp_number_1965";"bp_type_1965";"name_1965"
"cfcf860b-dcee-431a-aa08-6f807ae6c290";"bp_number_1966";"bp_type_1966";"name_1966"
"95061179-109c-4b8c-a7ae-012565c67086";"bp_number_1967";"bp_type_1967";"name_1967"
"67d76029-b154-43d1-8537-839bb09e973a";"bp_number_1968";"bp_type_1968";"name_1968"
"51b0cbe4-8f6c-4380-9616-96eb672c378b";"bp_number_1969";"bp_type_1969";"name_1969"
"323bcd4b-6b13-4b15-a0e3-8e871a8ce6ab";"bp_number_1970";"bp_type_1970";"name_1970"
"9fc97d3e-baa7-4775-a11f-4c3b20c18e4a";"bp_number_1971";"bp_type_1971";"name_1971"
"ace6580d-af79-4403-9616-68c112db86dc";"bp_number_1972";"bp_type_1972";"name_1972"
"a386e6b5-cf01-4104-a198-833138c59817";"bp_number_1973";"bp_type_1973";"name_1973"
"7152853f-ab7e-4f7e-a1ee-186c1d2e6e70";"bp_number_1974";"bp_type_1974";"name_1974"
"9c85af8e-8ba7-461b-b152-a8efda407a26";"bp_number_1975";"bp_type_1975";"name_1975"
"12811b75-536a-4a74-ad8f-3300855079a5";"bp_number_1976";"bp_type_1976";"name_1976"
"b88d5ec5-f504-4102-83c3-0ea0cf11abdb";"bp_number_1977";"bp_type_1977";"name_1977"
"adce2772-2da4-4b24-85ac-206efb56ba47";"bp_number_1978";"bp_type_1978";"name_1978"
"0cdc2aeb-e354-4620-a0ec-a3642b64a470";"bp_number_1979";"bp_type_1979";"name_1979"
"1b25d5ce-5d9f-4a45-abda-3cb1d0806ecf";"bp_number_1980";"bp_type_1980";"name_1980"
"de6148db-c5c2-41d7-a06a-edb277d85985";"bp_number_1981";"bp_type_1981";"name_1981"
"1f53ad43-a63d-45a4-8e6f-e80fe7cb6c1e";"bp_number_1982";"bp_type_1982";"name_1982"
"c00db663-e379-41ef-aff6-2e7a6ff5e6fe";"bp_number_1983";"bp_type_1983";"name_1983"
"e236bfee-28ce-4645-b2a1-cfe3dc0de873";"bp_number_1984";"bp_type_1984";"name_1984"
"6755b388-d440-43f7-b9e3-6716e6ef3ead";"bp_number_1985";"bp_type_1985";"name_1985"
"ce4261c3-7d70-4c67-94fa-ec0408470a91";"bp_number_1986";"bp_type_1986";"name_1986"
"7eab6db8-a6e6-48a4-b2e3-fe7be0c84e9d";"bp_number_1987";"bp_type_1987";"name_1987"
"705326a3-a06f-421b-ac9b-3d1c7cdc2652";"bp_number_1988";"bp_type_1988";"name_1988"
"a1e82729-22b8-4349-9d2e-25219f00ef2a";"bp_number_1989";"bp_type_1989";"name_1989"
"920bcfcb-320f-4ff1-84c2-28b9489cbde9";"bp_number_1990";"bp_type_1990";"name_1990"
"e6a22812-9af4-4dfb-98a4-26dcea0ac82f";"bp_number_1991";"bp_type_1991";"name_1991"
"7ef73a48-f9d2-400b-94d4-4e5881922d06";"bp_number_1992";"bp_type_1992";"name_1992"
"0403a8f1-21e8-48d3-94fb-65ee09b00fa3";"bp_number_1993";"bp_type_1993";"name_1993"
"616e0826-2d96-4d25-b8af-4fb5e55f74d2";"bp_number_1994";"bp_type_1994";"name_1994"
"3d1fd447-b7ed-4349-9464-46726a7737d2";"bp_number_1995";"bp_type_1995";"name_1995"
"907ddc13-2061-4df3-bfa7-53cf36ad9d2c";"bp_number_1996";"bp_type_1996";"name_1996"
"ebca39d9-8e6a-4ffe-8553-eb7a7f896d58";"bp_number_1997";"bp_type_1997";"name_1997"
"831fc158-fd7c-48a2-8975-d0055cbbeb60";"bp_number_1998";"bp_type_1998";"name_1998"
"a74c91c6-8f67-405d-ba43-38e908c66f8e";"bp_number_1999";"bp_type_1999";"name_1999"
"2ff7ffe7-4276-4b94-b3e4-7087a42533ca";"bp_number_2000";"bp_type_2000";"name_2000"
"e0437a19-32e7-4bfa-aa28-237decb4a085";"bp_number_2001";"bp_type_2001";"name_2001"
"eb64b32f-9e5c-4102-af18-7828dd76acf6";"bp_number_2002";"bp_type_2002";"name_2002"
"4519cfd5-0756-4ccb-924c-1e8c640ef8ee";"bp_number_2003";"bp_type_2003";"name_2003"
"3a38c09c-7dae-4249-b357-ff50ecbe5417";"bp_number_2004";"bp_type_2004";"name_2004"
"d80f1e29-6ecf-430f-bfd9-fda8eadc4176";"bp_number_2005";"bp_type_2005";"name_2005"
"9659efbf-f6cf-4112-92e8-3d9d59c99999";"bp_number_2006";"bp_type_2006";"name_2006"
"f3263ecf-2c22-4fe6-9a40-eccec3d30a87";"bp_number_2007";"bp_type_2007";"name_2007"
"66359ae8-3a6a-4ab9-ae7b-53202a4595e5";"bp_number_2008";"bp_type_2008";"name_2008"
"a8e160fc-6690-471c-b3a0-85cc9a387c70";"bp_number_2009";"bp_type_2009";"name_2009"
"927cf517-1133-4c45-88f3-9319e1343822";"bp_number_2010";"bp_type_2010";"name_2010"
"7fee5be6-f902-451a-a6ad-c82e00fdf534";"bp_number_2011";"bp_type_2011";"name_2011"
"53bfddf5-15b8-460a-91a4-f66b3f16d7db";"bp_number_2012";"bp_type_2012";"name_2012"
"4bf8b9c6-fa6c-4459-ab31-8cd3cd4a1c17";"bp_number_2013";"bp_type_2013";"name_2013"
"817a5a18-f1ce-4606-b4b2-a0ddf541cfac";"bp_number_2014";"bp_type_2014";"name_2014"
"b7f814c5-76cf-4efd-b7fe-2caaf6618cb4";"bp_number_2015";"bp_type_2015";"name_2015"
"dd9aa712-b35e-40d3-a498-2fb3f490fb0c";"bp_number_2016";"bp_type_2016";"name_2016"
"96ea14c3-ebbd-4dee-8e33-60940f419425";"bp_number_2017";"bp_type_2017";"name_2017"
"8799bcbe-76c5-4088-93cf-9e214d3bf4c9";"bp_number_2018";"bp_type_2018";"name_2018"
"b364fefe-b500-4510-a098-ef069e76d2d1";"bp_number_2019";"bp_type_2019";"name_2019"
"7e64e132-a0e7-4d5e-8a63-bdeef1e2815c";"bp_number_2020";"bp_type_2020";"name_2020"
"7e0b4074-302a-45b9-a6da-434451dc6433";"bp_number_2021";"bp_type_2021";"name_2021"
"07000809-0653-49be-a1c4-e1cb719754d0";"bp_number_2022";"bp_type_2022";"name_2022"
"8a3e7df6-1a26-4865-ad77-da6231881a1e";"bp_number_2023";"bp_type_2023";"name_2023"
"a59cf0bb-d973-4c4c-88cb-5a75461135c6";"bp_number_2024";"bp_type_2024";"name_2024"
"86296fd8-ef19-48c0-975a-3f687c9ea0ea";"bp_number_2025";"bp_type_2025";"name_2025"
"b65fb4d7-4fd1-42d3-b175-d88634aba771";"bp_number_2026";"bp_type_2026";"name_2026"
"9f595f89-073a-4b5c-9a3c-28421ae28129";"bp_number_2027";"bp_type_2027";"name_2027"
"4193c27f-3129-4e4c-95cc-a86b43a666d5";"bp_number_2028";"bp_type_2028";"name_2028"
"e6edaef4-e75e-47ab-821f-f3b24af913d8";"bp_number_2029";"bp_type_2029";"name_2029"
"77163ac2-5c0c-4034-889e-8c23d3430d6c";"bp_number_2030";"bp_type_2030";"name_2030"
"18862fb9-28be-4b08-98ae-db4718b91a4e";"bp_number_2031";"bp_type_2031";"name_2031"
"f7a0f44a-1dfc-4e6c-b2bb-a202f9e086a4";"bp_number_2032";"bp_type_2032";"name_2032"
"70f08ffa-fbab-47fd-ac4c-b1fca1120654";"bp_number_2033";"bp_type_2033";"name_2033"
"75924a68-4ba9-400b-9836-fe632ce49fc4";"bp_number_2034";"bp_type_2034";"name_2034"
"7733dab3-ebfd-45ff-b6a1-bd4015971b8d";"bp_number_2035";"bp_type_2035";"name_2035"
"29ee1223-f97e-44bf-9c2b-ac7f5989ad17";"bp_number_2036";"bp_type_2036";"name_2036"
"8a1153e2-b5f7-488a-998f-e532c65de5d9";"bp_number_2037";"bp_type_2037";"name_2037"
"1bc4fda2-680e-4add-9b9a-8f6c2b957665";"bp_number_2038";"bp_type_2038";"name_2038"
"0be1be74-5053-4028-a9d0-1de5cbf7a98d";"bp_number_2039";"bp_type_2039";"name_2039"
"36d7c024-5123-4d90-97dc-612f7488aaca";"bp_number_2040";"bp_type_2040";"name_2040"
"a6bcca5f-8cd0-4311-a51e-8afe65eb9a2a";"bp_number_2041";"bp_type_2041";"name_2041"
"3fcd2494-f49f-40c7-850c-0c42ce290e88";"bp_number_2042";"bp_type_2042";"name_2042"
"953ef7e6-14f8-4042-a449-b11bca3b5047";"bp_number_2043";"bp_type_2043";"name_2043"
"3fe161b9-71e7-47f2-ba59-dc8c327ba5d9";"bp_number_2044";"bp_type_2044";"name_2044"
"3a606bc1-9c60-441c-8558-6d3c06206de9";"bp_number_2045";"bp_type_2045";"name_2045"
"1d0043f7-cba3-4cbb-815b-26a0735dec2a";"bp_number_2046";"bp_type_2046";"name_2046"
"5f275f79-280a-4b18-9509-c1cdddbfd6f1";"bp_number_2047";"bp_type_2047";"name_2047"
"bb345fd9-9e01-41a2-b6f4-a328d3083ee5";"bp_number_2048";"bp_type_2048";"name_2048"
"a455ecff-04b1-4929-a4de-889ef74b84bf";"bp_number_2049";"bp_type_2049";"name_2049"
"dac3f685-54bb-4087-841d-6369a28272db";"bp_number_2050";"bp_type_2050";"name_2050"
"56b4847f-646b-49aa-b6d3-e5d2d2766ed9";"bp_number_2051";"bp_type_2051";"name_2051"
"cf154bc9-5f59-4d6f-a93e-0f63bbee8457";"bp_number_2052";"bp_type_2052";"name_2052"
"79d7e421-69c8-4d23-8ab5-820febbb0b05";"bp_number_2053";"bp_type_2053";"name_2053"
"0c9ee3b0-d2c0-470b-a219-8fa020f14df8";"bp_number_2054";"bp_type_2054";"name_2054"
"625c4da5-9eed-4edb-8618-400fc1410d7e";"bp_number_2055";"bp_type_2055";"name_2055"
"64dd8311-cf9d-4199-80de-d9ced2a71571";"bp_number_2056";"bp_type_2056";"name_2056"
"73a479d9-e4f4-44ac-9910-9ca35f8d503b";"bp_number_2057";"bp_type_2057";"name_2057"
"45e182d1-a35a-417f-98e4-de9ce501c728";"bp_number_2058";"bp_type_2058";"name_2058"
"b2989133-2635-42b3-846f-6705eab1607b";"bp_number_2059";"bp_type_2059";"name_2059"
"7d4c0484-64a8-4bc1-81e3-137f90789afc";"bp_number_2060";"bp_type_2060";"name_2060"
"4e1c30c5-35f4-4b1d-8036-7735233e79c3";"bp_number_2061";"bp_type_2061";"name_2061"
"fbcfe783-6648-42da-a1a9-75856f973629";"bp_number_2062";"bp_type_2062";"name_2062"
"a60726c7-68d0-46b9-888c-cf3b1fc6b83d";"bp_number_2063";"bp_type_2063";"name_2063"
"da2737d3-b28c-4a5d-9301-0e8ef754779b";"bp_number_2064";"bp_type_2064";"name_2064"
"3c5b2819-2304-4bb2-917f-d93ad06ebf1c";"bp_number_2065";"bp_type_2065";"name_2065"
"fd0a0450-a236-432d-bc68-6e6d0fdc5c16";"bp_number_2066";"bp_type_2066";"name_2066"
"8206dcfe-3110-4460-abaf-da7b5b4aebff";"bp_number_2067";"bp_type_2067";"name_2067"
"a38ec987-31ce-497e-97c7-77b175402801";"bp_number_2068";"bp_type_2068";"name_2068"
"194387f7-0e53-4155-8790-ab769bbcd046";"bp_number_2069";"bp_type_2069";"name_2069"
"ada8f8f6-b149-4d41-9000-52d3937263ca";"bp_number_2070";"bp_type_2070";"name_2070"
"6a89cc57-2ba4-4e12-92da-2466839731f2";"bp_number_2071";"bp_type_2071";"name_2071"
"f8d071fe-7f0a-40c6-b7b3-0c73010bec50";"bp_number_2072";"bp_type_2072";"name_2072"
"8f192096-52a9-4cf1-85fb-0099f442e1a4";"bp_number_2073";"bp_type_2073";"name_2073"
"468bf96b-1846-4993-be07-952700e1b0fb";"bp_number_2074";"bp_type_2074";"name_2074"
"aabd08e3-4c97-4fda-96b5-c55c1d2426b6";"bp_number_2075";"bp_type_2075";"name_2075"
"662944fc-a76f-4385-b696-5cdae6da6eef";"bp_number_2076";"bp_type_2076";"name_2076"
"eee390d7-6776-4e41-9913-2fda97d6315c";"bp_number_2077";"bp_type_2077";"name_2077"
"03284cb6-594f-4a3e-902b-30ba4fbcb277";"bp_number_2078";"bp_type_2078";"name_2078"
"950bcf0f-e264-44f6-94eb-55fddb4f1aeb";"bp_number_2079";"bp_type_2079";"name_2079"
"fd697e98-6621-46f9-be71-c870cd632124";"bp_number_2080";"bp_type_2080";"name_2080"
"897171d3-bf4c-4c70-ac92-aa46d0e121de";"bp_number_2081";"bp_type_2081";"name_2081"
"c1dfefda-6e74-41bd-80e9-00268f48d08f";"bp_number_2082";"bp_type_2082";"name_2082"
"ff496b79-373c-425d-b64e-f847fa214c15";"bp_number_2083";"bp_type_2083";"name_2083"
"2484b423-9891-4fa7-9de1-3dc0bb9eb44d";"bp_number_2084";"bp_type_2084";"name_2084"
"5a909e47-c1af-4fce-afe6-5693aa13bfd6";"bp_number_2085";"bp_type_2085";"name_2085"
"992f2fba-ef36-4117-9c22-2657f44b00e9";"bp_number_2086";"bp_type_2086";"name_2086"
"1a183fa6-3d6c-415e-8cd5-fe8dd245012e";"bp_number_2087";"bp_type_2087";"name_2087"
"ba398245-3f52-4da2-9ea7-fc4878b61696";"bp_number_2088";"bp_type_2088";"name_2088"
"cab96a8f-169d-4d13-9cca-fe4d0e547ff8";"bp_number_2089";"bp_type_2089";"name_2089"
"f10faae9-9489-4615-bedd-d2e0e4a587ce";"bp_number_2090";"bp_type_2090";"name_2090"
"7d52e0de-8ae7-457a-b9a7-422175415b8e";"bp_number_2091";"bp_type_2091";"name_2091"
"fbb7653c-56c8-4255-b3c8-33d25170f23b";"bp_number_2092";"bp_type_2092";"name_2092"
"160a539f-60db-4aab-8715-96ceebe1e281";"bp_number_2093";"bp_type_2093";"name_2093"
"160507d1-7117-46c5-8089-e7820d3dae41";"bp_number_2094";"bp_type_2094";"name_2094"
"a3a30bf3-5c02-4a85-95b0-1f35b42ca7dd";"bp_number_2095";"bp_type_2095";"name_2095"
"90403de2-1f98-42da-acb1-95fe4f57d853";"bp_number_2096";"bp_type_2096";"name_2096"
"80f23270-2837-4a20-9470-e83acf3ec1fa";"bp_number_2097";"bp_type_2097";"name_2097"
"5f658649-d5b1-44aa-9092-906d47253ce1";"bp_number_2098";"bp_type_2098";"name_2098"
"0ec9bf14-9835-48c2-8c68-f9aaba220edc";"bp_number_2099";"bp_type_2099";"name_2099"
"6ba256b2-6411-4d5c-bdf5-bdef1a461bb1";"bp_number_2100";"bp_type_2100";"name_2100"
"87807d45-de29-4cc8-8570-2577edf1f0db";"bp_number_2101";"bp_type_2101";"name_2101"
"2b4e7a4e-038c-48c9-89fe-0d50601609fa";"bp_number_2102";"bp_type_2102";"name_2102"
"ca92d7de-e5cd-450c-8615-23ad21a32321";"bp_number_2103";"bp_type_2103";"name_2103"
"bf57a6fd-1eec-4645-913d-14e2647fe5eb";"bp_number_2104";"bp_type_2104";"name_2104"
"bf7c79ef-60b2-4ae6-814c-b2c8aed10626";"bp_number_2105";"bp_type_2105";"name_2105"
"2e2e2eef-9310-4fe0-a247-4037e09318b7";"bp_number_2106";"bp_type_2106";"name_2106"
"b6c635b3-94c6-414b-9abf-46caf2ce8696";"bp_number_2107";"bp_type_2107";"name_2107"
"ae178298-4aa3-4359-bfc5-aec87745cf02";"bp_number_2108";"bp_type_2108";"name_2108"
"2a2e998a-eedb-40d7-94ee-a5b892ccd4ee";"bp_number_2109";"bp_type_2109";"name_2109"
"56eac823-db00-489e-8a4a-9b33c2fb2904";"bp_number_2110";"bp_type_2110";"name_2110"
"a831f889-b1c1-4c67-9a1e-edb2c3aed030";"bp_number_2111";"bp_type_2111";"name_2111"
"cffb5c2b-83fb-4cf4-903a-928d77850140";"bp_number_2112";"bp_type_2112";"name_2112"
"84a4eb77-95ea-4e2d-a585-6af99eb2192d";"bp_number_2113";"bp_type_2113";"name_2113"
"37576e26-ebfe-4234-bb7b-c63401a415b4";"bp_number_2114";"bp_type_2114";"name_2114"
"1fc8b5d5-934f-4654-a74f-052ab7f9c6a0";"bp_number_2115";"bp_type_2115";"name_2115"
"c3f018c2-13b4-42c8-8484-3d68dec3090b";"bp_number_2116";"bp_type_2116";"name_2116"
"3daa538e-bf67-4ea1-b39c-8284df8567db";"bp_number_2117";"bp_type_2117";"name_2117"
"3a1726df-5a85-42c6-8bf5-5b8c331dd04a";"bp_number_2118";"bp_type_2118";"name_2118"
"8dc554b6-cb8b-4411-84b1-d2f46d17a010";"bp_number_2119";"bp_type_2119";"name_2119"
"f32999fb-238b-4da3-a9d6-df6b9641ca99";"bp_number_2120";"bp_type_2120";"name_2120"
"db1fbe05-c1bc-403d-8643-2e3dacc38657";"bp_number_2121";"bp_type_2121";"name_2121"
"7fdada5c-d5ed-4bb2-9221-7e31ee3aba3d";"bp_number_2122";"bp_type_2122";"name_2122"
"bdb5aa22-57ee-4b59-969e-1cbc4b4a3fd2";"bp_number_2123";"bp_type_2123";"name_2123"
"e21c9520-e61d-4fcb-a429-d4e6bdecc98c";"bp_number_2124";"bp_type_2124";"name_2124"
"3c6b04f1-158a-4f23-84ef-542af9074545";"bp_number_2125";"bp_type_2125";"name_2125"
"16fba4e8-4648-42bd-b6f2-f1dbcf153832";"bp_number_2126";"bp_type_2126";"name_2126"
"8a98babd-d1c1-471f-889f-eafb28ede6bc";"bp_number_2127";"bp_type_2127";"name_2127"
"3ee2021d-1049-48f7-894d-b476918dc2d5";"bp_number_2128";"bp_type_2128";"name_2128"
"c117dc02-aba5-4ce5-84ea-5e24b06510f2";"bp_number_2129";"bp_type_2129";"name_2129"
"0f533d68-454d-4482-b554-ae5fcea51a72";"bp_number_2130";"bp_type_2130";"name_2130"
"75425f9a-eea0-4923-bd28-bebf374e96d3";"bp_number_2131";"bp_type_2131";"name_2131"
"cd9034b9-df6f-4c27-8cb0-dbe8ad9684a4";"bp_number_2132";"bp_type_2132";"name_2132"
"5baab178-0d96-4138-b05f-3d05dfaf8e79";"bp_number_2133";"bp_type_2133";"name_2133"
"2b6da341-c2fd-458c-ba1f-f184e0d25887";"bp_number_2134";"bp_type_2134";"name_2134"
"750f4cee-5f88-4d8c-8bea-f41912e966fd";"bp_number_2135";"bp_type_2135";"name_2135"
"e40d2c0f-8b3b-4573-9746-d89b9d3a742b";"bp_number_2136";"bp_type_2136";"name_2136"
"c4597a27-b783-487e-9bc7-56cbfa4598e7";"bp_number_2137";"bp_type_2137";"name_2137"
"7b77d9b4-25d4-4a2e-8134-d5cdfdf30626";"bp_number_2138";"bp_type_2138";"name_2138"
"666eef50-c9b1-4a66-ab17-f7cf92fa6e4b";"bp_number_2139";"bp_type_2139";"name_2139"
"ad3821eb-a034-498f-9ebc-95c6f6e19ed7";"bp_number_2140";"bp_type_2140";"name_2140"
"3ba5d4ef-c92d-40af-89b8-aadb32cd689b";"bp_number_2141";"bp_type_2141";"name_2141"
"86383441-c700-4e52-8951-177b34471f95";"bp_number_2142";"bp_type_2142";"name_2142"
"5c0cb16b-b1be-4757-8af0-6859fe5afbd0";"bp_number_2143";"bp_type_2143";"name_2143"
"6c898ac3-454c-4272-a21b-b8ae4cb52485";"bp_number_2144";"bp_type_2144";"name_2144"
"b72798f4-736f-474c-8375-20eea05929d1";"bp_number_2145";"bp_type_2145";"name_2145"
"2b863096-476b-4dea-b171-0490162358dc";"bp_number_2146";"bp_type_2146";"name_2146"
"7f7ed196-1019-47bd-b636-d2b41bc1b081";"bp_number_2147";"bp_type_2147";"name_2147"
"5715429e-8119-4ce8-a10b-2bf99a9610a9";"bp_number_2148";"bp_type_2148";"name_2148"
"74364771-da82-447e-85e5-8b005baef8cb";"bp_number_2149";"bp_type_2149";"name_2149"
"89aca062-38e6-4b45-b7c2-598a156dc262";"bp_number_2150";"bp_type_2150";"name_2150"
"1f658166-9640-4e95-869b-531f5d129b46";"bp_number_2151";"bp_type_2151";"name_2151"
"cf665dda-a573-4094-aeb5-695b93b3e019";"bp_number_2152";"bp_type_2152";"name_2152"
"e9ee904e-3a19-4f86-a2c9-0e2d80ea9154";"bp_number_2153";"bp_type_2153";"name_2153"
"f3e259ac-788d-48de-b3d4-ac45eff0e3c9";"bp_number_2154";"bp_type_2154";"name_2154"
"a8e32826-5208-47ed-b165-9cee4375591a";"bp_number_2155";"bp_type_2155";"name_2155"
"2eb4fc19-4cbd-43d5-bcc6-bb9c92101482";"bp_number_2156";"bp_type_2156";"name_2156"
"50eec06d-04c7-4ad8-8bb2-8b0e1bd00fec";"bp_number_2157";"bp_type_2157";"name_2157"
"339b4f3b-482f-4c33-9a78-da20952b5cef";"bp_number_2158";"bp_type_2158";"name_2158"
"066dc297-2995-411c-8c45-a747575fed4b";"bp_number_2159";"bp_type_2159";"name_2159"
"9e92f2bb-b493-48f1-8a20-5bda7556e553";"bp_number_2160";"bp_type_2160";"name_2160"
"cd4f0fb0-d963-4482-af1f-836139e06223";"bp_number_2161";"bp_type_2161";"name_2161"
"7e4c811a-cda8-41c5-ac4d-1ead54adcb25";"bp_number_2162";"bp_type_2162";"name_2162"
"bc81cff4-ad39-4141-ac57-a4d215710dec";"bp_number_2163";"bp_type_2163";"name_2163"
"ec795beb-68c2-463c-b069-4135276890a0";"bp_number_2164";"bp_type_2164";"name_2164"
"ece00068-b9e1-4fd8-bf4b-523cae9ca8fa";"bp_number_2165";"bp_type_2165";"name_2165"
"e85c56fa-043f-403a-9165-bd5e5adc20d9";"bp_number_2166";"bp_type_2166";"name_2166"
"b6bbd286-3a8f-4131-9c2c-0f3905199057";"bp_number_2167";"bp_type_2167";"name_2167"
"38f3f571-182d-450c-bc39-84443b44b190";"bp_number_2168";"bp_type_2168";"name_2168"
"59354ae7-f314-4c0a-94a4-6259264ab1a1";"bp_number_2169";"bp_type_2169";"name_2169"
"683ef928-c848-4795-b554-ad77af1da5e4";"bp_number_2170";"bp_type_2170";"name_2170"
"f3849a58-d695-4db4-8f19-0a3a1f98de6a";"bp_number_2171";"bp_type_2171";"name_2171"
"dc78e64a-0706-4be3-9b45-5c77183b6693";"bp_number_2172";"bp_type_2172";"name_2172"
"d200ed38-ea85-4207-9eb5-6edf9cd36450";"bp_number_2173";"bp_type_2173";"name_2173"
"57667750-f41a-4864-b41e-51f25200d6ae";"bp_number_2174";"bp_type_2174";"name_2174"
"991280a3-078e-4989-a679-5b8f3b76dfc0";"bp_number_2175";"bp_type_2175";"name_2175"
"3344f2e2-6207-4f08-8dce-b540c6460211";"bp_number_2176";"bp_type_2176";"name_2176"
"bd73f6bd-a1fc-41fb-8135-0addbc90d0c5";"bp_number_2177";"bp_type_2177";"name_2177"
"a200787a-4cb0-4e2d-9178-e43efa5e8364";"bp_number_2178";"bp_type_2178";"name_2178"
"5022de0f-b1d6-4028-a988-72f32385908f";"bp_number_2179";"bp_type_2179";"name_2179"
"9a4a8fe4-e11d-4266-8909-c4d0b564d398";"bp_number_2180";"bp_type_2180";"name_2180"
"0a94f4ea-c692-4f29-b453-33377d5743dc";"bp_number_2181";"bp_type_2181";"name_2181"
"e5c2ff0a-2794-45be-9b32-76aa16444fa5";"bp_number_2182";"bp_type_2182";"name_2182"
"2ee99c71-850e-4342-80ff-7486bd32b80a";"bp_number_2183";"bp_type_2183";"name_2183"
"1bb29801-d0d4-40bd-97a5-663b34dec781";"bp_number_2184";"bp_type_2184";"name_2184"
"5239be79-d066-4017-bdfa-29d6c6b38e9f";"bp_number_2185";"bp_type_2185";"name_2185"
"298aef48-1972-4c79-9358-4989bb558707";"bp_number_2186";"bp_type_2186";"name_2186"
"1aa9cacd-d89a-419a-b2ef-b58bcd8dd6c7";"bp_number_2187";"bp_type_2187";"name_2187"
"4576a90b-ad32-48c5-87fd-c7dc9566e7ad";"bp_number_2188";"bp_type_2188";"name_2188"
"d7225715-fe42-4706-b505-13fb61780c7c";"bp_number_2189";"bp_type_2189";"name_2189"
"d1ddf878-303c-4678-9c15-3a83d0748ca0";"bp_number_2190";"bp_type_2190";"name_2190"
"2120b6dd-7330-4b1a-b1af-55bdcf32d557";"bp_number_2191";"bp_type_2191";"name_2191"
"704353c3-3da3-44ff-bb9e-452c8f771840";"bp_number_2192";"bp_type_2192";"name_2192"
"71602bbe-9ffd-4653-8ade-37e0d0c376d7";"bp_number_2193";"bp_type_2193";"name_2193"
"97c4caea-5042-44e8-820a-d076f8341574";"bp_number_2194";"bp_type_2194";"name_2194"
"64e7cbf6-9fcd-4ee9-82e4-c25aeb9d8cef";"bp_number_2195";"bp_type_2195";"name_2195"
"66bcf157-5198-4933-b18a-08cd6ff224b8";"bp_number_2196";"bp_type_2196";"name_2196"
"8610355e-3746-47f5-b96a-9789fd970b2d";"bp_number_2197";"bp_type_2197";"name_2197"
"17a58257-5eab-4bff-bd31-216adb6c8179";"bp_number_2198";"bp_type_2198";"name_2198"
"b487bfd5-32eb-44c5-b806-93ecbf0cc13b";"bp_number_2199";"bp_type_2199";"name_2199"
"c2817e28-55aa-4f1f-8f06-74df69b5f601";"bp_number_2200";"bp_type_2200";"name_2200"
"2a5a14d4-3e2b-49da-aea8-6479e1e67276";"bp_number_2201";"bp_type_2201";"name_2201"
"6d8daa8b-39df-4098-9ceb-3516df005b43";"bp_number_2202";"bp_type_2202";"name_2202"
"9af15819-ddd3-4a1c-bded-5b4d5ec906e0";"bp_number_2203";"bp_type_2203";"name_2203"
"b083c339-82af-48bb-8233-97c5562c2942";"bp_number_2204";"bp_type_2204";"name_2204"
"581a6af5-e22b-4585-8b2f-d3a4ec20fb9c";"bp_number_2205";"bp_type_2205";"name_2205"
"129dd7ab-75d6-43f3-9d14-dc95857496fc";"bp_number_2206";"bp_type_2206";"name_2206"
"8a09b7c5-66da-4b2e-9fdb-32d684420402";"bp_number_2207";"bp_type_2207";"name_2207"
"f3cbaaed-6803-4f29-99c6-3436108a2524";"bp_number_2208";"bp_type_2208";"name_2208"
"11753bec-47a6-4b36-8007-d2e76f37cb85";"bp_number_2209";"bp_type_2209";"name_2209"
"299c2b4d-1464-4fae-afe1-a023b3742a8b";"bp_number_2210";"bp_type_2210";"name_2210"
"3688845c-6572-4417-a987-fd41c1a830a1";"bp_number_2211";"bp_type_2211";"name_2211"
"f308d3bc-9e89-44c6-a708-907de177b3bf";"bp_number_2212";"bp_type_2212";"name_2212"
"237064ec-1300-4f1d-b26c-27563be63330";"bp_number_2213";"bp_type_2213";"name_2213"
"c1eae8e6-8b1a-45c0-89b7-fc43ac2302cc";"bp_number_2214";"bp_type_2214";"name_2214"
"f8a72cfc-9649-4c57-9dbe-218c8eb4041e";"bp_number_2215";"bp_type_2215";"name_2215"
"e3cc21a0-7bb3-4cf4-be08-c5ae7e6da7a7";"bp_number_2216";"bp_type_2216";"name_2216"
"d1d94a94-551f-4bf9-8475-c135c87a7cbf";"bp_number_2217";"bp_type_2217";"name_2217"
"fb02aad6-51c7-45ec-9166-e32cb640bf9c";"bp_number_2218";"bp_type_2218";"name_2218"
"0f180a78-21ae-4454-85b5-f2ee584563f3";"bp_number_2219";"bp_type_2219";"name_2219"
"02e75d63-b72d-42e0-843d-d675dfd87d88";"bp_number_2220";"bp_type_2220";"name_2220"
"b654ed93-ec7b-479f-a942-d37b79762a2a";"bp_number_2221";"bp_type_2221";"name_2221"
"b009418c-389d-4371-aacf-98596811b34d";"bp_number_2222";"bp_type_2222";"name_2222"
"5c22fa92-c86b-4e21-b7f3-b624efa5e13f";"bp_number_2223";"bp_type_2223";"name_2223"
"257b28d7-c7b9-40d2-bebc-ded1a6eb5496";"bp_number_2224";"bp_type_2224";"name_2224"
"65deef86-9e7f-49b4-9a41-66aa44653b98";"bp_number_2225";"bp_type_2225";"name_2225"
"15476917-c0e3-4b2f-8fd5-940a3ed0e55e";"bp_number_2226";"bp_type_2226";"name_2226"
"2bce5b3e-4bcc-4edd-932f-cf5a979d86c4";"bp_number_2227";"bp_type_2227";"name_2227"
"8415cdac-77c8-45d0-815f-6ddc87d0adbc";"bp_number_2228";"bp_type_2228";"name_2228"
"f2f7eea7-d48f-4169-b889-91b3c0b6ff49";"bp_number_2229";"bp_type_2229";"name_2229"
"7fac40da-cfe5-44b1-b4ab-70dbf39e368c";"bp_number_2230";"bp_type_2230";"name_2230"
"17809ec6-b1b9-4c43-a670-995348ad9cc0";"bp_number_2231";"bp_type_2231";"name_2231"
"db5aa6f0-2474-4481-bd80-3a48ac2a6f2b";"bp_number_2232";"bp_type_2232";"name_2232"
"17795528-127e-4fc7-bf77-07ab682538c0";"bp_number_2233";"bp_type_2233";"name_2233"
"785d4881-8b4f-46e4-9793-75148e74fe3d";"bp_number_2234";"bp_type_2234";"name_2234"
"6d85ef3c-8326-4933-afe5-49d257b8146f";"bp_number_2235";"bp_type_2235";"name_2235"
"5d77c05c-4348-4815-8d7d-b39eb3c57928";"bp_number_2236";"bp_type_2236";"name_2236"
"743ba1f7-b9c7-48eb-adc8-899e73f417ba";"bp_number_2237";"bp_type_2237";"name_2237"
"4837468a-ca75-43ad-be1a-49786424f391";"bp_number_2238";"bp_type_2238";"name_2238"
"34e4446f-fe01-440e-a0e6-8107a8a14dbc";"bp_number_2239";"bp_type_2239";"name_2239"
"f3ed7cd7-6066-41d9-927d-865ebe84773e";"bp_number_2240";"bp_type_2240";"name_2240"
"4182f394-3460-4b65-bd7b-4fc2a4168210";"bp_number_2241";"bp_type_2241";"name_2241"
"d1419b73-2359-4ad6-a4f8-9666d39452ad";"bp_number_2242";"bp_type_2242";"name_2242"
"838b06cd-4c2d-44ff-933f-ff2529651378";"bp_number_2243";"bp_type_2243";"name_2243"
"3e823e11-d7d0-4e52-9f3d-4a5a415dd540";"bp_number_2244";"bp_type_2244";"name_2244"
"f9bd6611-73fe-47b0-9549-d7bfd96291fb";"bp_number_2245";"bp_type_2245";"name_2245"
"eb09c042-4308-4a11-bb1c-57602b6bdc11";"bp_number_2246";"bp_type_2246";"name_2246"
"e603877d-6a68-4131-a141-b9e55b9d610e";"bp_number_2247";"bp_type_2247";"name_2247"
"032c00c1-b882-4592-8cce-c49463706867";"bp_number_2248";"bp_type_2248";"name_2248"
"f606b0cb-86dd-4ca1-8607-65eb812fae22";"bp_number_2249";"bp_type_2249";"name_2249"
"94440277-a92e-4288-8313-d2b8cd2056a9";"bp_number_2250";"bp_type_2250";"name_2250"
"557df6c0-b110-45b2-99a3-1a0f91cba76f";"bp_number_2251";"bp_type_2251";"name_2251"
"cd127e52-3886-403e-b166-bca92905a839";"bp_number_2252";"bp_type_2252";"name_2252"
"58e6f31c-2d10-4d6a-8c69-a7077c9c60c7";"bp_number_2253";"bp_type_2253";"name_2253"
"865ec8d4-2c18-4404-be7c-9cc89bc9b6f9";"bp_number_2254";"bp_type_2254";"name_2254"
"58d949f0-0573-4e73-819b-ac124da3b4e1";"bp_number_2255";"bp_type_2255";"name_2255"
"4c244fc9-b3c9-497b-b6f4-2a369f6e256b";"bp_number_2256";"bp_type_2256";"name_2256"
"cc8156e6-c73e-4e18-84a0-7f487f9136c5";"bp_number_2257";"bp_type_2257";"name_2257"
"f1e47cf2-8874-4197-8641-96b81ac4fa06";"bp_number_2258";"bp_type_2258";"name_2258"
"e8aa06a7-35ac-4535-bcaf-57428342996b";"bp_number_2259";"bp_type_2259";"name_2259"
"871fd277-7e1e-4385-b336-c014ed340a1f";"bp_number_2260";"bp_type_2260";"name_2260"
"bbabe03d-cfc4-4d81-88a4-64a3ebfbd4f4";"bp_number_2261";"bp_type_2261";"name_2261"
"4ce224ba-7474-437b-8bcc-24a916f5d20e";"bp_number_2262";"bp_type_2262";"name_2262"
"9a4bf210-417a-43b7-9577-8e17c85fc4f8";"bp_number_2263";"bp_type_2263";"name_2263"
"730150d8-da60-48c0-b7bf-144fd6fe6e3d";"bp_number_2264";"bp_type_2264";"name_2264"
"e3ed7e14-fb84-40bd-bb6b-59c51ed566e3";"bp_number_2265";"bp_type_2265";"name_2265"
"065a1376-5187-4df8-bf81-9fd0741f9e0e";"bp_number_2266";"bp_type_2266";"name_2266"
"c6a6c52a-68ad-435f-8226-fcf4b87f53a8";"bp_number_2267";"bp_type_2267";"name_2267"
"42779020-1ff0-4839-9470-ef26c336babd";"bp_number_2268";"bp_type_2268";"name_2268"
"8b04f0cd-ba97-41d3-9a5a-14d2ffe7946c";"bp_number_2269";"bp_type_2269";"name_2269"
"a5585609-a520-43df-8cda-c8ef3cb9b78d";"bp_number_2270";"bp_type_2270";"name_2270"
"d6ad8fe3-2cc9-45cf-9b26-dacefacfb92b";"bp_number_2271";"bp_type_2271";"name_2271"
"dacfea8e-22e7-42ac-88c4-58dcd8c5b4d9";"bp_number_2272";"bp_type_2272";"name_2272"
"f26fa0f1-d222-4af0-b010-8aae4f99804b";"bp_number_2273";"bp_type_2273";"name_2273"
"f8ea0cbd-7d1b-42b9-b1c9-4c905fb92dc9";"bp_number_2274";"bp_type_2274";"name_2274"
"00bc6a6e-1bee-4806-99a9-280b79a96672";"bp_number_2275";"bp_type_2275";"name_2275"
"d67514c6-f7f0-4871-9596-bf26897c2624";"bp_number_2276";"bp_type_2276";"name_2276"
"f22161e2-01e8-4b3e-9715-e838c5764b7f";"bp_number_2277";"bp_type_2277";"name_2277"
"c0dda857-87be-4bcd-91b3-491cc2782419";"bp_number_2278";"bp_type_2278";"name_2278"
"3ddce9f2-c7c9-4142-92f2-bd3afca77e7c";"bp_number_2279";"bp_type_2279";"name_2279"
"210084cf-8d66-4acc-b91e-f049ff0c7380";"bp_number_2280";"bp_type_2280";"name_2280"
"ec1340d7-bfb0-4caf-8ccc-cb87bc382bf6";"bp_number_2281";"bp_type_2281";"name_2281"
"831c1984-6705-40e6-846d-6213f8196bd2";"bp_number_2282";"bp_type_2282";"name_2282"
"be206f5b-5b6a-46e2-9339-3fafbe7a0bbe";"bp_number_2283";"bp_type_2283";"name_2283"
"1b9f7033-4e5b-4764-929b-07f0b1a36ee6";"bp_number_2284";"bp_type_2284";"name_2284"
"041030bc-a558-4005-aa4a-ef4003854ae6";"bp_number_2285";"bp_type_2285";"name_2285"
"984d2b57-0c2d-46e2-889d-a78a6ceccb43";"bp_number_2286";"bp_type_2286";"name_2286"
"652126a4-9814-4c48-af60-a187435af601";"bp_number_2287";"bp_type_2287";"name_2287"
"987582b6-10cb-4de8-b6a9-4c245560ea34";"bp_number_2288";"bp_type_2288";"name_2288"
"5401cef4-9952-4497-8ced-1ee7b1ae0e38";"bp_number_2289";"bp_type_2289";"name_2289"
"6f6e0105-27d7-428d-a035-a23305b95c63";"bp_number_2290";"bp_type_2290";"name_2290"
"479bd4e8-5f0d-41ed-ab39-8961caf9e051";"bp_number_2291";"bp_type_2291";"name_2291"
"b974e4b2-d875-4aca-906c-6b9715e399b4";"bp_number_2292";"bp_type_2292";"name_2292"
"740ec75e-561d-459f-93fd-8d816a9d17af";"bp_number_2293";"bp_type_2293";"name_2293"
"42df36bf-29ed-4877-b320-adb50ac11660";"bp_number_2294";"bp_type_2294";"name_2294"
"4586e223-2ab7-40e1-9db0-72a24cf089c4";"bp_number_2295";"bp_type_2295";"name_2295"
"59040b55-47fb-4a60-bf18-6e4650cafa0d";"bp_number_2296";"bp_type_2296";"name_2296"
"088d94ed-4a57-4515-803d-36ecc7f19f04";"bp_number_2297";"bp_type_2297";"name_2297"
"e1ef4420-b66a-47ee-ba2d-d6ce36c3bad2";"bp_number_2298";"bp_type_2298";"name_2298"
"ada81a3f-1b18-4e36-9cb6-a04df9161458";"bp_number_2299";"bp_type_2299";"name_2299"
"e4f5d541-cbd7-486c-a9bf-ff6c7fda19cb";"bp_number_2300";"bp_type_2300";"name_2300"
"6c163fdc-df75-4812-945c-6b57952ebf89";"bp_number_2301";"bp_type_2301";"name_2301"
"22abc85e-7602-49f7-998c-91087856373a";"bp_number_2302";"bp_type_2302";"name_2302"
"8a06103d-7036-4697-98f3-1b726f45bb7f";"bp_number_2303";"bp_type_2303";"name_2303"
"c4855a37-bdf4-49a7-8c13-492fae745d7a";"bp_number_2304";"bp_type_2304";"name_2304"
"bd44abd0-c1ba-46ad-a702-0bba5882fdfd";"bp_number_2305";"bp_type_2305";"name_2305"
"5d7dfb89-6623-4d75-bc4a-039050854211";"bp_number_2306";"bp_type_2306";"name_2306"
"ea727517-9c27-4f8e-94b1-329ee517d8d9";"bp_number_2307";"bp_type_2307";"name_2307"
"f8b3fa01-ba6a-4846-b640-4b69250b9b59";"bp_number_2308";"bp_type_2308";"name_2308"
"a0f8cd4a-3c75-49cc-bc68-595afe0d5375";"bp_number_2309";"bp_type_2309";"name_2309"
"bb7bac3b-7012-474c-9424-cc42b39a3945";"bp_number_2310";"bp_type_2310";"name_2310"
"48def82b-af41-41d2-a14d-0b469947122d";"bp_number_2311";"bp_type_2311";"name_2311"
"5b19b031-1d60-4cf7-801c-eefe60a468bf";"bp_number_2312";"bp_type_2312";"name_2312"
"57077673-ec8d-46f3-aa88-5dcae55a916f";"bp_number_2313";"bp_type_2313";"name_2313"
"040eef54-30df-4cee-a834-966e7912d7c2";"bp_number_2314";"bp_type_2314";"name_2314"
"4a6ddb8c-0bf4-470f-bf7e-f2c47e6d7475";"bp_number_2315";"bp_type_2315";"name_2315"
"37e1280f-5521-4157-9a7b-b2b5179b9360";"bp_number_2316";"bp_type_2316";"name_2316"
"de6e699c-8a46-45f7-a36b-a330d894bed4";"bp_number_2317";"bp_type_2317";"name_2317"
"f46771c7-c423-4c3b-90d2-28cc84688040";"bp_number_2318";"bp_type_2318";"name_2318"
"49232f74-dda5-4afb-a2c3-53138a07c3fc";"bp_number_2319";"bp_type_2319";"name_2319"
"ea8ab46f-d368-45b6-9737-b611a36fc24a";"bp_number_2320";"bp_type_2320";"name_2320"
"2df3b298-0ff2-4a46-bd9a-5616f8c24338";"bp_number_2321";"bp_type_2321";"name_2321"
"6e1ea03e-3bab-4554-b616-d3a75efc86e5";"bp_number_2322";"bp_type_2322";"name_2322"
"c32b076a-404d-4e1b-83bf-6f7239722536";"bp_number_2323";"bp_type_2323";"name_2323"
"40e5e92b-168f-4766-85ec-f9a60c9ece54";"bp_number_2324";"bp_type_2324";"name_2324"
"ff5e0f05-12cb-4c18-8b23-cd454c36c3d4";"bp_number_2325";"bp_type_2325";"name_2325"
"07839b4b-3e8b-458a-8cdc-ef1120892e7f";"bp_number_2326";"bp_type_2326";"name_2326"
"73b52cb5-8380-4b23-a91f-b2148afd6fd9";"bp_number_2327";"bp_type_2327";"name_2327"
"08fd1d3a-e9a1-48f2-8e96-d236d9dedf16";"bp_number_2328";"bp_type_2328";"name_2328"
"5d251aae-ba8e-4bf4-9b41-a52be9b89e2b";"bp_number_2329";"bp_type_2329";"name_2329"
"af62e9b6-c3fc-4dec-92b3-1c415a0c8586";"bp_number_2330";"bp_type_2330";"name_2330"
"9b263512-d7af-403b-9b96-bdeea0039099";"bp_number_2331";"bp_type_2331";"name_2331"
"16049440-cd70-43ad-83b5-6f79f2765ca0";"bp_number_2332";"bp_type_2332";"name_2332"
"503146ee-8912-4f03-b354-7e7803805032";"bp_number_2333";"bp_type_2333";"name_2333"
"8a1ca6c2-9697-4d89-ad2b-9efbff73163f";"bp_number_2334";"bp_type_2334";"name_2334"
"1aca90a4-5e70-45cf-a0b4-daf5cd405736";"bp_number_2335";"bp_type_2335";"name_2335"
"0d0d0362-9236-4f1b-a1b9-28713dedb2ca";"bp_number_2336";"bp_type_2336";"name_2336"
"28e82cf1-79d8-4225-b910-885d6d9ca8db";"bp_number_2337";"bp_type_2337";"name_2337"
"d1623b37-63e8-418c-846f-46b99c831771";"bp_number_2338";"bp_type_2338";"name_2338"
"84644036-34c4-4068-8e71-f12edc9625da";"bp_number_2339";"bp_type_2339";"name_2339"
"526bcba8-a0f8-4810-8857-d8002332c120";"bp_number_2340";"bp_type_2340";"name_2340"
"5c480bd5-56fc-45ef-835c-dfef4ccd96f8";"bp_number_2341";"bp_type_2341";"name_2341"
"25082a7c-bcdc-4b34-9fff-c744b4c95814";"bp_number_2342";"bp_type_2342";"name_2342"
"26aa1fad-92f3-4ea4-bfac-3df4a704e3ad";"bp_number_2343";"bp_type_2343";"name_2343"
"6445ef0c-7537-4472-b7c6-a52ce17782da";"bp_number_2344";"bp_type_2344";"name_2344"
"9f70f06d-f4cb-4ca7-865f-c2af724ad6cd";"bp_number_2345";"bp_type_2345";"name_2345"
"47164c60-b367-4bfa-ba6c-77ea376b7f04";"bp_number_2346";"bp_type_2346";"name_2346"
"59aefac3-1b9c-43be-b406-9a935fdce245";"bp_number_2347";"bp_type_2347";"name_2347"
"7417d115-abc5-4417-a636-7c6367d7c6ad";"bp_number_2348";"bp_type_2348";"name_2348"
"d7de6bb5-ba84-4908-a77f-39f4963b7d18";"bp_number_2349";"bp_type_2349";"name_2349"
"3c5e0fae-6420-4e41-9ea5-6ec9065850e6";"bp_number_2350";"bp_type_2350";"name_2350"
"0399b5f0-2b90-4fe4-91bf-ea6dd923155b";"bp_number_2351";"bp_type_2351";"name_2351"
"00ed3f0a-ad50-441a-88d8-33b6bc2bf5be";"bp_number_2352";"bp_type_2352";"name_2352"
"59636014-271a-480e-9b6d-db9181c85f52";"bp_number_2353";"bp_type_2353";"name_2353"
"23505d62-6432-4ddc-ade2-36d952f8e1c8";"bp_number_2354";"bp_type_2354";"name_2354"
"e322ca99-8970-4b81-bf45-6fd4564cfcbb";"bp_number_2355";"bp_type_2355";"name_2355"
"e4d77b6b-9391-46f2-8e58-ae84042d4e68";"bp_number_2356";"bp_type_2356";"name_2356"
"319e6c83-169b-461b-9c87-53d1e46c8f4d";"bp_number_2357";"bp_type_2357";"name_2357"
"6a351ec3-c43d-4013-ab84-cae676e82916";"bp_number_2358";"bp_type_2358";"name_2358"
"90070674-feb5-4495-847d-822488dab872";"bp_number_2359";"bp_type_2359";"name_2359"
"f8c945a3-c9ca-4d61-8a11-6947459be31b";"bp_number_2360";"bp_type_2360";"name_2360"
"890f46c5-8c9b-47ae-a5ac-efb0adc4ce45";"bp_number_2361";"bp_type_2361";"name_2361"
"921e65f6-e3c6-4a38-bc82-ba12e5eb97f2";"bp_number_2362";"bp_type_2362";"name_2362"
"b11b38c0-c5fe-4f44-ab25-3dfe31e05f52";"bp_number_2363";"bp_type_2363";"name_2363"
"4b2f9252-636e-4553-bd2c-265a8fee9834";"bp_number_2364";"bp_type_2364";"name_2364"
"c5925c21-c0e1-450d-94bb-5eb86b4dd497";"bp_number_2365";"bp_type_2365";"name_2365"
"855408d5-9595-4184-85b5-97e44b4ba414";"bp_number_2366";"bp_type_2366";"name_2366"
"fee460f5-d3b2-416e-b8f7-c9bbfbaebee7";"bp_number_2367";"bp_type_2367";"name_2367"
"72fcbc63-e1d7-4089-9226-63b29395d3d2";"bp_number_2368";"bp_type_2368";"name_2368"
"19fef2fa-a3db-4633-a153-88b097c2e7f8";"bp_number_2369";"bp_type_2369";"name_2369"
"0da6c438-68f0-4d35-8371-40e1fe24f82c";"bp_number_2370";"bp_type_2370";"name_2370"
"8645f925-bcc7-4bac-ae31-fc02cae0b41e";"bp_number_2371";"bp_type_2371";"name_2371"
"c4b75999-be28-4ee2-b176-737e51f8b2d1";"bp_number_2372";"bp_type_2372";"name_2372"
"90009b63-715b-4d03-83b8-17319343477f";"bp_number_2373";"bp_type_2373";"name_2373"
"e67f0072-b3d2-4282-91c9-85a14aab6f39";"bp_number_2374";"bp_type_2374";"name_2374"
"80a1b6e5-f6a1-411f-bde4-12a201545d3a";"bp_number_2375";"bp_type_2375";"name_2375"
"fe4f841a-49c1-40d4-98c6-fb96a24f1dcf";"bp_number_2376";"bp_type_2376";"name_2376"
"fc96bcc9-0e70-436b-96eb-0f8b91a785bd";"bp_number_2377";"bp_type_2377";"name_2377"
"99510895-ab23-411c-b04a-3593a4e93171";"bp_number_2378";"bp_type_2378";"name_2378"
"2b9b51f2-eee2-480f-b415-9c1549f0136c";"bp_number_2379";"bp_type_2379";"name_2379"
"5ba5e6df-7070-451b-9fb4-8024efcd4ff0";"bp_number_2380";"bp_type_2380";"name_2380"
"0c74d8f5-b093-4d1b-9319-54ba429b0798";"bp_number_2381";"bp_type_2381";"name_2381"
"ac1f74c7-b870-47a1-9936-c17ec988c222";"bp_number_2382";"bp_type_2382";"name_2382"
"aaa3a602-2044-4d1e-9369-3c9354d2368d";"bp_number_2383";"bp_type_2383";"name_2383"
"ce6cbafa-e6db-41fb-971b-dc3cb6efb44c";"bp_number_2384";"bp_type_2384";"name_2384"
"786e7358-9d7c-4ebe-a8e0-4a38c4c12ae7";"bp_number_2385";"bp_type_2385";"name_2385"
"99302f5b-28fc-4743-85c8-3b7851f55ed0";"bp_number_2386";"bp_type_2386";"name_2386"
"5299d39c-ebb5-4989-ae27-7ce2d9a8d7ea";"bp_number_2387";"bp_type_2387";"name_2387"
"1064f6ad-9b94-4296-8fb6-de80d26c6109";"bp_number_2388";"bp_type_2388";"name_2388"
"31885718-cda3-4782-aed4-be5703b138cd";"bp_number_2389";"bp_type_2389";"name_2389"
"30e8f19a-9ca9-42dd-b366-f19ab4f41d2a";"bp_number_2390";"bp_type_2390";"name_2390"
"d272a07d-a24d-4fe4-b929-0de9bfaac18e";"bp_number_2391";"bp_type_2391";"name_2391"
"d25ff498-8388-431f-92d4-fda057146751";"bp_number_2392";"bp_type_2392";"name_2392"
"8f0c71ad-1389-4fe6-929b-aa0df8fb7f64";"bp_number_2393";"bp_type_2393";"name_2393"
"187db653-0986-4962-a5ce-28f621fa0481";"bp_number_2394";"bp_type_2394";"name_2394"
"194e6b19-afdf-42c4-88ac-4ec923f98deb";"bp_number_2395";"bp_type_2395";"name_2395"
"e0c845a2-f5f4-4ff5-b0b4-2ace903572a6";"bp_number_2396";"bp_type_2396";"name_2396"
"4c8cb8e5-eeb4-4e6e-b9b3-83f24e439f55";"bp_number_2397";"bp_type_2397";"name_2397"
"d399a4c4-5f5b-4fe5-bec2-c9087dc68f8d";"bp_number_2398";"bp_type_2398";"name_2398"
"7ab11728-add6-4e7c-bc98-d5942863a639";"bp_number_2399";"bp_type_2399";"name_2399"
"257829c2-6be3-4c2a-b5d3-702ac899aaeb";"bp_number_2400";"bp_type_2400";"name_2400"
"db310a76-88a5-4af8-b81e-e812970a9609";"bp_number_2401";"bp_type_2401";"name_2401"
"56c95720-6115-458e-bd63-29206215a55c";"bp_number_2402";"bp_type_2402";"name_2402"
"f24be0a2-e90a-4038-a11d-88eccdfcc4bd";"bp_number_2403";"bp_type_2403";"name_2403"
"c0f58265-c00c-4f2f-9afa-9144aa421f3f";"bp_number_2404";"bp_type_2404";"name_2404"
"4f1042db-35ac-4317-8feb-ef5767da3648";"bp_number_2405";"bp_type_2405";"name_2405"
"431d37c3-b76d-4328-abee-44226604aa33";"bp_number_2406";"bp_type_2406";"name_2406"
"85316701-e52b-449f-85a4-3782676b8086";"bp_number_2407";"bp_type_2407";"name_2407"
"3c278c2b-a3b6-413b-970d-b22ae5f3a178";"bp_number_2408";"bp_type_2408";"name_2408"
"51dc1b53-439f-4e3e-8e6a-d202b665db51";"bp_number_2409";"bp_type_2409";"name_2409"
"4655d154-0df6-4ad1-b219-156a0ee39140";"bp_number_2410";"bp_type_2410";"name_2410"
"ab2f2d28-c8d6-4ba8-beb0-5094618f2d53";"bp_number_2411";"bp_type_2411";"name_2411"
"370f6650-d83c-46f7-9c4b-db9dc269c29c";"bp_number_2412";"bp_type_2412";"name_2412"
"a636cc94-f192-46cf-af3f-702d07218530";"bp_number_2413";"bp_type_2413";"name_2413"
"249e52fa-4f04-48df-b418-732952b03501";"bp_number_2414";"bp_type_2414";"name_2414"
"3c3d8aa9-a308-4924-a853-ddc49c7166ac";"bp_number_2415";"bp_type_2415";"name_2415"
"a0d232f6-56e3-4eb2-a843-ece2f6821d02";"bp_number_2416";"bp_type_2416";"name_2416"
"765b4423-61d7-4325-8b1e-82daafa72c18";"bp_number_2417";"bp_type_2417";"name_2417"
"bdc9c4e7-6aec-4282-a7b3-3b860d2e4c9c";"bp_number_2418";"bp_type_2418";"name_2418"
"993f4db8-a4c1-4dfe-b633-42ed84e7327c";"bp_number_2419";"bp_type_2419";"name_2419"
"bf967432-784f-44a0-9fbd-e44537b325bf";"bp_number_2420";"bp_type_2420";"name_2420"
"0e410412-e2e2-4fc2-a9be-899e49b577b4";"bp_number_2421";"bp_type_2421";"name_2421"
"9039066f-c408-4e69-a97a-69c809a4df55";"bp_number_2422";"bp_type_2422";"name_2422"
"99943094-d9eb-46fb-9171-6837d40c583f";"bp_number_2423";"bp_type_2423";"name_2423"
"06d32062-4433-401b-9015-ed6e5f1390f4";"bp_number_2424";"bp_type_2424";"name_2424"
"a7e33660-5bbd-44e4-bec0-9390179eef01";"bp_number_2425";"bp_type_2425";"name_2425"
"21f3eb8d-1285-43c8-8b54-620adb6dc4e7";"bp_number_2426";"bp_type_2426";"name_2426"
"48311a65-9d3f-4ca6-83a8-52b6d514c248";"bp_number_2427";"bp_type_2427";"name_2427"
"e3f84e36-40ae-4249-8ad6-ff30d34bb19c";"bp_number_2428";"bp_type_2428";"name_2428"
"d63d9058-9ced-42b4-81ef-cb0bbf6109ef";"bp_number_2429";"bp_type_2429";"name_2429"
"177e6228-3732-4fa8-b179-d0f1a320c377";"bp_number_2430";"bp_type_2430";"name_2430"
"ad17d04d-1495-4deb-bda4-513c772d7e15";"bp_number_2431";"bp_type_2431";"name_2431"
"9eca9472-1bec-495a-b3d3-0da659396b90";"bp_number_2432";"bp_type_2432";"name_2432"
"668228cb-aca1-41cb-bbfe-e5d77fa8f2b0";"bp_number_2433";"bp_type_2433";"name_2433"
"af5c66d3-07f4-4583-9ebd-20b38fd28803";"bp_number_2434";"bp_type_2434";"name_2434"
"f25ae937-58d2-410e-a02b-474213a52409";"bp_number_2435";"bp_type_2435";"name_2435"
"af4bcb99-1e69-47a1-9ae2-9cb8bf4a6311";"bp_number_2436";"bp_type_2436";"name_2436"
"3b1de913-c008-4213-a8ee-74f1cc2fa809";"bp_number_2437";"bp_type_2437";"name_2437"
"27cdfc6f-ed9b-4119-b45f-80f0fee1375a";"bp_number_2438";"bp_type_2438";"name_2438"
"03e6f99e-a7ce-4475-9389-6203a4c41b80";"bp_number_2439";"bp_type_2439";"name_2439"
"a783b046-867f-4ca4-9518-0a6a3228297b";"bp_number_2440";"bp_type_2440";"name_2440"
"fbafa0e7-67c4-46e9-b0c9-02ff0e2b7aa5";"bp_number_2441";"bp_type_2441";"name_2441"
"d498e4ff-f6dc-42f0-b580-2a7af4234632";"bp_number_2442";"bp_type_2442";"name_2442"
"270ff6d8-a370-4746-8c56-948e512af7e1";"bp_number_2443";"bp_type_2443";"name_2443"
"18e6bf6c-8bf4-401b-8633-39c606e4aa0e";"bp_number_2444";"bp_type_2444";"name_2444"
"ad706d64-97ba-4732-8805-ba46b30cb54c";"bp_number_2445";"bp_type_2445";"name_2445"
"2ae265f0-e7a5-45ff-aa15-df0a6781adc5";"bp_number_2446";"bp_type_2446";"name_2446"
"c768109b-daec-42b0-9ad8-916df540430a";"bp_number_2447";"bp_type_2447";"name_2447"
"8ee99a77-19db-4686-b6c1-1c95685c1936";"bp_number_2448";"bp_type_2448";"name_2448"
"e255668f-923c-4c1c-909d-e50fd617f1d5";"bp_number_2449";"bp_type_2449";"name_2449"
"78a38021-272e-49ad-8be8-b3e93ce7f050";"bp_number_2450";"bp_type_2450";"name_2450"
"14e2952b-937b-4f96-af08-21222b44c77a";"bp_number_2451";"bp_type_2451";"name_2451"
"1ff8ecc6-fe14-41f6-8dcc-06fe457733a4";"bp_number_2452";"bp_type_2452";"name_2452"
"aa54457e-7fd2-46a6-8de9-078b739501cb";"bp_number_2453";"bp_type_2453";"name_2453"
"431d81a7-f823-4022-a03a-52bd8506a843";"bp_number_2454";"bp_type_2454";"name_2454"
"a4943055-f08c-4b14-bf45-7122d55d9d40";"bp_number_2455";"bp_type_2455";"name_2455"
"16d7575e-0e0b-4d84-b72e-b876c4b203cc";"bp_number_2456";"bp_type_2456";"name_2456"
"458b3caa-52a2-4480-9bb3-bfa5dc464e11";"bp_number_2457";"bp_type_2457";"name_2457"
"8a3e92a1-d098-41c4-a661-76b8935ada6e";"bp_number_2458";"bp_type_2458";"name_2458"
"79f0250a-efb8-4c16-8d65-647f5a880005";"bp_number_2459";"bp_type_2459";"name_2459"
"3d8c0e88-60cb-4567-a1d0-84e4ca811ba7";"bp_number_2460";"bp_type_2460";"name_2460"
"97e720dc-1e77-4c7c-9235-10e36079878e";"bp_number_2461";"bp_type_2461";"name_2461"
"697f44df-4c4d-499f-b646-8a4e21a38e0a";"bp_number_2462";"bp_type_2462";"name_2462"
"343c3747-c0b8-4dcc-957d-d43124c97a9d";"bp_number_2463";"bp_type_2463";"name_2463"
"865ad4c1-fca9-4ca3-a690-87cabe6acc5c";"bp_number_2464";"bp_type_2464";"name_2464"
"bd1f49d8-a0b7-4d80-8aff-ae88cf7e2e3f";"bp_number_2465";"bp_type_2465";"name_2465"
"d43fb3b5-07a2-421c-9131-82660ca6a2d9";"bp_number_2466";"bp_type_2466";"name_2466"
"3b97675e-e76a-42d3-969c-76cc208d384c";"bp_number_2467";"bp_type_2467";"name_2467"
"01f57fae-3697-4a0d-ab4d-2df2a5fd6dc2";"bp_number_2468";"bp_type_2468";"name_2468"
"717ed2b5-d8af-46c4-8d1b-2d78d8f38f8f";"bp_number_2469";"bp_type_2469";"name_2469"
"0da3d327-90a9-4fbd-ab28-a8609777a2d0";"bp_number_2470";"bp_type_2470";"name_2470"
"fc3c92ed-fbb1-46e5-9e90-311e5cd8a8da";"bp_number_2471";"bp_type_2471";"name_2471"
"2a53dfc6-e1ca-44d3-9d6d-c9fb2fa50552";"bp_number_2472";"bp_type_2472";"name_2472"
"9b74a36a-ed4a-47eb-9678-26077c2359aa";"bp_number_2473";"bp_type_2473";"name_2473"
"398d3513-e8f8-4324-92c2-a5df00851bcd";"bp_number_2474";"bp_type_2474";"name_2474"
"3e128858-33c2-48b2-9949-978be53dbe7e";"bp_number_2475";"bp_type_2475";"name_2475"
"d3c719fe-c9d1-4359-948e-a7a78f72326f";"bp_number_2476";"bp_type_2476";"name_2476"
"2fed9cc6-1e17-4085-b8f8-c0aba037bcb7";"bp_number_2477";"bp_type_2477";"name_2477"
"a4897956-4cde-49cb-8150-03049cef5749";"bp_number_2478";"bp_type_2478";"name_2478"
"2a43e6a8-9045-4d76-8e67-dda8e0b3ec4a";"bp_number_2479";"bp_type_2479";"name_2479"
"9250f38c-21b7-446a-ac37-bbed0e44ea50";"bp_number_2480";"bp_type_2480";"name_2480"
"9eefe0a4-608b-46ed-ba18-16ddbd061a1d";"bp_number_2481";"bp_type_2481";"name_2481"
"b2d11b11-aa6a-4072-8262-2a5c099e721c";"bp_number_2482";"bp_type_2482";"name_2482"
"5c08992f-d18f-4e21-9905-d3afe1216588";"bp_number_2483";"bp_type_2483";"name_2483"
"e13a76d3-5315-4124-a00f-05bfcd37861f";"bp_number_2484";"bp_type_2484";"name_2484"
"fbeb118f-2045-4187-865d-cbb28f8b3732";"bp_number_2485";"bp_type_2485";"name_2485"
"047949ef-8bb6-473f-bff0-b9180922510e";"bp_number_2486";"bp_type_2486";"name_2486"
"c9abe40f-c22d-48cc-8044-859511812bce";"bp_number_2487";"bp_type_2487";"name_2487"
"13627b09-a2fe-45e7-a58b-783b95583845";"bp_number_2488";"bp_type_2488";"name_2488"
"e2053102-7a1e-4899-a5c4-b95b48611226";"bp_number_2489";"bp_type_2489";"name_2489"
"1750f514-54db-42a9-a713-c45e30be9cc7";"bp_number_2490";"bp_type_2490";"name_2490"
"5567dc70-fe84-40d0-ad93-0ef250ccd41b";"bp_number_2491";"bp_type_2491";"name_2491"
"1c0454b4-3543-47b3-89d9-4dc8b874e807";"bp_number_2492";"bp_type_2492";"name_2492"
"72051345-7869-4200-8e3c-afc17b090776";"bp_number_2493";"bp_type_2493";"name_2493"
"27431266-c316-4e28-9b93-836feaebf2fe";"bp_number_2494";"bp_type_2494";"name_2494"
"b7e86141-0b80-4a9c-9cd7-937a52a74b62";"bp_number_2495";"bp_type_2495";"name_2495"
"70d748ad-a37b-4525-abdb-5e4ade984bfb";"bp_number_2496";"bp_type_2496";"name_2496"
"debd4580-4a37-4b69-9547-fa03ea50bb44";"bp_number_2497";"bp_type_2497";"name_2497"
"82d2484d-346c-45f3-ba55-c44c03ea50b5";"bp_number_2498";"bp_type_2498";"name_2498"
"3434f7c5-a2f5-4ccf-85b1-c79334c55214";"bp_number_2499";"bp_type_2499";"name_2499"
"c549c698-3f15-4b4f-b81a-f7349477bdef";"bp_number_2500";"bp_type_2500";"name_2500"
"3f62d747-32ff-4801-af94-8883cbeb9862";"bp_number_2501";"bp_type_2501";"name_2501"
"0cc97172-94ba-4e72-bb1a-00d9f8756559";"bp_number_2502";"bp_type_2502";"name_2502"
"9b36641f-9750-4a45-910d-2b49dfd5b34b";"bp_number_2503";"bp_type_2503";"name_2503"
"c0542c9e-ab2e-4e35-b390-4a68951c8f08";"bp_number_2504";"bp_type_2504";"name_2504"
"9267ac58-b288-4ba1-a2cd-0bc2f199e2d1";"bp_number_2505";"bp_type_2505";"name_2505"
"9b1c2cdc-071e-423c-98fb-f7b34b9be477";"bp_number_2506";"bp_type_2506";"name_2506"
"2b2f268e-dd03-470c-a32b-b085c9051633";"bp_number_2507";"bp_type_2507";"name_2507"
"87f24e2d-ba82-4561-919e-0a17f65f7cee";"bp_number_2508";"bp_type_2508";"name_2508"
"248831a6-1aed-447a-8056-58985b13450b";"bp_number_2509";"bp_type_2509";"name_2509"
"898e121f-d015-4f03-a77c-a9054697ae62";"bp_number_2510";"bp_type_2510";"name_2510"
"b0641f9d-5489-4660-9e3b-57cce7e59617";"bp_number_2511";"bp_type_2511";"name_2511"
"c6bb7eac-15d8-4b81-a1c5-bb9af0b80216";"bp_number_2512";"bp_type_2512";"name_2512"
"83fb8b01-52cb-4b70-9a3a-14cacf5460cf";"bp_number_2513";"bp_type_2513";"name_2513"
"488f76fd-34da-46ff-a44b-a32111497d57";"bp_number_2514";"bp_type_2514";"name_2514"
"79e7b75d-b536-47eb-a59b-07f0656b05e8";"bp_number_2515";"bp_type_2515";"name_2515"
"ab82fa98-580d-4c34-9a06-b5ce11dd63f5";"bp_number_2516";"bp_type_2516";"name_2516"
"819e139b-de54-4b35-80b8-ad54553eea9d";"bp_number_2517";"bp_type_2517";"name_2517"
"63fe1f05-1633-4cb4-b1a3-b7f6f77b91a9";"bp_number_2518";"bp_type_2518";"name_2518"
"dc0b8be2-2484-47d8-8027-a690ce74857a";"bp_number_2519";"bp_type_2519";"name_2519"
"c4877532-7f8e-46c8-a1b0-9dd8eea6fb79";"bp_number_2520";"bp_type_2520";"name_2520"
"8912e209-ee85-4cb1-a109-c7f1a6d23660";"bp_number_2521";"bp_type_2521";"name_2521"
"b42cc0a9-1859-424b-ae6e-ff1f91c84779";"bp_number_2522";"bp_type_2522";"name_2522"
"2364bf2c-7096-4514-b612-9ddd6682b6ab";"bp_number_2523";"bp_type_2523";"name_2523"
"fc0b6c66-2d86-45cc-9814-eddbd86cf9ee";"bp_number_2524";"bp_type_2524";"name_2524"
"c207b367-1d12-4209-bf9b-3c408aa08513";"bp_number_2525";"bp_type_2525";"name_2525"
"71a077a0-bdab-4853-8770-cf57e154e7a8";"bp_number_2526";"bp_type_2526";"name_2526"
"565a130f-d7f8-4033-9ca7-795accbe28a1";"bp_number_2527";"bp_type_2527";"name_2527"
"4d463155-beff-4fd5-9d31-a52a11702bad";"bp_number_2528";"bp_type_2528";"name_2528"
"ae5d6ef8-629e-479c-a727-b990d3bf02d4";"bp_number_2529";"bp_type_2529";"name_2529"
"13465900-9070-4f7d-bdeb-fc48718c5757";"bp_number_2530";"bp_type_2530";"name_2530"
"66910fc7-84a7-4e21-b091-a509e71a984d";"bp_number_2531";"bp_type_2531";"name_2531"
"bb49eae1-a162-4115-972d-28f79b0005f3";"bp_number_2532";"bp_type_2532";"name_2532"
"60d74e1a-1b9a-49c9-ba84-54909ce44464";"bp_number_2533";"bp_type_2533";"name_2533"
"52a14df4-478f-4ee2-a6cf-25cb7cc65ad1";"bp_number_2534";"bp_type_2534";"name_2534"
"4c6a591e-5c66-4578-a112-a560716cf97e";"bp_number_2535";"bp_type_2535";"name_2535"
"c4662d20-135a-4435-b712-84aeab537fb4";"bp_number_2536";"bp_type_2536";"name_2536"
"c2c81fc9-3c5c-4914-b562-1936cdfdeb02";"bp_number_2537";"bp_type_2537";"name_2537"
"cf768963-1db9-4f07-a52b-50bbfedede4b";"bp_number_2538";"bp_type_2538";"name_2538"
"75774e3d-dbc3-496f-a268-5ef9c6a8a5b8";"bp_number_2539";"bp_type_2539";"name_2539"
"2490527e-d873-43c6-bd04-9ce223980677";"bp_number_2540";"bp_type_2540";"name_2540"
"cc4945d8-abc1-4c94-9a02-34ad4acfd98f";"bp_number_2541";"bp_type_2541";"name_2541"
"1d3277a5-a979-4b4e-8cd7-b68dfb91d175";"bp_number_2542";"bp_type_2542";"name_2542"
"70852bd1-03f9-463e-b1f3-ecc252e2d452";"bp_number_2543";"bp_type_2543";"name_2543"
"c94c4e52-2ac6-4137-9ff3-9b2f386ece57";"bp_number_2544";"bp_type_2544";"name_2544"
"950c0ede-3992-4c98-8163-71add4b28de6";"bp_number_2545";"bp_type_2545";"name_2545"
"ed69a9a6-41be-46d7-8a3f-4dc7701d2f7b";"bp_number_2546";"bp_type_2546";"name_2546"
"895406ac-fb07-480a-b8bf-7cdefb0e3841";"bp_number_2547";"bp_type_2547";"name_2547"
"612ab3d2-5b3f-4154-8795-541ff87fd4cb";"bp_number_2548";"bp_type_2548";"name_2548"
"3ea52423-1f4f-4c1c-9e6e-b6b0438897ed";"bp_number_2549";"bp_type_2549";"name_2549"
"8214430a-2dd2-49ff-8212-0a3334f990e3";"bp_number_2550";"bp_type_2550";"name_2550"
"dde66ef4-5fce-4e91-91dc-93e0500391a1";"bp_number_2551";"bp_type_2551";"name_2551"
"c90906aa-c740-40ec-908c-75204d9261f7";"bp_number_2552";"bp_type_2552";"name_2552"
"e72b2fcd-e7f4-4483-82d8-f23db011b81a";"bp_number_2553";"bp_type_2553";"name_2553"
"ec43c52c-517b-42e3-89eb-df4a07540c66";"bp_number_2554";"bp_type_2554";"name_2554"
"9537b7c0-75ba-44bb-9403-512693fed39d";"bp_number_2555";"bp_type_2555";"name_2555"
"2f9259cf-3403-4afc-9e25-5b157510a29b";"bp_number_2556";"bp_type_2556";"name_2556"
"11b3d99d-0a5e-46b9-bfcc-6569089b4170";"bp_number_2557";"bp_type_2557";"name_2557"
"2ab8ff83-286f-4811-a82c-6eebc8a4371a";"bp_number_2558";"bp_type_2558";"name_2558"
"5e410ffd-1b11-4223-94c2-4986c88b88c5";"bp_number_2559";"bp_type_2559";"name_2559"
"7a81d245-53f0-43ab-9e78-c03c6a65fe6a";"bp_number_2560";"bp_type_2560";"name_2560"
"27787c5e-8c86-43ac-b746-548453f44865";"bp_number_2561";"bp_type_2561";"name_2561"
"cf961e6d-ec0d-4967-8ff3-e4fb49122d02";"bp_number_2562";"bp_type_2562";"name_2562"
"9dbd81de-127e-4b77-b4a4-1ed7c722765e";"bp_number_2563";"bp_type_2563";"name_2563"
"b981abd0-b6fb-4fa3-87cb-81d847d29e60";"bp_number_2564";"bp_type_2564";"name_2564"
"17ebce87-999a-49ac-bf48-ad437f8f8f53";"bp_number_2565";"bp_type_2565";"name_2565"
"ea1b442f-5879-4b41-a812-daa311680157";"bp_number_2566";"bp_type_2566";"name_2566"
"a871a593-e602-423a-b291-1935fb27634c";"bp_number_2567";"bp_type_2567";"name_2567"
"5c9e6914-169f-430d-9bd0-52db777cf53e";"bp_number_2568";"bp_type_2568";"name_2568"
"37276eb9-a9da-4e3c-8d4d-82cc9c2a7f86";"bp_number_2569";"bp_type_2569";"name_2569"
"d0ef49c6-1523-4f5e-9df8-e5713d0ba6e2";"bp_number_2570";"bp_type_2570";"name_2570"
"0d45c84e-f85b-4544-93d4-ea547c8368f1";"bp_number_2571";"bp_type_2571";"name_2571"
"9b8f6d95-8bb3-4d77-a942-5279c719d068";"bp_number_2572";"bp_type_2572";"name_2572"
"4d494de9-cfbe-4c9b-829b-d94b7f15e55e";"bp_number_2573";"bp_type_2573";"name_2573"
"66255801-c33a-481c-84fe-cc03d957768a";"bp_number_2574";"bp_type_2574";"name_2574"
"5daf555d-3433-4294-99ff-3c0d2ec4d850";"bp_number_2575";"bp_type_2575";"name_2575"
"cddbbcf8-970a-4745-9ff5-f1ea4ee83061";"bp_number_2576";"bp_type_2576";"name_2576"
"ee71d319-df46-41ea-a17f-cbf15b831b50";"bp_number_2577";"bp_type_2577";"name_2577"
"6afa1c1e-4350-4a48-9c93-cd1d3ebbf081";"bp_number_2578";"bp_type_2578";"name_2578"
"ca0dd356-a624-4600-8709-a93b5dab4bc3";"bp_number_2579";"bp_type_2579";"name_2579"
"5335186d-5db9-4a98-b51c-d4e0af89a61b";"bp_number_2580";"bp_type_2580";"name_2580"
"6e53b7c5-1c0a-4dce-aef1-71ab578a03a1";"bp_number_2581";"bp_type_2581";"name_2581"
"e8a7c418-720f-4f76-8d9f-5b69d6c2e10e";"bp_number_2582";"bp_type_2582";"name_2582"
"3147ceb4-a814-4102-a386-55edc37018f6";"bp_number_2583";"bp_type_2583";"name_2583"
"c58578e6-a0d6-4764-89fd-5f133402f934";"bp_number_2584";"bp_type_2584";"name_2584"
"635234d6-b6f4-4eff-b8b8-b71cf1c83a0f";"bp_number_2585";"bp_type_2585";"name_2585"
"ed65d602-0c91-480b-9234-baf094c24edc";"bp_number_2586";"bp_type_2586";"name_2586"
"c9ed646a-06fb-4254-9628-d4e379ec86a7";"bp_number_2587";"bp_type_2587";"name_2587"
"64def091-7927-4f9c-a583-10d1e9bfd778";"bp_number_2588";"bp_type_2588";"name_2588"
"74f5af95-5731-4a4c-8a04-698e7d197691";"bp_number_2589";"bp_type_2589";"name_2589"
"26a7cce6-c596-4c92-bb98-842cf963ca75";"bp_number_2590";"bp_type_2590";"name_2590"
"c091cafe-deec-4489-b82b-34553ba2e285";"bp_number_2591";"bp_type_2591";"name_2591"
"8abdfac7-f1a8-4011-8da8-78a8c41a44db";"bp_number_2592";"bp_type_2592";"name_2592"
"a3495254-83db-4ea6-948f-b79de2ac1ec7";"bp_number_2593";"bp_type_2593";"name_2593"
"e80bb570-9736-49c5-a603-0b672562f87b";"bp_number_2594";"bp_type_2594";"name_2594"
"27a74840-4ed1-4e92-8b97-fce8dc7dd13a";"bp_number_2595";"bp_type_2595";"name_2595"
"d30d931d-4b6a-4370-8428-0db5f87f821e";"bp_number_2596";"bp_type_2596";"name_2596"
"3d1435a7-ff9a-483d-9595-fc4a71bc8596";"bp_number_2597";"bp_type_2597";"name_2597"
"7e466e7a-e419-4f63-b2a7-95efea26b007";"bp_number_2598";"bp_type_2598";"name_2598"
"57c4c87b-120e-4303-b3a3-ef996c31b78e";"bp_number_2599";"bp_type_2599";"name_2599"
"13e18b2e-1b58-4b49-9de8-ba796e635a30";"bp_number_2600";"bp_type_2600";"name_2600"
"6c5e955d-38d2-403e-add0-f6cd285b9f00";"bp_number_2601";"bp_type_2601";"name_2601"
"7a572a1e-3934-412d-bafb-54c517f63a82";"bp_number_2602";"bp_type_2602";"name_2602"
"6a79e807-62fe-4583-8a81-8ed6afd9b638";"bp_number_2603";"bp_type_2603";"name_2603"
"2b7a98c8-878e-4246-bf0e-6ddc76da67e5";"bp_number_2604";"bp_type_2604";"name_2604"
"e0b1482b-ece5-49e1-9a37-9755f9ac8af1";"bp_number_2605";"bp_type_2605";"name_2605"
"813e4e2d-0f8d-45fa-b37b-6d19e66b96ef";"bp_number_2606";"bp_type_2606";"name_2606"
"df72cf7f-b4ec-45c9-a647-98509a72b266";"bp_number_2607";"bp_type_2607";"name_2607"
"bea70e03-3736-48b0-ac53-e1319d6f89db";"bp_number_2608";"bp_type_2608";"name_2608"
"881b52a9-5414-49e7-be8f-19119882de9a";"bp_number_2609";"bp_type_2609";"name_2609"
"7596f24d-1c36-4fe8-897e-26ae3507888e";"bp_number_2610";"bp_type_2610";"name_2610"
"e389c9e4-5ee2-4884-9d91-7268075868f8";"bp_number_2611";"bp_type_2611";"name_2611"
"ebe8ec5e-f76c-45ef-9816-970d28daef2f";"bp_number_2612";"bp_type_2612";"name_2612"
"b118561c-b1ef-4dfd-b01e-ba956b8d1f73";"bp_number_2613";"bp_type_2613";"name_2613"
"28162f3f-7bb1-4b8a-adc9-ad02cbcb6972";"bp_number_2614";"bp_type_2614";"name_2614"
"e4d379ae-fa9f-4dc5-8b50-49658fba1579";"bp_number_2615";"bp_type_2615";"name_2615"
"61cf66db-5965-479a-a2e5-a910abf3cf48";"bp_number_2616";"bp_type_2616";"name_2616"
"72279afb-3944-45b1-b3f3-d7b0009b39d6";"bp_number_2617";"bp_type_2617";"name_2617"
"782fa0da-6d6b-4199-ab80-b6fe4a948f99";"bp_number_2618";"bp_type_2618";"name_2618"
"6008867a-a60f-4b9c-9919-f308cc191d8d";"bp_number_2619";"bp_type_2619";"name_2619"
"cc096b94-d202-47da-b920-53d54724dc1e";"bp_number_2620";"bp_type_2620";"name_2620"
"ea6d05e2-c2d6-4bdb-b815-16e45a592c65";"bp_number_2621";"bp_type_2621";"name_2621"
"e36355df-622b-4025-b59c-2cb594237e8e";"bp_number_2622";"bp_type_2622";"name_2622"
"a97bfec3-95dc-4d40-baad-ef2a0c5b8e38";"bp_number_2623";"bp_type_2623";"name_2623"
"d5a68f6d-28c6-40d4-a11f-da16bbcab3b1";"bp_number_2624";"bp_type_2624";"name_2624"
"27adf1b5-5ad9-40da-b9dc-1ba41f70c131";"bp_number_2625";"bp_type_2625";"name_2625"
"94fda708-fe36-4a87-99e7-0916e335c4e1";"bp_number_2626";"bp_type_2626";"name_2626"
"9c821b5b-fbff-4626-9350-7c79dac75948";"bp_number_2627";"bp_type_2627";"name_2627"
"477387dc-713f-446d-955b-312a64e86a33";"bp_number_2628";"bp_type_2628";"name_2628"
"da6cc981-074b-41e1-b91b-6c9386d336f4";"bp_number_2629";"bp_type_2629";"name_2629"
"fb659ea6-9d26-4dda-bef5-f92060ae9306";"bp_number_2630";"bp_type_2630";"name_2630"
"744363b8-e14d-489f-943a-2954337d4a77";"bp_number_2631";"bp_type_2631";"name_2631"
"5ba1750d-71af-4aad-9893-420f03d4194d";"bp_number_2632";"bp_type_2632";"name_2632"
"53879083-836a-4956-b318-f5a0edd84210";"bp_number_2633";"bp_type_2633";"name_2633"
"d2cdc510-cdb0-431a-9dcd-3be7d9d3968d";"bp_number_2634";"bp_type_2634";"name_2634"
"ee0be3b3-e0ba-407b-9481-0b92bb047e99";"bp_number_2635";"bp_type_2635";"name_2635"
"55deaf01-3563-4bbb-a38a-2d3a45e60bae";"bp_number_2636";"bp_type_2636";"name_2636"
"fc99d009-4e40-4c72-9d07-ab74766dda8e";"bp_number_2637";"bp_type_2637";"name_2637"
"b0726ae6-29f9-41c4-b8c1-222ccd4c6f87";"bp_number_2638";"bp_type_2638";"name_2638"
"5285d506-83d8-4366-87a1-b985eacfa912";"bp_number_2639";"bp_type_2639";"name_2639"
"fd227e63-690f-444a-90c3-777ce23652d1";"bp_number_2640";"bp_type_2640";"name_2640"
"fa6f2f04-f7c8-47c4-b8dc-88cb07f8740a";"bp_number_2641";"bp_type_2641";"name_2641"
"f71a4dc0-a2ba-4f99-8ca1-fb0816b56bab";"bp_number_2642";"bp_type_2642";"name_2642"
"42e4b318-05d4-4ad8-89f6-9e2a44c732d9";"bp_number_2643";"bp_type_2643";"name_2643"
"5d60507c-ce37-4a3f-87c1-3c23c9fb3b1a";"bp_number_2644";"bp_type_2644";"name_2644"
"a12dbe57-3fd1-4250-a145-f5a1b2e91089";"bp_number_2645";"bp_type_2645";"name_2645"
"c318aebf-c719-40b0-88f4-9c533e6a72a8";"bp_number_2646";"bp_type_2646";"name_2646"
"7d90da57-b9be-4892-ac09-467b6e6a4eb0";"bp_number_2647";"bp_type_2647";"name_2647"
"ded99420-7614-487f-95ba-3b6b8f2ce1a9";"bp_number_2648";"bp_type_2648";"name_2648"
"f1f74aa1-db4e-46a5-a069-25092803ba0c";"bp_number_2649";"bp_type_2649";"name_2649"
"e24fcccc-5207-4660-8d8d-31797501a86b";"bp_number_2650";"bp_type_2650";"name_2650"
"80b95baf-4b90-4170-b513-d46d89c4a1af";"bp_number_2651";"bp_type_2651";"name_2651"
"1cb8d902-3398-4447-bae2-152bac748062";"bp_number_2652";"bp_type_2652";"name_2652"
"4edcb9b8-82b0-4cec-b77a-cc301a1d5f16";"bp_number_2653";"bp_type_2653";"name_2653"
"8e26eff8-3c05-4f05-ae0c-6e3d85aea02d";"bp_number_2654";"bp_type_2654";"name_2654"
"3e31addb-77b3-490b-bacc-58d763275322";"bp_number_2655";"bp_type_2655";"name_2655"
"6995dd84-00bd-4341-8654-b2e46618664b";"bp_number_2656";"bp_type_2656";"name_2656"
"58896c4a-c2ae-4357-b2a4-313a631f1c46";"bp_number_2657";"bp_type_2657";"name_2657"
"b5fda0b3-dd06-43d0-99c5-8660a4126f60";"bp_number_2658";"bp_type_2658";"name_2658"
"3403677f-2386-4729-95e6-bb4a02ed479c";"bp_number_2659";"bp_type_2659";"name_2659"
"4c053066-bc4f-46b8-9468-29a982b5a067";"bp_number_2660";"bp_type_2660";"name_2660"
"b47b835b-e5cc-4fc9-8508-008a3b54d896";"bp_number_2661";"bp_type_2661";"name_2661"
"4693fe1c-45ff-4053-ad15-234f3d12f169";"bp_number_2662";"bp_type_2662";"name_2662"
"fc4be398-3add-4116-b3fb-ced0c918b719";"bp_number_2663";"bp_type_2663";"name_2663"
"c0b99c92-782e-434a-829c-78a089b96276";"bp_number_2664";"bp_type_2664";"name_2664"
"21837373-0700-4fa1-92b1-0a653b5c9487";"bp_number_2665";"bp_type_2665";"name_2665"
"0955daf6-8fae-40bf-a85b-f10cae7f3c51";"bp_number_2666";"bp_type_2666";"name_2666"
"298a3ce3-7720-4680-a8b1-ed6670a7f16d";"bp_number_2667";"bp_type_2667";"name_2667"
"9ab6d5bc-aded-44e3-a1e6-cc645bd3ee76";"bp_number_2668";"bp_type_2668";"name_2668"
"a1395c13-4d23-4fa7-b473-fd517933ea40";"bp_number_2669";"bp_type_2669";"name_2669"
"a23a511e-becb-4255-83c9-eb1797a1b5c5";"bp_number_2670";"bp_type_2670";"name_2670"
"645e6204-c353-4284-8640-4a71e711cfa2";"bp_number_2671";"bp_type_2671";"name_2671"
"5d26e94b-1b42-4648-b854-4128bc0615f2";"bp_number_2672";"bp_type_2672";"name_2672"
"c9d9122c-6bba-42aa-ae84-8e97657b6fa6";"bp_number_2673";"bp_type_2673";"name_2673"
"05fb9f6e-3225-4b72-ab9d-dd62fab06f1d";"bp_number_2674";"bp_type_2674";"name_2674"
"4e678371-f83d-4764-ad12-ccb90f200a3f";"bp_number_2675";"bp_type_2675";"name_2675"
"d76e1fb4-36f9-4489-936c-24ee91134b6d";"bp_number_2676";"bp_type_2676";"name_2676"
"6a93425c-b9cd-4bf5-9f16-86925be52c1a";"bp_number_2677";"bp_type_2677";"name_2677"
"0bb602b6-4ca4-47bc-84fb-40ac9b7c7c14";"bp_number_2678";"bp_type_2678";"name_2678"
"a0df7e02-62bd-4e43-ba36-654256eac706";"bp_number_2679";"bp_type_2679";"name_2679"
"1ba52534-96fa-427d-a354-42dd91e98f4e";"bp_number_2680";"bp_type_2680";"name_2680"
"6b019674-6fe6-4cac-8743-43c16436e80d";"bp_number_2681";"bp_type_2681";"name_2681"
"882c5253-d91c-480f-a566-aac1a16bd9b7";"bp_number_2682";"bp_type_2682";"name_2682"
"3d93f213-4a51-4fba-93d7-02a3c69d8865";"bp_number_2683";"bp_type_2683";"name_2683"
"6824d748-c1aa-4548-9bbc-41b4e0e58f3b";"bp_number_2684";"bp_type_2684";"name_2684"
"f7813ebe-a554-4294-8cc8-d64c78fdae25";"bp_number_2685";"bp_type_2685";"name_2685"
"7e818df0-f053-40e2-800a-f63848be549e";"bp_number_2686";"bp_type_2686";"name_2686"
"e62783be-8453-4a46-9a08-cb2e06b7d2f5";"bp_number_2687";"bp_type_2687";"name_2687"
"5d52e7d0-83bf-4d61-adfc-77e112dbdf62";"bp_number_2688";"bp_type_2688";"name_2688"
"d6a23b12-fade-41ee-b3b3-bf867c422f17";"bp_number_2689";"bp_type_2689";"name_2689"
"84acb0bd-2ed3-464c-9d88-05d3787b68ef";"bp_number_2690";"bp_type_2690";"name_2690"
"d0fe6278-67e7-4784-9b9a-d624b7b9c5df";"bp_number_2691";"bp_type_2691";"name_2691"
"f529df98-a530-46f4-b0ec-bf4bd55fe363";"bp_number_2692";"bp_type_2692";"name_2692"
"4219a6a3-7271-4357-bbfa-593b923a3588";"bp_number_2693";"bp_type_2693";"name_2693"
"f6839b03-f4ef-4344-93a3-7baeed0976d9";"bp_number_2694";"bp_type_2694";"name_2694"
"e483110a-907d-4c61-9ac6-efe828ce51fe";"bp_number_2695";"bp_type_2695";"name_2695"
"4595462e-2e8e-44ca-acd9-669a2afdfa31";"bp_number_2696";"bp_type_2696";"name_2696"
"f9f84661-b347-4fa5-9e26-ff28617dbf96";"bp_number_2697";"bp_type_2697";"name_2697"
"9d72a733-18fe-47c9-bf29-8a45154e78a1";"bp_number_2698";"bp_type_2698";"name_2698"
"df356f81-a469-47fa-a172-98285efe7601";"bp_number_2699";"bp_type_2699";"name_2699"
"bcce7c8e-1a78-4a70-b13f-caedee092322";"bp_number_2700";"bp_type_2700";"name_2700"
"77ca4717-0652-43e8-9418-51b53c7350ed";"bp_number_2701";"bp_type_2701";"name_2701"
"edec161c-9a6e-49e6-a25e-050ebe9fb519";"bp_number_2702";"bp_type_2702";"name_2702"
"1dbedf3d-35c9-436d-ae65-6d7d22bc4056";"bp_number_2703";"bp_type_2703";"name_2703"
"45538903-c79b-4748-8264-9f5637c6a384";"bp_number_2704";"bp_type_2704";"name_2704"
"5fcabf62-a362-4b31-a2da-9096e23a1695";"bp_number_2705";"bp_type_2705";"name_2705"
"78262f2f-216b-4c0e-b51c-53d653bc8a4f";"bp_number_2706";"bp_type_2706";"name_2706"
"510fdc68-ceee-413a-b306-deec7039c57c";"bp_number_2707";"bp_type_2707";"name_2707"
"9d65dd01-a80c-4483-9857-9f0f5a65bc71";"bp_number_2708";"bp_type_2708";"name_2708"
"be4d88c6-42aa-4727-8a94-dae850403c76";"bp_number_2709";"bp_type_2709";"name_2709"
"74653595-352e-49a8-b90e-c60241256d1f";"bp_number_2710";"bp_type_2710";"name_2710"
"54600c78-048e-4dce-85b3-af19917c7f72";"bp_number_2711";"bp_type_2711";"name_2711"
"30bd78b4-1eb1-47d1-a71a-99314c2555b4";"bp_number_2712";"bp_type_2712";"name_2712"
"7b04e282-8d56-43b4-95c3-5d6fe9cbc855";"bp_number_2713";"bp_type_2713";"name_2713"
"deed3fae-c813-4064-b263-3c455c523420";"bp_number_2714";"bp_type_2714";"name_2714"
"5ac4cf9c-b0fc-49dc-8d49-2690f33e2aec";"bp_number_2715";"bp_type_2715";"name_2715"
"c1708671-4ccd-4aa0-b13c-69fb3599f7bd";"bp_number_2716";"bp_type_2716";"name_2716"
"86824048-8e5c-499f-9681-ce547d2a3b72";"bp_number_2717";"bp_type_2717";"name_2717"
"1cecbcf2-ac28-4225-8af1-919a8a73238c";"bp_number_2718";"bp_type_2718";"name_2718"
"44593e5f-08dd-44cf-a105-678cafbfc481";"bp_number_2719";"bp_type_2719";"name_2719"
"380e0ab5-3016-4039-b95b-e36fea482ea9";"bp_number_2720";"bp_type_2720";"name_2720"
"efcfd352-1b17-4edb-8ecf-a426b912208b";"bp_number_2721";"bp_type_2721";"name_2721"
"a24b1c00-4d90-40d4-af2d-c78cb2fb24de";"bp_number_2722";"bp_type_2722";"name_2722"
"4c4c7b57-8503-4072-9d01-881fd2e63143";"bp_number_2723";"bp_type_2723";"name_2723"
"8a4c3af1-4f48-4bbf-b1b8-849b6696ad4b";"bp_number_2724";"bp_type_2724";"name_2724"
"9c53885c-6ed2-42b6-a972-ec355a6385dc";"bp_number_2725";"bp_type_2725";"name_2725"
"91af839b-4180-439a-9215-5e807013474b";"bp_number_2726";"bp_type_2726";"name_2726"
"1d3517dc-e533-4aa7-9af4-db77eb401d98";"bp_number_2727";"bp_type_2727";"name_2727"
"e0440101-fef8-46e3-8e95-ef9a5f81f493";"bp_number_2728";"bp_type_2728";"name_2728"
"15651fb1-abbd-411b-9d1a-eeb8d3e9187f";"bp_number_2729";"bp_type_2729";"name_2729"
"378de2c2-973d-48eb-8f8f-379a66d07e9b";"bp_number_2730";"bp_type_2730";"name_2730"
"bdf1594b-50d5-464e-9a86-0c438c376093";"bp_number_2731";"bp_type_2731";"name_2731"
"d024f8c4-1985-4ea4-b29b-52731161e82b";"bp_number_2732";"bp_type_2732";"name_2732"
"7417dab8-b5f4-43f2-a035-bc16ebc2b91a";"bp_number_2733";"bp_type_2733";"name_2733"
"85bdd938-9003-4e4e-8c6c-c39cfaf9cdb7";"bp_number_2734";"bp_type_2734";"name_2734"
"ea7a99d8-7262-4e4a-8830-a979cb39caaf";"bp_number_2735";"bp_type_2735";"name_2735"
"8e0599cb-8ee5-4816-8887-aded84ab0d5e";"bp_number_2736";"bp_type_2736";"name_2736"
"415c7f3f-9f5c-4d17-8a11-9a46a8fab0c7";"bp_number_2737";"bp_type_2737";"name_2737"
"69dce81a-cec2-4e15-905c-1fe37a1b193a";"bp_number_2738";"bp_type_2738";"name_2738"
"3aa4dd50-52ce-44f9-ac05-e34090cc9f46";"bp_number_2739";"bp_type_2739";"name_2739"
"248511f3-33cc-4dba-9ccf-748d797f3b6b";"bp_number_2740";"bp_type_2740";"name_2740"
"b9c5426b-a575-4e9c-83fc-4e062df1ab92";"bp_number_2741";"bp_type_2741";"name_2741"
"81392290-5e42-45cf-bad7-70960e0e588c";"bp_number_2742";"bp_type_2742";"name_2742"
"6b628c2a-7ade-497f-a9de-d1b93bfe3c46";"bp_number_2743";"bp_type_2743";"name_2743"
"01074fe1-2d64-4006-a007-927806eebaec";"bp_number_2744";"bp_type_2744";"name_2744"
"af6dd153-62ec-4318-8717-e6e96de3fec5";"bp_number_2745";"bp_type_2745";"name_2745"
"ff581015-09a5-4c54-97ab-07eee634151c";"bp_number_2746";"bp_type_2746";"name_2746"
"58541f1e-1c49-4b9b-883f-6b4ccf0d9e0f";"bp_number_2747";"bp_type_2747";"name_2747"
"6d30fd34-aacd-4562-88d6-d9c562c556c5";"bp_number_2748";"bp_type_2748";"name_2748"
"bdd1b795-282b-44ff-a97a-432065d27145";"bp_number_2749";"bp_type_2749";"name_2749"
"0d8122ac-4148-44bb-9061-38f5cccf27e8";"bp_number_2750";"bp_type_2750";"name_2750"
"b7136498-28af-4637-9143-64ce83085594";"bp_number_2751";"bp_type_2751";"name_2751"
"f938a8ce-6d29-443e-9c7c-b57164d0bae3";"bp_number_2752";"bp_type_2752";"name_2752"
"1a2d4d17-fcb3-4325-ae7d-8c60cedfa93c";"bp_number_2753";"bp_type_2753";"name_2753"
"91390b01-38fd-4629-bb20-bda6ead8c2f0";"bp_number_2754";"bp_type_2754";"name_2754"
"3221053d-4f1d-4a5d-ae6b-5def4b2a2631";"bp_number_2755";"bp_type_2755";"name_2755"
"4284f9bc-ff84-4921-9049-e59792124aec";"bp_number_2756";"bp_type_2756";"name_2756"
"b2d19aea-ab7d-45b7-a971-b0073a6260b1";"bp_number_2757";"bp_type_2757";"name_2757"
"4edfb158-d748-458d-9e28-41a28f42472f";"bp_number_2758";"bp_type_2758";"name_2758"
"39ab5a01-c784-4121-b2ac-afcf2de63296";"bp_number_2759";"bp_type_2759";"name_2759"
"a3390e3f-a9f2-44ee-aeb0-312e52242b44";"bp_number_2760";"bp_type_2760";"name_2760"
"d67eb103-faf1-413a-8842-a406273dd5e1";"bp_number_2761";"bp_type_2761";"name_2761"
"cc7ff485-e486-4ff2-ab94-1b445f55dcea";"bp_number_2762";"bp_type_2762";"name_2762"
"6f539f96-5984-493b-aad8-5a8d8f8aa7fe";"bp_number_2763";"bp_type_2763";"name_2763"
"6da1f44f-7cd2-4f34-ae94-0b0f2ad02e00";"bp_number_2764";"bp_type_2764";"name_2764"
"7406ff3a-e94f-4db1-b754-ca2c435243a5";"bp_number_2765";"bp_type_2765";"name_2765"
"a59a2a43-e3b3-436f-94d4-59f03057f444";"bp_number_2766";"bp_type_2766";"name_2766"
"a2e1a7c6-c698-4871-a077-26644c951f01";"bp_number_2767";"bp_type_2767";"name_2767"
"766ac4e6-f608-4412-b752-fb67339049b1";"bp_number_2768";"bp_type_2768";"name_2768"
"51867243-bcf7-4f6a-845d-98dc8f884130";"bp_number_2769";"bp_type_2769";"name_2769"
"e176cfc3-cda7-477c-aee1-f838ba2f9d79";"bp_number_2770";"bp_type_2770";"name_2770"
"dc449f31-8fc0-42e6-955b-1df358f8864e";"bp_number_2771";"bp_type_2771";"name_2771"
"91902a3d-5cbf-468e-b1ac-2f2c32652b72";"bp_number_2772";"bp_type_2772";"name_2772"
"b72f6928-1e67-4382-ae14-ae2b775b09a9";"bp_number_2773";"bp_type_2773";"name_2773"
"a5103530-c599-4b8b-9002-9d9bebc887de";"bp_number_2774";"bp_type_2774";"name_2774"
"c099b25a-ea7f-4a25-997c-e378e7dc18e2";"bp_number_2775";"bp_type_2775";"name_2775"
"9438c9e8-bbb2-4aca-9263-d141b9fca5f5";"bp_number_2776";"bp_type_2776";"name_2776"
"a9b12165-7ec2-41d4-8d93-4d628319481b";"bp_number_2777";"bp_type_2777";"name_2777"
"8c9a0507-990c-4f85-b695-7b5573964273";"bp_number_2778";"bp_type_2778";"name_2778"
"0dd1eaa5-3dff-4562-a040-9ca62e5797b2";"bp_number_2779";"bp_type_2779";"name_2779"
"2c41a37e-382d-4cc8-a8c6-b4f915058499";"bp_number_2780";"bp_type_2780";"name_2780"
"433cfbc9-d4c8-4f37-9c44-7998d408f34b";"bp_number_2781";"bp_type_2781";"name_2781"
"3a8f4455-9ee6-43cd-a22f-7c6b5cdc686a";"bp_number_2782";"bp_type_2782";"name_2782"
"b235c0a5-dd22-4f94-844f-e1428fb9e642";"bp_number_2783";"bp_type_2783";"name_2783"
"6f235e4a-ecfa-41bc-b3eb-a2e149a4e905";"bp_number_2784";"bp_type_2784";"name_2784"
"17dd7732-85fe-415a-a2e5-3d2969e09c67";"bp_number_2785";"bp_type_2785";"name_2785"
"9165c801-8727-40f2-a912-effb45216e55";"bp_number_2786";"bp_type_2786";"name_2786"
"36d2ae6d-be0c-4c06-abca-c9d605a7fb8a";"bp_number_2787";"bp_type_2787";"name_2787"
"766723d6-ca42-4020-80cf-692222860e5e";"bp_number_2788";"bp_type_2788";"name_2788"
"02d48f9d-04a3-49d3-9266-bbd8c1ddbad1";"bp_number_2789";"bp_type_2789";"name_2789"
"13a1b256-9c1e-47d7-ba18-8de5eee14d21";"bp_number_2790";"bp_type_2790";"name_2790"
"259a5b8e-3ad0-4ddd-bb95-11c60d92f4a9";"bp_number_2791";"bp_type_2791";"name_2791"
"80b7cd3d-42ab-44cf-bc06-135b359c53eb";"bp_number_2792";"bp_type_2792";"name_2792"
"d6324427-cc0d-4ce0-86fc-f5bdfeeb37d5";"bp_number_2793";"bp_type_2793";"name_2793"
"df86bf41-79cf-4914-9f98-912f3ebbd2e5";"bp_number_2794";"bp_type_2794";"name_2794"
"737fa13c-d365-4bfb-8310-4659f023bb2a";"bp_number_2795";"bp_type_2795";"name_2795"
"b985a2c5-cd8b-4c20-8150-8fb4f0db592d";"bp_number_2796";"bp_type_2796";"name_2796"
"22982977-889c-427e-912d-dc2b0eb90571";"bp_number_2797";"bp_type_2797";"name_2797"
"f3ad0385-1ee7-4e46-8627-5be806956dc9";"bp_number_2798";"bp_type_2798";"name_2798"
"5959b08f-b313-4ef4-948f-760d5c68ead1";"bp_number_2799";"bp_type_2799";"name_2799"
"d911bb3d-2b64-406c-8593-ddba0be2a928";"bp_number_2800";"bp_type_2800";"name_2800"
"9f1dd918-8e37-4e95-85a6-80d1407e9b5f";"bp_number_2801";"bp_type_2801";"name_2801"
"ac9791f4-e6d2-4e09-9c35-ec13a5d9ea34";"bp_number_2802";"bp_type_2802";"name_2802"
"d041f30f-d5aa-4709-9401-d49fb507637b";"bp_number_2803";"bp_type_2803";"name_2803"
"f42830b9-28fe-424a-be32-61f5a6c2c670";"bp_number_2804";"bp_type_2804";"name_2804"
"a7013ce4-c2fd-4a32-a2d5-dab1cab6064a";"bp_number_2805";"bp_type_2805";"name_2805"
"a227f0ea-af31-4934-afee-681873255dce";"bp_number_2806";"bp_type_2806";"name_2806"
"f8d1974f-8cab-4671-b0b8-32232c38e7dc";"bp_number_2807";"bp_type_2807";"name_2807"
"75251c10-eb53-401f-b349-7ff1882ce05d";"bp_number_2808";"bp_type_2808";"name_2808"
"7e613479-ec3e-41a8-b8a3-680be0069ef0";"bp_number_2809";"bp_type_2809";"name_2809"
"e24aa2de-074d-496f-967a-4fd78af00470";"bp_number_2810";"bp_type_2810";"name_2810"
"30c0fe8e-4944-4dfb-af9d-a7b8faa771de";"bp_number_2811";"bp_type_2811";"name_2811"
"79ee0ab0-3176-427e-a75b-58c8e67f8bde";"bp_number_2812";"bp_type_2812";"name_2812"
"2456608e-fa31-4a61-8b06-f1145b7e53fc";"bp_number_2813";"bp_type_2813";"name_2813"
"74a09119-53fd-4205-9b07-93afda6f9b9a";"bp_number_2814";"bp_type_2814";"name_2814"
"31e888b3-d4e3-4007-9a24-ce865774e0de";"bp_number_2815";"bp_type_2815";"name_2815"
"b7a82793-3cba-4ef7-8798-c96c0587eea0";"bp_number_2816";"bp_type_2816";"name_2816"
"f3be84c2-b23b-4a35-9570-b02bc67193e5";"bp_number_2817";"bp_type_2817";"name_2817"
"a06d6d4c-4bd9-4562-919b-8224f3a7ca0b";"bp_number_2818";"bp_type_2818";"name_2818"
"e340b609-8450-416b-b18a-83926cbd8c8f";"bp_number_2819";"bp_type_2819";"name_2819"
"1f7d6e79-5fb0-46ef-8575-76f1b290a3fe";"bp_number_2820";"bp_type_2820";"name_2820"
"a30974d3-d23c-4e4d-bc1d-dba9b0d29312";"bp_number_2821";"bp_type_2821";"name_2821"
"03a74bfa-d1a6-4668-86ab-be35c0ccc08d";"bp_number_2822";"bp_type_2822";"name_2822"
"42047ce8-b044-4cc2-9db1-89d0c4783dc4";"bp_number_2823";"bp_type_2823";"name_2823"
"606e6e12-026a-4373-aeae-f4190a205c0b";"bp_number_2824";"bp_type_2824";"name_2824"
"f04ebdac-4b0c-447e-ae48-d43d77b5a839";"bp_number_2825";"bp_type_2825";"name_2825"
"18366fbd-88e8-42a2-bf98-12e63841cb05";"bp_number_2826";"bp_type_2826";"name_2826"
"cf9990b2-ccd3-42e5-a430-f0acf04e43e0";"bp_number_2827";"bp_type_2827";"name_2827"
"4b5c3264-169d-4758-bc25-ec2bb0c266c1";"bp_number_2828";"bp_type_2828";"name_2828"
"f1a47282-e6f4-4db4-a24d-4d327782223c";"bp_number_2829";"bp_type_2829";"name_2829"
"0550fdb6-6733-4784-811d-c860708fd1c9";"bp_number_2830";"bp_type_2830";"name_2830"
"b1346e76-26d2-46bf-976a-07507ed5f580";"bp_number_2831";"bp_type_2831";"name_2831"
"8bbb58b1-bdaa-49ff-ac8c-7706f9b2d0e9";"bp_number_2832";"bp_type_2832";"name_2832"
"d28122f9-951f-4067-b28b-a15079f8907f";"bp_number_2833";"bp_type_2833";"name_2833"
"82147e32-812f-4387-b6e9-dfb8848d10a9";"bp_number_2834";"bp_type_2834";"name_2834"
"1da5275f-ae6d-4435-a062-e81ccd563e8f";"bp_number_2835";"bp_type_2835";"name_2835"
"9cf772c0-5a87-4560-b872-d69d897d4964";"bp_number_2836";"bp_type_2836";"name_2836"
"3a40468c-0fbe-4adf-962e-8f179f83ad76";"bp_number_2837";"bp_type_2837";"name_2837"
"8a55490b-e358-42f8-9e79-147f52f7cf53";"bp_number_2838";"bp_type_2838";"name_2838"
"05b7d3d7-17d8-4584-ad7f-d9586ac16e0e";"bp_number_2839";"bp_type_2839";"name_2839"
"ec34ccfa-bef7-43f2-9a74-5d3eb050b4db";"bp_number_2840";"bp_type_2840";"name_2840"
"efe87971-e7ae-489b-85fd-d7f02c36bc2b";"bp_number_2841";"bp_type_2841";"name_2841"
"ed3cc547-7609-4f7b-a5bd-ca3e365876ef";"bp_number_2842";"bp_type_2842";"name_2842"
"4d85ca45-dea3-41a5-bfd4-8f276ddf5ca2";"bp_number_2843";"bp_type_2843";"name_2843"
"f20342b5-8dd9-4770-ae92-2c44df8e4585";"bp_number_2844";"bp_type_2844";"name_2844"
"dd213b98-fcf7-4b23-9ab8-40eff1efd98f";"bp_number_2845";"bp_type_2845";"name_2845"
"a114efed-acba-47ca-9ab2-33a36ff54e04";"bp_number_2846";"bp_type_2846";"name_2846"
"29f96dff-f45d-43fb-a0ab-0bdfe6864e35";"bp_number_2847";"bp_type_2847";"name_2847"
"2bb7bb4b-512c-4685-93ee-e08771d4d606";"bp_number_2848";"bp_type_2848";"name_2848"
"061984d5-4aca-4a55-b89e-9f5764cc392b";"bp_number_2849";"bp_type_2849";"name_2849"
"03f29190-fd70-4088-a8c5-1ecd8845c2db";"bp_number_2850";"bp_type_2850";"name_2850"
"19738c5b-a582-4e94-90ed-be8c5ee56a80";"bp_number_2851";"bp_type_2851";"name_2851"
"1dc6d5d8-76fc-4df1-81ed-e259e5ef051e";"bp_number_2852";"bp_type_2852";"name_2852"
"7a20dc51-6f32-4f5e-8653-7d2bf1ac530b";"bp_number_2853";"bp_type_2853";"name_2853"
"bf9108e0-b730-440a-988b-4cf9beae6b4d";"bp_number_2854";"bp_type_2854";"name_2854"
"07612981-ff33-42d1-94cd-a9fa2e8181dc";"bp_number_2855";"bp_type_2855";"name_2855"
"6448cb34-b54c-44bd-a9c0-e90647d3e74f";"bp_number_2856";"bp_type_2856";"name_2856"
"c9cc6f31-f068-4d7f-a91d-bc1ea32b1d4d";"bp_number_2857";"bp_type_2857";"name_2857"
"f7e3e79c-97ad-44da-a170-32320e8ce4a5";"bp_number_2858";"bp_type_2858";"name_2858"
"cfc076f1-554e-46e9-9f62-6caf96c14b77";"bp_number_2859";"bp_type_2859";"name_2859"
"4ddfd1cb-ded3-481f-8fdf-9ff2e5adcf8a";"bp_number_2860";"bp_type_2860";"name_2860"
"ec914ac2-e157-4aa5-9591-79a7606cbe4b";"bp_number_2861";"bp_type_2861";"name_2861"
"3b81e2c9-eccc-4028-ac51-f81dc4d75e63";"bp_number_2862";"bp_type_2862";"name_2862"
"d1d5f839-2754-4524-9d5a-b30e24c33a3e";"bp_number_2863";"bp_type_2863";"name_2863"
"80850dac-f301-4565-ad13-fc4d6243cb63";"bp_number_2864";"bp_type_2864";"name_2864"
"540e06ef-e096-4a82-8591-7c20d54895eb";"bp_number_2865";"bp_type_2865";"name_2865"
"20a100d2-6e0f-4271-8ca7-3bb2a6b89e50";"bp_number_2866";"bp_type_2866";"name_2866"
"38feb357-b85d-4b71-aaa1-8e889ad334f5";"bp_number_2867";"bp_type_2867";"name_2867"
"565c6d82-595d-4277-9c02-65f0ae890395";"bp_number_2868";"bp_type_2868";"name_2868"
"fdd7b801-98b5-4e1a-9b4c-6b5120ba1e2d";"bp_number_2869";"bp_type_2869";"name_2869"
"63adc678-a435-4bf1-8ce5-8c46bbd4bfff";"bp_number_2870";"bp_type_2870";"name_2870"
"c86f8a6a-c70d-4cba-b670-d18d8eddb8f9";"bp_number_2871";"bp_type_2871";"name_2871"
"1f4ce836-d0a4-41e2-bee3-0b13e1685ac3";"bp_number_2872";"bp_type_2872";"name_2872"
"2ea5937d-9b3c-4924-b518-f90bc4059e8a";"bp_number_2873";"bp_type_2873";"name_2873"
"ef7e78e1-016d-4e66-baa1-e2ff74bdb56b";"bp_number_2874";"bp_type_2874";"name_2874"
"a6223f0d-5467-4d05-aa28-603900acbbcd";"bp_number_2875";"bp_type_2875";"name_2875"
"e9168c0f-51f3-4586-997c-19d832079a1f";"bp_number_2876";"bp_type_2876";"name_2876"
"d4fcf3a1-dc95-4fb4-baca-fb663693cd7b";"bp_number_2877";"bp_type_2877";"name_2877"
"f77d73d3-4aa9-45de-95af-e167d06fc8b6";"bp_number_2878";"bp_type_2878";"name_2878"
"19234b23-d25a-4163-94dc-2d9c05af3789";"bp_number_2879";"bp_type_2879";"name_2879"
"986cde64-dc60-4921-932f-1b77d0525d5c";"bp_number_2880";"bp_type_2880";"name_2880"
"033b0c62-48f4-4a5b-b8fd-1c0344d9e5f2";"bp_number_2881";"bp_type_2881";"name_2881"
"ce4faf77-bfd3-42d0-95f3-8dbc8d97346b";"bp_number_2882";"bp_type_2882";"name_2882"
"9ce69763-a8e7-4872-be71-5771d1a73d15";"bp_number_2883";"bp_type_2883";"name_2883"
"771669b7-f66a-49f7-b2fb-0094bdfb3121";"bp_number_2884";"bp_type_2884";"name_2884"
"a38a1c5f-0334-4bf2-94ee-c3c5a7f10495";"bp_number_2885";"bp_type_2885";"name_2885"
"0a02fe21-cc67-40e1-bcb6-4cf08dda8dbd";"bp_number_2886";"bp_type_2886";"name_2886"
"abe12704-2ae6-47b3-96be-070ac4f84e16";"bp_number_2887";"bp_type_2887";"name_2887"
"8a662d4d-9022-4d52-a584-d1eb54b4bcb0";"bp_number_2888";"bp_type_2888";"name_2888"
"88d33b98-7f09-433a-9bd5-0c98e520e5a7";"bp_number_2889";"bp_type_2889";"name_2889"
"9c56011d-d35f-439d-ba9d-e5e7fc19367d";"bp_number_2890";"bp_type_2890";"name_2890"
"aefd7432-0a62-41c5-a244-871f088989ca";"bp_number_2891";"bp_type_2891";"name_2891"
"e9ff2e38-64a2-4966-a935-bfe0a97ace83";"bp_number_2892";"bp_type_2892";"name_2892"
"6b9d6ac1-d806-49f4-9e68-8bc9d061a235";"bp_number_2893";"bp_type_2893";"name_2893"
"251fc46a-243f-4d7b-89b2-e2db75e298e8";"bp_number_2894";"bp_type_2894";"name_2894"
"20f15d2e-90a9-4e8e-b571-82b98045e755";"bp_number_2895";"bp_type_2895";"name_2895"
"ae19e6fb-eec4-4f85-acee-8b4ef2f5ec90";"bp_number_2896";"bp_type_2896";"name_2896"
"c87d4b12-76e1-41dc-b84b-80cfcfa7e9d9";"bp_number_2897";"bp_type_2897";"name_2897"
"7367c631-39ca-404c-83ef-da5a218a3f47";"bp_number_2898";"bp_type_2898";"name_2898"
"285b34cc-f4b3-4bc0-8d9d-54777aaa70fe";"bp_number_2899";"bp_type_2899";"name_2899"
"9fad6aae-cedb-44b3-8af5-36b408cb1fff";"bp_number_2900";"bp_type_2900";"name_2900"
"489f66a8-1dd4-4827-8c0e-64d74ca3f3a7";"bp_number_2901";"bp_type_2901";"name_2901"
"e7283c1a-1428-4022-a300-129200387be7";"bp_number_2902";"bp_type_2902";"name_2902"
"4826417c-a997-4d4e-9448-cf80d73fc707";"bp_number_2903";"bp_type_2903";"name_2903"
"264f2b16-8e6e-496b-b596-6084617e2e9f";"bp_number_2904";"bp_type_2904";"name_2904"
"d23ad8db-542c-4413-91a9-7073499dbdc4";"bp_number_2905";"bp_type_2905";"name_2905"
"fe9a2b2c-33e1-45f8-bcb2-42ad74b99e40";"bp_number_2906";"bp_type_2906";"name_2906"
"1bf2632e-0bb9-4f2a-919a-9f154608f19d";"bp_number_2907";"bp_type_2907";"name_2907"
"31f4e3a3-b948-4718-950b-c193ed28e0f3";"bp_number_2908";"bp_type_2908";"name_2908"
"0c238158-5c2e-4f50-b970-9c49b1589d71";"bp_number_2909";"bp_type_2909";"name_2909"
"7bee3f47-737a-4c94-b0e9-1c876d83dd87";"bp_number_2910";"bp_type_2910";"name_2910"
"f8a58844-4794-4808-8245-991a27a8da29";"bp_number_2911";"bp_type_2911";"name_2911"
"f651c22a-c5f7-4462-908e-e17d027fe219";"bp_number_2912";"bp_type_2912";"name_2912"
"803fc339-c929-48af-89b2-0730681e45de";"bp_number_2913";"bp_type_2913";"name_2913"
"8f3c9578-42c8-4dbd-abfc-2eb444785d43";"bp_number_2914";"bp_type_2914";"name_2914"
"e4c77417-6ded-419d-9591-50aac1753bc5";"bp_number_2915";"bp_type_2915";"name_2915"
"fe4a0637-b876-4fe7-9eda-4e32c4bf6563";"bp_number_2916";"bp_type_2916";"name_2916"
"de9f726e-6baa-4330-8c47-dd7f2de84935";"bp_number_2917";"bp_type_2917";"name_2917"
"5c092821-a04e-414c-910c-6ce2e1782594";"bp_number_2918";"bp_type_2918";"name_2918"
"0fb8042d-93b9-4d69-b5d5-211f791c1532";"bp_number_2919";"bp_type_2919";"name_2919"
"db210537-33b3-47d4-884e-af93346eb96e";"bp_number_2920";"bp_type_2920";"name_2920"
"784a4d65-347a-4dc4-898f-6a28131563a3";"bp_number_2921";"bp_type_2921";"name_2921"
"0c2094fe-f29f-4073-adb0-2a84e780f4d8";"bp_number_2922";"bp_type_2922";"name_2922"
"1db64567-d994-4510-a211-8acff11c5f9b";"bp_number_2923";"bp_type_2923";"name_2923"
"58f23bef-3c46-4a66-a16b-6b1121a22848";"bp_number_2924";"bp_type_2924";"name_2924"
"db097849-2cda-4b63-b6e5-4b290fb1a534";"bp_number_2925";"bp_type_2925";"name_2925"
"685043c8-8a03-4490-8970-1fcaeaf7c951";"bp_number_2926";"bp_type_2926";"name_2926"
"c8a0f897-343c-4801-95b1-5344931380dc";"bp_number_2927";"bp_type_2927";"name_2927"
"d1e6eef4-c3be-4c0e-bd4c-8500a2734ee2";"bp_number_2928";"bp_type_2928";"name_2928"
"cbadfc65-d704-4e4e-99b6-fd3a9aecdd02";"bp_number_2929";"bp_type_2929";"name_2929"
"f9e685fe-5b58-42b9-bf4a-4eb2d1abe84f";"bp_number_2930";"bp_type_2930";"name_2930"
"832767ed-2730-42aa-b966-b1c171f7471b";"bp_number_2931";"bp_type_2931";"name_2931"
"74e0e2e5-a443-4ec0-9fc3-98724cdf9cc6";"bp_number_2932";"bp_type_2932";"name_2932"
"929e5d5a-f455-4732-aa43-c8a2ae755eca";"bp_number_2933";"bp_type_2933";"name_2933"
"8830431f-efc3-4d10-a57e-b4ec646127c5";"bp_number_2934";"bp_type_2934";"name_2934"
"086fc3f0-25d0-4e09-8a29-9274c6730bcf";"bp_number_2935";"bp_type_2935";"name_2935"
"aa1f3d2f-be82-470d-a3ca-44dae5a40525";"bp_number_2936";"bp_type_2936";"name_2936"
"dca7644e-8939-4d55-982e-8d416910c877";"bp_number_2937";"bp_type_2937";"name_2937"
"fabb5026-237e-4683-8737-0c100d6081da";"bp_number_2938";"bp_type_2938";"name_2938"
"14ff43c2-9091-4d18-9eaf-d64c4b2aca8b";"bp_number_2939";"bp_type_2939";"name_2939"
"731727dd-c47b-4257-9852-fe065eb4100c";"bp_number_2940";"bp_type_2940";"name_2940"
"ec995c36-35cd-4815-9901-a69f94ce4fae";"bp_number_2941";"bp_type_2941";"name_2941"
"86f83f35-4a03-4a2e-9eed-13d034d3d93e";"bp_number_2942";"bp_type_2942";"name_2942"
"42a7167c-2da2-4c76-889f-4580e4a5426a";"bp_number_2943";"bp_type_2943";"name_2943"
"3b40c44a-f802-480e-9882-9a75f7f876ca";"bp_number_2944";"bp_type_2944";"name_2944"
"e913995d-9631-4a88-ae62-c4922098a197";"bp_number_2945";"bp_type_2945";"name_2945"
"04a89404-6600-4d1e-bd24-a2ba165434ce";"bp_number_2946";"bp_type_2946";"name_2946"
"7885fb5a-1ced-4b21-a1d0-10551cc859bc";"bp_number_2947";"bp_type_2947";"name_2947"
"5317b915-5717-4219-ac5a-d9c925ac281f";"bp_number_2948";"bp_type_2948";"name_2948"
"2e2223ed-4f04-42b6-947c-9f0e892f4c65";"bp_number_2949";"bp_type_2949";"name_2949"
"52cc046d-0256-46c3-b6ba-5928ccfea3c4";"bp_number_2950";"bp_type_2950";"name_2950"
"b3d44d4d-08c0-4a3d-b338-5e1355329fd8";"bp_number_2951";"bp_type_2951";"name_2951"
"62f14d9c-70ee-4886-89fb-ce2760de922e";"bp_number_2952";"bp_type_2952";"name_2952"
"7a2c401b-2592-4abe-8628-27f554d03669";"bp_number_2953";"bp_type_2953";"name_2953"
"28324119-d01f-46a3-9f3a-c8602537ef93";"bp_number_2954";"bp_type_2954";"name_2954"
"6748d820-9022-4bef-bf74-af11d67865f0";"bp_number_2955";"bp_type_2955";"name_2955"
"1c7c3691-3f6f-4e8b-8156-7fd11790f2d0";"bp_number_2956";"bp_type_2956";"name_2956"
"34e00d7b-2125-49c4-98db-75af3176cf70";"bp_number_2957";"bp_type_2957";"name_2957"
"97125c9e-e5d7-4406-b91c-73ff9e8de05b";"bp_number_2958";"bp_type_2958";"name_2958"
"0a9adffa-7ead-4d86-b3fc-ff0569d007d1";"bp_number_2959";"bp_type_2959";"name_2959"
"9a0f1649-a06c-4ac7-927d-40137bd40cff";"bp_number_2960";"bp_type_2960";"name_2960"
"7e83348e-4292-4435-82e0-90c57c4e3dce";"bp_number_2961";"bp_type_2961";"name_2961"
"9edc006c-5448-445b-bebe-5e92dfa2c874";"bp_number_2962";"bp_type_2962";"name_2962"
"c34da0c0-85bf-4c91-92e1-15a890a77e13";"bp_number_2963";"bp_type_2963";"name_2963"
"386229e1-a1b0-43c5-ba1a-c6be97bf2e1e";"bp_number_2964";"bp_type_2964";"name_2964"
"3c43f6e0-3217-455e-95b8-4390dacac2e8";"bp_number_2965";"bp_type_2965";"name_2965"
"03f2602c-cb98-41a9-b301-5372eb7da300";"bp_number_2966";"bp_type_2966";"name_2966"
"161445c6-f198-40a2-8654-40d8b28ad9f9";"bp_number_2967";"bp_type_2967";"name_2967"
"955c1a07-95c1-40f7-b2cf-f3874420acb1";"bp_number_2968";"bp_type_2968";"name_2968"
"73d190e0-794a-41c7-b32e-a7003f634569";"bp_number_2969";"bp_type_2969";"name_2969"
"27fe62ee-2326-47bf-bc89-fde32958f86c";"bp_number_2970";"bp_type_2970";"name_2970"
"1f7bef51-2445-493b-b7c7-d9be80179886";"bp_number_2971";"bp_type_2971";"name_2971"
"30a6cee4-58a1-47f3-abb9-07b2d5b22985";"bp_number_2972";"bp_type_2972";"name_2972"
"695b18ae-b66a-4699-a9d7-1f702bae471f";"bp_number_2973";"bp_type_2973";"name_2973"
"35513df2-af72-4228-8b91-625e829c436b";"bp_number_2974";"bp_type_2974";"name_2974"
"eda80d1e-ed1c-4f36-8894-a246b43cd3ef";"bp_number_2975";"bp_type_2975";"name_2975"
"82d247d0-72e9-4d7e-bbe2-362eccf74ba4";"bp_number_2976";"bp_type_2976";"name_2976"
"7f65e298-b253-41a6-a563-eeac7edfa7ac";"bp_number_2977";"bp_type_2977";"name_2977"
"6539d61e-7be8-4587-bbe4-3a3af6297094";"bp_number_2978";"bp_type_2978";"name_2978"
"9548cfaf-9b61-4c3d-bb9e-508b0b4b3575";"bp_number_2979";"bp_type_2979";"name_2979"
"ed110f71-fb0e-40a3-b4bb-5cd81f7e9cb5";"bp_number_2980";"bp_type_2980";"name_2980"
"0a0247c3-a44f-417d-a588-7c3f98e24a13";"bp_number_2981";"bp_type_2981";"name_2981"
"88b81c61-d334-4507-8e05-893f03571b75";"bp_number_2982";"bp_type_2982";"name_2982"
"fbdb0ae2-2676-4ea6-b513-23779e990330";"bp_number_2983";"bp_type_2983";"name_2983"
"10289e59-66f9-4dba-be3c-cf73a9f93fa3";"bp_number_2984";"bp_type_2984";"name_2984"
"cd7a3063-1d07-4d77-8ac6-b96fecdc9793";"bp_number_2985";"bp_type_2985";"name_2985"
"492ff05e-02b6-4a62-acdd-157b8b32a1e2";"bp_number_2986";"bp_type_2986";"name_2986"
"6c8c9c72-8829-4960-884f-2bc3920e23a4";"bp_number_2987";"bp_type_2987";"name_2987"
"79ccc667-ab1f-4cae-8b57-b9c351602b38";"bp_number_2988";"bp_type_2988";"name_2988"
"8352a0ad-1e86-4527-bb09-a1b310fbbaf4";"bp_number_2989";"bp_type_2989";"name_2989"
"1da7873e-c8a7-46e8-9174-66c07f8537d3";"bp_number_2990";"bp_type_2990";"name_2990"
"e13d09d7-8895-4520-9085-05fe51e433ad";"bp_number_2991";"bp_type_2991";"name_2991"
"0b38b51f-ea97-4aaf-b686-7b7da45bd622";"bp_number_2992";"bp_type_2992";"name_2992"
"eee6da42-217d-47a0-bb8e-da7e70a54163";"bp_number_2993";"bp_type_2993";"name_2993"
"0a8a506f-e051-4a7a-b9da-30556116defd";"bp_number_2994";"bp_type_2994";"name_2994"
"5b7f6824-45c0-4afa-8a94-f13db1a26af9";"bp_number_2995";"bp_type_2995";"name_2995"
"09b531d2-cb2a-4670-97e3-59b09322e684";"bp_number_2996";"bp_type_2996";"name_2996"
"609047ca-27ac-4527-9b0d-b000642d7b0d";"bp_number_2997";"bp_type_2997";"name_2997"
"d2642a30-1d0b-40c7-a921-3a16f330387b";"bp_number_2998";"bp_type_2998";"name_2998"
"cd0ce93a-b0d7-4acb-81c0-09d016c5e7c2";"bp_number_2999";"bp_type_2999";"name_2999"
"88911866-236c-4be4-8644-efd90a76017b";"bp_number_3000";"bp_type_3000";"name_3000"
"c58f3d23-0a70-48dd-8d60-96870f56fb5c";"bp_number_3001";"bp_type_3001";"name_3001"
"cdebc6b5-4473-495f-9707-315d0dbc7c36";"bp_number_3002";"bp_type_3002";"name_3002"
"34fdc1c9-c398-4e5b-bca5-ec60f25a4e75";"bp_number_3003";"bp_type_3003";"name_3003"
"cf4bc110-b41d-40a1-b086-ad35575cfb54";"bp_number_3004";"bp_type_3004";"name_3004"
"8ece5afd-cac5-437f-88da-0642a2672c4b";"bp_number_3005";"bp_type_3005";"name_3005"
"9c4a49b3-1734-480c-9c47-5998ed65216b";"bp_number_3006";"bp_type_3006";"name_3006"
"7b7d186a-6b08-4a26-952e-e110c0d4d01d";"bp_number_3007";"bp_type_3007";"name_3007"
"d8ecf1b8-16b2-4332-b0e7-a1bd81b8dcea";"bp_number_3008";"bp_type_3008";"name_3008"
"d711d8c0-7f43-4173-81f7-14963e3c0e6b";"bp_number_3009";"bp_type_3009";"name_3009"
"64827c18-2099-41a4-8d52-df3772072b7f";"bp_number_3010";"bp_type_3010";"name_3010"
"986aa0e9-9ca3-41b0-af5b-0581ad2f3327";"bp_number_3011";"bp_type_3011";"name_3011"
"e377bafb-d22b-41e5-9667-b1d050f329bf";"bp_number_3012";"bp_type_3012";"name_3012"
"ecf9c8fa-7f98-475d-ae9e-4d604b99908b";"bp_number_3013";"bp_type_3013";"name_3013"
"008a24ab-5c90-471d-8a4e-fc5dcb538da5";"bp_number_3014";"bp_type_3014";"name_3014"
"2f69ab3d-1601-4508-bc7d-b7e41739a0d0";"bp_number_3015";"bp_type_3015";"name_3015"
"5e2decf4-ba5f-4dfb-aef1-3c7fc42bd312";"bp_number_3016";"bp_type_3016";"name_3016"
"d6b1f760-34aa-434a-909a-c21ac7d4dde2";"bp_number_3017";"bp_type_3017";"name_3017"
"76d9a810-8a1c-423b-b35e-388f09316a09";"bp_number_3018";"bp_type_3018";"name_3018"
"34b20f1f-55f9-4e61-a404-7dcadf557201";"bp_number_3019";"bp_type_3019";"name_3019"
"9215a83f-d748-434d-a65b-62ae27e84de4";"bp_number_3020";"bp_type_3020";"name_3020"
"bd1a44f7-f45f-462c-8bfa-d39aa09545be";"bp_number_3021";"bp_type_3021";"name_3021"
"e2ed06e6-a5fb-45a1-8fdf-7ae623dc3b5d";"bp_number_3022";"bp_type_3022";"name_3022"
"8a8d4e85-aef1-4085-a9a9-0fdcb27595db";"bp_number_3023";"bp_type_3023";"name_3023"
"556379cd-8214-4880-8da0-11e322a09cc1";"bp_number_3024";"bp_type_3024";"name_3024"
"9a781120-f14b-44da-aa58-bdda5baf0342";"bp_number_3025";"bp_type_3025";"name_3025"
"d6f7e0f2-8b75-4c6f-885f-0dcf97f34b6b";"bp_number_3026";"bp_type_3026";"name_3026"
"b55efbf0-c90c-448b-a242-0abf796f0af1";"bp_number_3027";"bp_type_3027";"name_3027"
"442f4800-afd8-43fc-9323-dd462114bb19";"bp_number_3028";"bp_type_3028";"name_3028"
"e1d06b57-cd26-43e6-81f4-432910712801";"bp_number_3029";"bp_type_3029";"name_3029"
"2937c259-84b3-4d49-8bcd-dc77cdfaa9ba";"bp_number_3030";"bp_type_3030";"name_3030"
"02be970c-aee8-4bc5-99fd-0ae7c1dbd1b7";"bp_number_3031";"bp_type_3031";"name_3031"
"63929117-008b-4370-aa15-5cab3ef393e5";"bp_number_3032";"bp_type_3032";"name_3032"
"d8c4f413-04f6-4b79-a3cc-2c1d32368127";"bp_number_3033";"bp_type_3033";"name_3033"
"ba3d8514-df53-48b4-8453-d793ffbda53b";"bp_number_3034";"bp_type_3034";"name_3034"
"6ae1c9c7-b989-46e2-bcc1-ad12bb446338";"bp_number_3035";"bp_type_3035";"name_3035"
"36c593ab-5957-41c3-b870-77955b0a8267";"bp_number_3036";"bp_type_3036";"name_3036"
"5710c5e8-e9a9-4a87-adcd-6e293beb5ddc";"bp_number_3037";"bp_type_3037";"name_3037"
"c7ef46dc-b7f9-4c31-b230-9e6a29fe275a";"bp_number_3038";"bp_type_3038";"name_3038"
"599bf486-0c50-480f-993c-cbc065157600";"bp_number_3039";"bp_type_3039";"name_3039"
"999355aa-40f3-4054-af4f-61b4f059b563";"bp_number_3040";"bp_type_3040";"name_3040"
"9ecde8ed-c55b-4bb8-aaf6-2e8449c12077";"bp_number_3041";"bp_type_3041";"name_3041"
"ea0af088-93c5-424e-b64a-9a6f65011032";"bp_number_3042";"bp_type_3042";"name_3042"
"04dbfb07-86d9-4610-96e8-80e405062076";"bp_number_3043";"bp_type_3043";"name_3043"
"155d6157-6579-42e7-8418-82c26eb899a5";"bp_number_3044";"bp_type_3044";"name_3044"
"c30cdf71-a15a-42df-a8f3-2b8d23d8ee7e";"bp_number_3045";"bp_type_3045";"name_3045"
"896495ab-e522-468c-a0b4-c55d38c7933a";"bp_number_3046";"bp_type_3046";"name_3046"
"59e54e64-068e-4b84-ab8c-d4506584de89";"bp_number_3047";"bp_type_3047";"name_3047"
"6560ef32-9627-4534-b569-11b13d9096ee";"bp_number_3048";"bp_type_3048";"name_3048"
"95cfdb29-2cd2-461e-a1b9-9ba5a6d97a36";"bp_number_3049";"bp_type_3049";"name_3049"
"615feb5b-49ff-4abf-9ff5-7ec9f07c15f7";"bp_number_3050";"bp_type_3050";"name_3050"
"d51b7f87-0144-4ad8-a34a-d29353a9ac44";"bp_number_3051";"bp_type_3051";"name_3051"
"8f7dbb71-a73c-470e-949e-fc5233549e13";"bp_number_3052";"bp_type_3052";"name_3052"
"6816a964-e011-408d-8340-5cf52461dc9a";"bp_number_3053";"bp_type_3053";"name_3053"
"4c742664-84ab-4635-800b-4b3d4807d80d";"bp_number_3054";"bp_type_3054";"name_3054"
"8491b3e3-681a-4e81-88fb-eb393cd9561f";"bp_number_3055";"bp_type_3055";"name_3055"
"0edd2f5e-e0c9-458d-b131-5d0ad24efcb2";"bp_number_3056";"bp_type_3056";"name_3056"
"fc168e86-3620-433f-b94a-b7e1d300ff9d";"bp_number_3057";"bp_type_3057";"name_3057"
"248a5ecb-14b7-4d5c-ad0b-589bb1859d25";"bp_number_3058";"bp_type_3058";"name_3058"
"1475535b-b7fa-4406-a2fa-55208c6346a8";"bp_number_3059";"bp_type_3059";"name_3059"
"f86437c9-2848-458d-aaaf-67ba7d3cadf7";"bp_number_3060";"bp_type_3060";"name_3060"
"154814d0-4b3b-4855-b8c8-317d0896881d";"bp_number_3061";"bp_type_3061";"name_3061"
"aebf559d-c324-45de-881c-4c5654869075";"bp_number_3062";"bp_type_3062";"name_3062"
"7f2f186b-4317-498d-890a-24bb5fed4f57";"bp_number_3063";"bp_type_3063";"name_3063"
"8cc8f04a-e015-4fdc-8e53-7e894d923d67";"bp_number_3064";"bp_type_3064";"name_3064"
"827b5969-e2b0-4e3a-867c-d9d17249f4ba";"bp_number_3065";"bp_type_3065";"name_3065"
"a6d879b0-1765-4bc8-9e3b-f29edaae12e9";"bp_number_3066";"bp_type_3066";"name_3066"
"debf27e1-572f-4dfe-af8d-2d833c8967d0";"bp_number_3067";"bp_type_3067";"name_3067"
"99f6ee9b-e5f5-4ea2-ba4b-445de16a28bc";"bp_number_3068";"bp_type_3068";"name_3068"
"6c0cfc6c-f989-433c-8c1c-68cc0c25face";"bp_number_3069";"bp_type_3069";"name_3069"
"95f45f32-dc48-44e9-8fa3-1ebcaab40e3e";"bp_number_3070";"bp_type_3070";"name_3070"
"5ff2d0b5-642d-4565-9d6a-1ed110334608";"bp_number_3071";"bp_type_3071";"name_3071"
"c448c63f-48c5-4dc2-8086-d81aea0d3258";"bp_number_3072";"bp_type_3072";"name_3072"
"e3895f0e-9df1-40e1-b8ef-b5a28482628b";"bp_number_3073";"bp_type_3073";"name_3073"
"0b29f205-6df5-4cd3-9b3d-f79eca7f68d3";"bp_number_3074";"bp_type_3074";"name_3074"
"eb62f959-eb31-4586-844b-481c7e7184d9";"bp_number_3075";"bp_type_3075";"name_3075"
"45f4191c-4f38-4341-9f05-d7eea0ddba30";"bp_number_3076";"bp_type_3076";"name_3076"
"01adec6b-993f-4af2-b341-69acba1e6803";"bp_number_3077";"bp_type_3077";"name_3077"
"90af1b34-21de-4bef-acfa-67a587237d56";"bp_number_3078";"bp_type_3078";"name_3078"
"b2b7b02f-1de7-49ee-993c-7a4631364d02";"bp_number_3079";"bp_type_3079";"name_3079"
"cc17ce93-29ee-41c0-84b1-a84402923477";"bp_number_3080";"bp_type_3080";"name_3080"
"93a28c10-9d78-4641-9be1-2cbf302fd27f";"bp_number_3081";"bp_type_3081";"name_3081"
"8b7d70f5-db95-4f3a-a1b5-31d40e833c3c";"bp_number_3082";"bp_type_3082";"name_3082"
"cbb16b15-61c7-49c4-a182-8acf2a668cc6";"bp_number_3083";"bp_type_3083";"name_3083"
"8c897ab4-94b0-4b4f-99ce-77d3d121cb33";"bp_number_3084";"bp_type_3084";"name_3084"
"b668fd26-2cb8-4717-8a92-5bf4be78ef4d";"bp_number_3085";"bp_type_3085";"name_3085"
"3fec0745-5502-4178-966a-f880d41f1db3";"bp_number_3086";"bp_type_3086";"name_3086"
"89c6f46b-6ce7-4adc-9563-8ea2a752c7a0";"bp_number_3087";"bp_type_3087";"name_3087"
"1cd26014-d965-4ae0-87c5-93d186eb78fa";"bp_number_3088";"bp_type_3088";"name_3088"
"7173fd0c-cdf5-46e5-8e5c-9b9d6030fc17";"bp_number_3089";"bp_type_3089";"name_3089"
"d8d201c8-574f-42ac-b711-0625c2782107";"bp_number_3090";"bp_type_3090";"name_3090"
"dd9c3b28-5ec0-4460-b223-e9f9c1374b02";"bp_number_3091";"bp_type_3091";"name_3091"
"073fc441-84ed-4c8a-aba8-2dce087bf955";"bp_number_3092";"bp_type_3092";"name_3092"
"dcabfe05-a12a-4433-be19-77479b5307f1";"bp_number_3093";"bp_type_3093";"name_3093"
"98cf4d3b-cdd5-407f-8ed2-b6cf766df67d";"bp_number_3094";"bp_type_3094";"name_3094"
"24429874-cc53-4784-b44f-39c631853896";"bp_number_3095";"bp_type_3095";"name_3095"
"5221ee9b-73cd-498c-86de-d459a17b6bb3";"bp_number_3096";"bp_type_3096";"name_3096"
"e120d458-4164-434f-a5c6-b57ccaf2dcdc";"bp_number_3097";"bp_type_3097";"name_3097"
"778a58a2-0059-47ea-8cf4-d194de0427a6";"bp_number_3098";"bp_type_3098";"name_3098"
"62d9b13d-2859-4fdb-af88-33eccd671e8e";"bp_number_3099";"bp_type_3099";"name_3099"
"3d277415-33da-407b-aedb-0e6be1e0a7c5";"bp_number_3100";"bp_type_3100";"name_3100"
"289a586c-1558-4026-b391-bcb40ce55e6d";"bp_number_3101";"bp_type_3101";"name_3101"
"6927dd71-b0f9-4bfc-801c-3209f45479dc";"bp_number_3102";"bp_type_3102";"name_3102"
"d6912c25-c448-4868-b6a2-2046a246155f";"bp_number_3103";"bp_type_3103";"name_3103"
"5897f56d-8521-4aec-9f04-9de690ad5ff0";"bp_number_3104";"bp_type_3104";"name_3104"
"9152335b-b86a-4e9b-a9a5-26f7ea2b5d16";"bp_number_3105";"bp_type_3105";"name_3105"
"ef5eacee-9bcf-4a38-8b94-92c9701fe985";"bp_number_3106";"bp_type_3106";"name_3106"
"52c64178-5603-4130-9e40-9c548edc3459";"bp_number_3107";"bp_type_3107";"name_3107"
"88c832ae-ff07-49b3-ac8b-74b0e4596339";"bp_number_3108";"bp_type_3108";"name_3108"
"b9d4ecaa-cf7b-4269-83fd-083ddbac20e7";"bp_number_3109";"bp_type_3109";"name_3109"
"92cb5b09-3cfa-4c23-a8cc-ce8557d48c1c";"bp_number_3110";"bp_type_3110";"name_3110"
"8116cb94-c853-4116-a92d-a3badf308e9c";"bp_number_3111";"bp_type_3111";"name_3111"
"4682bd91-92aa-4e0c-8791-b985f6bc6488";"bp_number_3112";"bp_type_3112";"name_3112"
"3189b5b2-d90e-4267-816e-c4e0dc090a9f";"bp_number_3113";"bp_type_3113";"name_3113"
"6ca21793-be0a-4133-a619-d256720fcaf0";"bp_number_3114";"bp_type_3114";"name_3114"
"28a354b2-19be-4a61-ba4e-8826fda4c81b";"bp_number_3115";"bp_type_3115";"name_3115"
"06fa756a-8b1b-4e7d-b731-2c3dbbd53b0c";"bp_number_3116";"bp_type_3116";"name_3116"
"486eb8c5-ca9c-485f-a8ee-588e6e6e6fef";"bp_number_3117";"bp_type_3117";"name_3117"
"09ab143e-f54b-4b63-8feb-7a845b941318";"bp_number_3118";"bp_type_3118";"name_3118"
"3f9cb12e-4f0b-4b1a-af7f-fb1b7b4425e0";"bp_number_3119";"bp_type_3119";"name_3119"
"e15e6e1b-e2d8-4d74-8830-761b7751cf2a";"bp_number_3120";"bp_type_3120";"name_3120"
"a81dc2b3-399e-402d-a5cb-652752184e5c";"bp_number_3121";"bp_type_3121";"name_3121"
"47f408b1-ba5d-49b8-bc4b-b2bc28f60fa4";"bp_number_3122";"bp_type_3122";"name_3122"
"2396266c-b0ab-41ea-b215-b8b103437053";"bp_number_3123";"bp_type_3123";"name_3123"
"317dde1e-b7f8-4264-bc96-3c12ce6ec664";"bp_number_3124";"bp_type_3124";"name_3124"
"4a653a4d-25ec-4487-a279-ae804c204141";"bp_number_3125";"bp_type_3125";"name_3125"
"adbdad6c-940f-4708-a68d-b44bcca9071e";"bp_number_3126";"bp_type_3126";"name_3126"
"9bd4874e-620f-4ba4-8839-e08f5c0bc487";"bp_number_3127";"bp_type_3127";"name_3127"
"c1ecebae-2ca5-4776-bd6f-f1ce66a2f50a";"bp_number_3128";"bp_type_3128";"name_3128"
"74fb5bc1-b71d-4856-abe9-755074de8d4a";"bp_number_3129";"bp_type_3129";"name_3129"
"4403fd15-ed20-4d29-a598-aa796c471655";"bp_number_3130";"bp_type_3130";"name_3130"
"7b74f04e-d5bc-4071-bc95-1f5f0df79cf7";"bp_number_3131";"bp_type_3131";"name_3131"
"14dc88b7-e0dd-4157-a3b3-cbcf69e6117f";"bp_number_3132";"bp_type_3132";"name_3132"
"975c09fb-0792-4abd-bca0-1d80bcd1eb5e";"bp_number_3133";"bp_type_3133";"name_3133"
"8a940071-19c8-46cc-af41-744a086b1513";"bp_number_3134";"bp_type_3134";"name_3134"
"1112f656-5179-4cba-b6bc-489a3756f0a5";"bp_number_3135";"bp_type_3135";"name_3135"
"1caec28e-d8da-4804-898a-32d45848c873";"bp_number_3136";"bp_type_3136";"name_3136"
"2b8ab20e-74bf-4aa9-85f1-519bd9d820c4";"bp_number_3137";"bp_type_3137";"name_3137"
"f4270ff7-1429-4b87-ad80-ab8141d163ed";"bp_number_3138";"bp_type_3138";"name_3138"
"dd276da4-3456-45d4-ba06-3cead0f76c70";"bp_number_3139";"bp_type_3139";"name_3139"
"866c9109-ce4a-4566-b25d-a2cbcf311786";"bp_number_3140";"bp_type_3140";"name_3140"
"5c7d1d2f-dc59-44cc-a2d1-8dbbe723919f";"bp_number_3141";"bp_type_3141";"name_3141"
"796f52f2-862c-4723-a44a-cf6b8bbc7d7c";"bp_number_3142";"bp_type_3142";"name_3142"
"88c36534-0c76-414e-9c1f-389bf8f99c1d";"bp_number_3143";"bp_type_3143";"name_3143"
"7ddf15da-17ae-4795-96d6-4572b4e2459b";"bp_number_3144";"bp_type_3144";"name_3144"
"a45a30b9-9408-463d-adb4-489821b562ca";"bp_number_3145";"bp_type_3145";"name_3145"
"722ce3cc-9e05-435d-a408-bfb23fc99ed4";"bp_number_3146";"bp_type_3146";"name_3146"
"69dcaa9c-120d-499f-829a-2b012cdc6349";"bp_number_3147";"bp_type_3147";"name_3147"
"a5638883-d5c9-4e9c-94be-1905ea98488a";"bp_number_3148";"bp_type_3148";"name_3148"
"3f0c0feb-4d60-4d5c-94c7-878f2c448020";"bp_number_3149";"bp_type_3149";"name_3149"
"4497f943-5551-454b-bc86-703a5b4f4163";"bp_number_3150";"bp_type_3150";"name_3150"
"b31bd2fe-76a3-47b6-82c1-e4e401495aa1";"bp_number_3151";"bp_type_3151";"name_3151"
"41300de3-fb6c-4450-935e-b1c55e4972b2";"bp_number_3152";"bp_type_3152";"name_3152"
"be0ce17a-18a9-4b33-9145-93acd0484655";"bp_number_3153";"bp_type_3153";"name_3153"
"647d32b5-1cd3-4884-b47c-9a5698fcf05b";"bp_number_3154";"bp_type_3154";"name_3154"
"e189a00d-6af2-4974-863a-43427ef88116";"bp_number_3155";"bp_type_3155";"name_3155"
"919bc3af-4fbe-4411-8f59-91b07835ba7a";"bp_number_3156";"bp_type_3156";"name_3156"
"b9de0bad-1442-4744-8b86-f8e1ce04279d";"bp_number_3157";"bp_type_3157";"name_3157"
"55fbbe89-e03e-4110-8f39-ff82314c1eda";"bp_number_3158";"bp_type_3158";"name_3158"
"e28d500c-e7f8-4b0a-847a-e07ed2efafcb";"bp_number_3159";"bp_type_3159";"name_3159"
"24c04e99-417e-4100-8fc0-753032d1f4ad";"bp_number_3160";"bp_type_3160";"name_3160"
"149f6cb1-4129-4966-af7c-0f674aa3e239";"bp_number_3161";"bp_type_3161";"name_3161"
"66a8bede-7106-43f9-98f9-8f0e4ebf2842";"bp_number_3162";"bp_type_3162";"name_3162"
"547bd5ec-23db-4874-bf66-e4bbffcc2937";"bp_number_3163";"bp_type_3163";"name_3163"
"1827b00b-4936-433e-bfeb-d50bc37b3c8d";"bp_number_3164";"bp_type_3164";"name_3164"
"9fae4a35-ec8c-4684-8f6c-2f3276bf72c2";"bp_number_3165";"bp_type_3165";"name_3165"
"3825d65f-6795-42b8-a906-22aa8926429d";"bp_number_3166";"bp_type_3166";"name_3166"
"ec8a609f-e69e-49b0-b8f4-20d28a27d139";"bp_number_3167";"bp_type_3167";"name_3167"
"8ad759ba-9c24-463a-a1e9-02c5860e895b";"bp_number_3168";"bp_type_3168";"name_3168"
"5f1bf2cf-930d-4e21-960b-06316067cb94";"bp_number_3169";"bp_type_3169";"name_3169"
"9eaf827b-33f1-4798-9e26-984b5dba81ba";"bp_number_3170";"bp_type_3170";"name_3170"
"a89f06ca-d4d5-48ad-8902-dc42e841acfb";"bp_number_3171";"bp_type_3171";"name_3171"
"c5d1bd2d-4292-4a88-a366-74c2da598c35";"bp_number_3172";"bp_type_3172";"name_3172"
"1e5b615b-c27f-48ac-92a9-a808142c9247";"bp_number_3173";"bp_type_3173";"name_3173"
"b80a7c8b-4eda-46c9-9281-3941506e2777";"bp_number_3174";"bp_type_3174";"name_3174"
"c50a66c1-8f5c-46da-b4f7-248f64361da5";"bp_number_3175";"bp_type_3175";"name_3175"
"cdd5a3bc-8caa-47ea-9672-09149a0253fa";"bp_number_3176";"bp_type_3176";"name_3176"
"e264d13d-8e6d-4056-a657-713a7a3822e6";"bp_number_3177";"bp_type_3177";"name_3177"
"e0be6936-5810-4942-afe6-51381fdea840";"bp_number_3178";"bp_type_3178";"name_3178"
"4e7b60fd-2fb8-4f4d-8cd3-119f9535fc8e";"bp_number_3179";"bp_type_3179";"name_3179"
"f3c1d89b-d70d-4cae-9e04-a0ea96dc4a9c";"bp_number_3180";"bp_type_3180";"name_3180"
"5afb015b-a431-43f6-80f3-c79e3b8fc632";"bp_number_3181";"bp_type_3181";"name_3181"
"9e600932-bc04-4a1f-b15e-6b3cf2d49df0";"bp_number_3182";"bp_type_3182";"name_3182"
"f35bddd2-e2f7-4254-9729-bad00f0d4065";"bp_number_3183";"bp_type_3183";"name_3183"
"77820772-beff-4971-97c0-4468861d7b15";"bp_number_3184";"bp_type_3184";"name_3184"
"e3ff965e-658b-49db-8175-7cf14d8e7de0";"bp_number_3185";"bp_type_3185";"name_3185"
"72319223-2a61-4723-ad18-2e75c3a23268";"bp_number_3186";"bp_type_3186";"name_3186"
"d442a514-be00-47a2-b42a-755f5f4cf8b7";"bp_number_3187";"bp_type_3187";"name_3187"
"617037c2-ac2e-4db8-bb34-7f40a1a750d2";"bp_number_3188";"bp_type_3188";"name_3188"
"45f3e0d3-6e4a-4d72-889f-68b66329f0a8";"bp_number_3189";"bp_type_3189";"name_3189"
"ed68846c-f9db-4fad-b062-3a7dea090a6f";"bp_number_3190";"bp_type_3190";"name_3190"
"0b589e40-e47c-44c7-807b-2081f42b4fc6";"bp_number_3191";"bp_type_3191";"name_3191"
"3912191b-ae15-4a39-9d6b-80253e94499e";"bp_number_3192";"bp_type_3192";"name_3192"
"6dbc158d-3d0b-4cce-ad2e-3b3586a3c3ef";"bp_number_3193";"bp_type_3193";"name_3193"
"2d825676-832b-48d4-ad21-400e3909523c";"bp_number_3194";"bp_type_3194";"name_3194"
"e400eb22-ff8d-44e1-b116-ffe87297c94a";"bp_number_3195";"bp_type_3195";"name_3195"
"38900f75-9270-4aed-af45-562f48dca0a3";"bp_number_3196";"bp_type_3196";"name_3196"
"27a38195-f897-45a6-b32f-11fa700116b8";"bp_number_3197";"bp_type_3197";"name_3197"
"d4ca47c8-3856-4add-ac95-2d9e8951fe1b";"bp_number_3198";"bp_type_3198";"name_3198"
"26e101f8-88bd-4e04-b88b-106f3211c870";"bp_number_3199";"bp_type_3199";"name_3199"
"34c2aab4-c58d-42d7-8560-5f49c469b1ce";"bp_number_3200";"bp_type_3200";"name_3200"
"a75b03b0-dee2-4b3b-9959-fad703ee4fb4";"bp_number_3201";"bp_type_3201";"name_3201"
"ac904062-6cc1-42bc-955c-47369e98e7cc";"bp_number_3202";"bp_type_3202";"name_3202"
"c30797fb-e5e9-4377-9f75-a170fa728703";"bp_number_3203";"bp_type_3203";"name_3203"
"16774169-83a2-4f74-ad55-b277e6196d16";"bp_number_3204";"bp_type_3204";"name_3204"
"18825aeb-4548-4f03-882e-16c62229e2c2";"bp_number_3205";"bp_type_3205";"name_3205"
"0fbb07d5-4413-43ae-9ff2-ba0d5045a15a";"bp_number_3206";"bp_type_3206";"name_3206"
"f07eba55-f37e-4a1f-8c98-41c0b81a4bac";"bp_number_3207";"bp_type_3207";"name_3207"
"fadd6359-6939-4c41-813a-6cee52e2d1fb";"bp_number_3208";"bp_type_3208";"name_3208"
"1929c214-4fc8-4594-bdd0-95de4ed1fde7";"bp_number_3209";"bp_type_3209";"name_3209"
"33e1cd6e-89c3-4b2f-bae4-35b004953f1a";"bp_number_3210";"bp_type_3210";"name_3210"
"9ca88a3f-03bf-4131-8b89-d02fe8c1f178";"bp_number_3211";"bp_type_3211";"name_3211"
"b31275d3-71fd-4e7f-8114-8bf396d24870";"bp_number_3212";"bp_type_3212";"name_3212"
"2227e6d7-11b6-4097-a678-047005829506";"bp_number_3213";"bp_type_3213";"name_3213"
"26febee8-3b7a-4c6c-bd1d-1f6fafa2214c";"bp_number_3214";"bp_type_3214";"name_3214"
"7424c310-0ea5-42e1-83aa-89a9a7cfb1b1";"bp_number_3215";"bp_type_3215";"name_3215"
"f72c53ba-e3df-4435-a5c1-f63676c3f14a";"bp_number_3216";"bp_type_3216";"name_3216"
"f39ca95a-72e8-4442-ae33-0b98a2efbefe";"bp_number_3217";"bp_type_3217";"name_3217"
"b02839d3-67b2-4ee0-b4f9-663f28847b94";"bp_number_3218";"bp_type_3218";"name_3218"
"947f64a5-d3ee-445b-a03f-641203b5bc23";"bp_number_3219";"bp_type_3219";"name_3219"
"f565a80b-92a0-49f2-8dcd-093ef2e3ca01";"bp_number_3220";"bp_type_3220";"name_3220"
"89c8439a-549c-46c0-8fb5-e8037f1b3975";"bp_number_3221";"bp_type_3221";"name_3221"
"ca6a2c26-fe87-4a73-821f-a4e8b279791c";"bp_number_3222";"bp_type_3222";"name_3222"
"9a65c044-e8aa-4d7d-92f8-a265e8ce6db0";"bp_number_3223";"bp_type_3223";"name_3223"
"f5d5a09c-2d25-47b8-a8ab-fa9139040b94";"bp_number_3224";"bp_type_3224";"name_3224"
"1ea153f5-9b17-4da6-bad3-8cd60da17a8b";"bp_number_3225";"bp_type_3225";"name_3225"
"0bbb5faa-8b5e-4ac6-afa7-6db8b9f8c91c";"bp_number_3226";"bp_type_3226";"name_3226"
"8cad91ca-eaa5-45dc-bcd0-7fb277f720ec";"bp_number_3227";"bp_type_3227";"name_3227"
"52aa9e9c-4f44-47a3-98e1-56c2ff78d996";"bp_number_3228";"bp_type_3228";"name_3228"
"b03bb219-627e-4873-8ac2-40454e3e1785";"bp_number_3229";"bp_type_3229";"name_3229"
"fcb78036-0a68-4d20-a7a7-955b10a43d6e";"bp_number_3230";"bp_type_3230";"name_3230"
"2d992055-b62c-45cf-b9f5-fe364ba8f9ef";"bp_number_3231";"bp_type_3231";"name_3231"
"9f401b61-985c-4e42-8289-73918e003e4f";"bp_number_3232";"bp_type_3232";"name_3232"
"e357583b-4c75-481a-8817-8391f4b7590e";"bp_number_3233";"bp_type_3233";"name_3233"
"83eaf39d-f5e4-4533-b4bb-931322044d78";"bp_number_3234";"bp_type_3234";"name_3234"
"8d7b306c-10cd-445c-9061-2a809e2b954b";"bp_number_3235";"bp_type_3235";"name_3235"
"66182368-ee6f-4006-bf85-72131cbebbda";"bp_number_3236";"bp_type_3236";"name_3236"
"02542461-6403-4e8c-b5dd-78fe44a48e47";"bp_number_3237";"bp_type_3237";"name_3237"
"831093a9-715a-4f19-b6e0-6c7cd649df2e";"bp_number_3238";"bp_type_3238";"name_3238"
"263ed705-854a-4ec7-b07e-af9da5c9ca89";"bp_number_3239";"bp_type_3239";"name_3239"
"f43a6a5d-6aa9-4913-8e5b-d4b26a2bcf89";"bp_number_3240";"bp_type_3240";"name_3240"
"65e5302e-3d35-4c91-b137-6faac577ad4f";"bp_number_3241";"bp_type_3241";"name_3241"
"749973d0-75ed-4407-93c0-6ce755c34d98";"bp_number_3242";"bp_type_3242";"name_3242"
"8334b97e-d0be-43de-8416-fe9ac9f2b531";"bp_number_3243";"bp_type_3243";"name_3243"
"976fe72e-ca05-4415-9656-b73140230693";"bp_number_3244";"bp_type_3244";"name_3244"
"1317da62-1f22-4472-acdd-489a252c1aed";"bp_number_3245";"bp_type_3245";"name_3245"
"06605ac9-f432-4e48-86d2-c3c2e3fee157";"bp_number_3246";"bp_type_3246";"name_3246"
"239eb530-ebd0-475d-96a2-44ea745fda43";"bp_number_3247";"bp_type_3247";"name_3247"
"d053fb36-19f6-4342-9778-2ad15dcc5407";"bp_number_3248";"bp_type_3248";"name_3248"
"9c995ac6-ff84-4a95-9363-f167d7032b39";"bp_number_3249";"bp_type_3249";"name_3249"
"dc23a40b-25cc-48a0-8f55-71a5a6efe3e3";"bp_number_3250";"bp_type_3250";"name_3250"
"a1072409-63a2-47c5-8eb7-8c8a9a3d97bb";"bp_number_3251";"bp_type_3251";"name_3251"
"e87c1087-c1c4-407e-9eaf-f0d8874e3e60";"bp_number_3252";"bp_type_3252";"name_3252"
"747be134-5785-400d-91b3-afb9bdbff51b";"bp_number_3253";"bp_type_3253";"name_3253"
"7738e1f0-7d47-4a1b-95cc-96f313e9e877";"bp_number_3254";"bp_type_3254";"name_3254"
"a2969893-c91c-47d2-a05e-b03387b9aa7f";"bp_number_3255";"bp_type_3255";"name_3255"
"39b1ddd7-21bf-4bde-9b60-d90ab9de3c70";"bp_number_3256";"bp_type_3256";"name_3256"
"5db29117-0e5b-4003-bdc2-b39c1bf42538";"bp_number_3257";"bp_type_3257";"name_3257"
"bb9d4db1-f61a-47a0-ba3e-8443f569fe98";"bp_number_3258";"bp_type_3258";"name_3258"
"43e040e8-ffb6-4204-b325-ffb15c5d35bc";"bp_number_3259";"bp_type_3259";"name_3259"
"430cd886-0971-4bba-a33e-64cfd99c8204";"bp_number_3260";"bp_type_3260";"name_3260"
"20ea0072-7e46-490f-8fda-4f3753a2b32a";"bp_number_3261";"bp_type_3261";"name_3261"
"6c44b1db-df1b-4c03-a807-cd7417810f2b";"bp_number_3262";"bp_type_3262";"name_3262"
"c306443a-6399-4381-8199-2c5e1b79d917";"bp_number_3263";"bp_type_3263";"name_3263"
"20d56028-82cf-47a8-8019-1f20a6f53ab0";"bp_number_3264";"bp_type_3264";"name_3264"
"4e2c99cc-6338-43d3-b193-baf4f4e5790a";"bp_number_3265";"bp_type_3265";"name_3265"
"ca673831-f7ce-426b-8cb0-44664bcb8a20";"bp_number_3266";"bp_type_3266";"name_3266"
"458b2882-2230-4133-83f9-886ac97f1d92";"bp_number_3267";"bp_type_3267";"name_3267"
"463cc969-f689-4972-bb4f-619ded6d0cca";"bp_number_3268";"bp_type_3268";"name_3268"
"b1ca2963-1f36-482e-94bf-59f30f691e01";"bp_number_3269";"bp_type_3269";"name_3269"
"50db7a37-9ef3-439d-b639-6de47e4c6001";"bp_number_3270";"bp_type_3270";"name_3270"
"61f3db4f-60b4-41ab-8a92-ac3f0b8df9a6";"bp_number_3271";"bp_type_3271";"name_3271"
"80ddb747-8595-4976-ace9-0851dfbe5d2a";"bp_number_3272";"bp_type_3272";"name_3272"
"50936feb-b6bb-4c59-863c-ff39c4fad6fa";"bp_number_3273";"bp_type_3273";"name_3273"
"53d9aaa3-ff23-4ae6-9d4e-2406bab3b432";"bp_number_3274";"bp_type_3274";"name_3274"
"bfe93150-d3ce-4483-8373-3d07baef3402";"bp_number_3275";"bp_type_3275";"name_3275"
"afa1207e-33a4-45aa-bf38-5c2b15ed3f20";"bp_number_3276";"bp_type_3276";"name_3276"
"828d4c40-8f6b-45ac-8bba-649a8b085788";"bp_number_3277";"bp_type_3277";"name_3277"
"17598054-b1e3-4e8d-a7bf-4bc0c0b5ceae";"bp_number_3278";"bp_type_3278";"name_3278"
"5cfe008c-d376-4f63-a120-0b0a46345a01";"bp_number_3279";"bp_type_3279";"name_3279"
"6cb19143-0440-4c9d-8070-967a6e167e96";"bp_number_3280";"bp_type_3280";"name_3280"
"fac57717-d859-4d58-93c9-1c38f1754313";"bp_number_3281";"bp_type_3281";"name_3281"
"cf6bbf18-dfbf-4301-a74d-565b7725294a";"bp_number_3282";"bp_type_3282";"name_3282"
"a08811cc-9500-4ca1-beb0-37c21250c3b1";"bp_number_3283";"bp_type_3283";"name_3283"
"c239ec42-93a6-4c1a-aed5-4301c7be2290";"bp_number_3284";"bp_type_3284";"name_3284"
"fe7eabc9-6f44-4846-b902-9a0cb2ae23a4";"bp_number_3285";"bp_type_3285";"name_3285"
"5818e9c7-4f11-44dd-88c6-af261ccc7c83";"bp_number_3286";"bp_type_3286";"name_3286"
"855f7756-6633-4b7a-a4bb-0f6eba3de1e8";"bp_number_3287";"bp_type_3287";"name_3287"
"31c4d2de-e08a-441d-a74e-3dfb3be604cf";"bp_number_3288";"bp_type_3288";"name_3288"
"54c2b76d-c1eb-4c4a-88f2-a3bf6a4d7415";"bp_number_3289";"bp_type_3289";"name_3289"
"7aaea49c-248f-42f9-a77c-882358a2ba87";"bp_number_3290";"bp_type_3290";"name_3290"
"ad9fffc4-831b-4992-9653-d5941105ca6f";"bp_number_3291";"bp_type_3291";"name_3291"
"1ae65e78-6a3e-475c-83a4-64bf654f8a6e";"bp_number_3292";"bp_type_3292";"name_3292"
"203433eb-a863-461f-97e0-dca70802a918";"bp_number_3293";"bp_type_3293";"name_3293"
"5c59a714-4698-4aa4-9297-9c34057a3866";"bp_number_3294";"bp_type_3294";"name_3294"
"454784f0-df52-484d-b1af-d8b16d60b415";"bp_number_3295";"bp_type_3295";"name_3295"
"260ca30c-a411-47c3-ba05-331f74094007";"bp_number_3296";"bp_type_3296";"name_3296"
"9c8e1414-352a-4d27-9969-270be45ef8e1";"bp_number_3297";"bp_type_3297";"name_3297"
"9f371d4a-c07f-4560-8d36-90e11ee90de8";"bp_number_3298";"bp_type_3298";"name_3298"
"ee6d6cf1-1979-4c24-af41-ef80abd871eb";"bp_number_3299";"bp_type_3299";"name_3299"
"6fb5ea96-105d-4c86-91c0-9ef082926edb";"bp_number_3300";"bp_type_3300";"name_3300"
"b8f8d9b2-23bc-4628-8a45-715f1e126f68";"bp_number_3301";"bp_type_3301";"name_3301"
"537b0935-7246-4f12-8ea5-694fca4d7ddc";"bp_number_3302";"bp_type_3302";"name_3302"
"a77f3c54-04b0-4b76-859a-2847544ab0cf";"bp_number_3303";"bp_type_3303";"name_3303"
"e0ecd8fd-5309-4a8d-b23e-85cadc348450";"bp_number_3304";"bp_type_3304";"name_3304"
"703e03f5-adb5-4bd1-bbce-47838d040237";"bp_number_3305";"bp_type_3305";"name_3305"
"903c1cb0-f6a1-4ca9-a38b-d814742e5a53";"bp_number_3306";"bp_type_3306";"name_3306"
"ff56b694-fa27-4ef0-8e25-d05b14fe5a2a";"bp_number_3307";"bp_type_3307";"name_3307"
"20846d28-7ef4-479e-b39d-debd8ace440c";"bp_number_3308";"bp_type_3308";"name_3308"
"908a633b-8a05-44eb-b216-cf85109336ba";"bp_number_3309";"bp_type_3309";"name_3309"
"db1617f4-588a-40c0-bbff-cdfd41c5c1ce";"bp_number_3310";"bp_type_3310";"name_3310"
"1f068b72-d016-4656-a090-6931af57b2d3";"bp_number_3311";"bp_type_3311";"name_3311"
"146cf8cd-833f-40da-a907-327193dbee7f";"bp_number_3312";"bp_type_3312";"name_3312"
"748d0f7a-cac6-4940-8500-eec8e51ab3ea";"bp_number_3313";"bp_type_3313";"name_3313"
"44e66b4c-c2d9-44a1-82b7-6ec5c8ed1083";"bp_number_3314";"bp_type_3314";"name_3314"
"ab073258-5b98-4b57-893f-aa1bf83019f1";"bp_number_3315";"bp_type_3315";"name_3315"
"32d086c8-6590-4302-b0fa-337c0c0677d8";"bp_number_3316";"bp_type_3316";"name_3316"
"8040c27b-8511-44d2-a4fe-9f8c0581045b";"bp_number_3317";"bp_type_3317";"name_3317"
"c8722375-ee86-4a2e-8015-0b11349c1fab";"bp_number_3318";"bp_type_3318";"name_3318"
"77506685-c8c8-4a67-9250-d2df840eeb99";"bp_number_3319";"bp_type_3319";"name_3319"
"7831ad3d-fc2e-4ed1-ab68-66ed58778e34";"bp_number_3320";"bp_type_3320";"name_3320"
"0bdb9850-fd96-4093-b7c6-e56ed6650373";"bp_number_3321";"bp_type_3321";"name_3321"
"177ce2ab-b4ff-43fa-87f2-4ee3f501871b";"bp_number_3322";"bp_type_3322";"name_3322"
"08ae641d-0c2f-42c8-a7e9-b0d58777be82";"bp_number_3323";"bp_type_3323";"name_3323"
"9f588fe0-78fc-4cf2-80e6-a99f5ac9b30e";"bp_number_3324";"bp_type_3324";"name_3324"
"683ea92c-7573-4f1c-8fca-dc8e53bf4720";"bp_number_3325";"bp_type_3325";"name_3325"
"698046d2-cc0c-4e4e-8580-319fc9158d38";"bp_number_3326";"bp_type_3326";"name_3326"
"940ca4b7-2dd6-4f6d-aeef-01ec02ba5c0b";"bp_number_3327";"bp_type_3327";"name_3327"
"bb4ade3e-a8ae-40ca-a339-ebd184ba0e19";"bp_number_3328";"bp_type_3328";"name_3328"
"46915472-6e5f-4aff-9b57-d1335421ef5b";"bp_number_3329";"bp_type_3329";"name_3329"
"9c0dc30b-fda1-421f-839c-bcb67b1c4d49";"bp_number_3330";"bp_type_3330";"name_3330"
"c0d84bf0-3b84-48f6-8252-790fc5d5e45f";"bp_number_3331";"bp_type_3331";"name_3331"
"a8cedf5c-8573-41c7-b29b-a0a713c1dcc3";"bp_number_3332";"bp_type_3332";"name_3332"
"0b6be6bd-6f01-4a99-ba3f-000380eede8e";"bp_number_3333";"bp_type_3333";"name_3333"
"bfb74761-8770-44b0-ae2b-5cc6887b211e";"bp_number_3334";"bp_type_3334";"name_3334"
"076f029e-9211-4088-8dcd-a369cb0b6fbc";"bp_number_3335";"bp_type_3335";"name_3335"
"67e1d107-8b1b-407c-bd0a-a766cc164d54";"bp_number_3336";"bp_type_3336";"name_3336"
"1ad00616-2f9c-4bc6-98e8-e6a18844450a";"bp_number_3337";"bp_type_3337";"name_3337"
"1e14c973-16e7-443b-947e-756348f635b4";"bp_number_3338";"bp_type_3338";"name_3338"
"ba2735e0-1be1-46a3-9554-9dcc7d88763f";"bp_number_3339";"bp_type_3339";"name_3339"
"5c6e1d6b-c833-410c-b8cb-46a9432c1d40";"bp_number_3340";"bp_type_3340";"name_3340"
"9cabed90-68e7-4cee-8bf2-979a8a51232d";"bp_number_3341";"bp_type_3341";"name_3341"
"95c90fa1-94fe-437d-bb16-5503dd079895";"bp_number_3342";"bp_type_3342";"name_3342"
"2e7919c2-f0f3-4144-9dd7-9d1a93b7abae";"bp_number_3343";"bp_type_3343";"name_3343"
"b90d6ff6-d08a-4cf9-a006-d22d20092015";"bp_number_3344";"bp_type_3344";"name_3344"
"e442524c-eb51-4fc9-a111-63c6f3090362";"bp_number_3345";"bp_type_3345";"name_3345"
"3e2062db-ff05-491b-a07d-3bd4d0ff3270";"bp_number_3346";"bp_type_3346";"name_3346"
"d1e5b0bc-9011-4c00-94f3-3c2f34d71e98";"bp_number_3347";"bp_type_3347";"name_3347"
"88a09d2b-17af-48b0-8efa-cf6adc3d303e";"bp_number_3348";"bp_type_3348";"name_3348"
"0001b6fb-0110-4a1a-b23f-e6dc529cb2af";"bp_number_3349";"bp_type_3349";"name_3349"
"6bb86f2f-5e30-4c76-a1ff-642cb9257438";"bp_number_3350";"bp_type_3350";"name_3350"
"13863f1e-5d3f-49e6-b075-9461b39fe9ba";"bp_number_3351";"bp_type_3351";"name_3351"
"dc173847-23a3-44a0-912b-fda1d55a191d";"bp_number_3352";"bp_type_3352";"name_3352"
"acf01a29-baad-402b-bec5-3d39950a85bf";"bp_number_3353";"bp_type_3353";"name_3353"
"d0ff50c2-8a2b-408c-aeed-37c1069eb027";"bp_number_3354";"bp_type_3354";"name_3354"
"a16464e4-4303-4592-a3ba-d0d8c84ffec7";"bp_number_3355";"bp_type_3355";"name_3355"
"ad44fb2d-cfc1-48d4-858e-df7b7d1fc0e5";"bp_number_3356";"bp_type_3356";"name_3356"
"432f786c-bba2-4373-b09b-62421bce3bdc";"bp_number_3357";"bp_type_3357";"name_3357"
"4931b8f2-351e-45ac-a402-34b77c530681";"bp_number_3358";"bp_type_3358";"name_3358"
"5d0186a9-81f6-4593-a336-628211ad4ba8";"bp_number_3359";"bp_type_3359";"name_3359"
"f02e4b06-77db-4ff1-8031-7333ccb3bb38";"bp_number_3360";"bp_type_3360";"name_3360"
"898f3189-c873-44d0-ad95-1bd17002d5dd";"bp_number_3361";"bp_type_3361";"name_3361"
"78a94a93-b3c3-4057-83e1-5ca066559101";"bp_number_3362";"bp_type_3362";"name_3362"
"38475ac0-a2e2-4c2a-9e21-0ca919d9e840";"bp_number_3363";"bp_type_3363";"name_3363"
"96a03cee-aa12-4397-b4be-102be4a0c08d";"bp_number_3364";"bp_type_3364";"name_3364"
"27980f4c-1709-4f42-97e6-a2fc8498ff3b";"bp_number_3365";"bp_type_3365";"name_3365"
"a9f33238-772c-4490-92cb-64ff2fe9d3a5";"bp_number_3366";"bp_type_3366";"name_3366"
"17ec17a1-266b-46ab-8594-4949cabbe41b";"bp_number_3367";"bp_type_3367";"name_3367"
"945cbc42-c393-42ff-81fb-c61e478b1043";"bp_number_3368";"bp_type_3368";"name_3368"
"3b918369-3ceb-4cff-9b12-41ca3af29ab5";"bp_number_3369";"bp_type_3369";"name_3369"
"2acc10df-f6b0-4a66-a084-27bba4a2aca7";"bp_number_3370";"bp_type_3370";"name_3370"
"52f94169-adf9-4bed-b476-b452da9f60ba";"bp_number_3371";"bp_type_3371";"name_3371"
"70ecaea3-a49b-4b5b-ac5f-cfeba6612fb7";"bp_number_3372";"bp_type_3372";"name_3372"
"9e4da077-6a86-46d4-9a9c-11a6f0a39a1b";"bp_number_3373";"bp_type_3373";"name_3373"
"b99a4ef4-f123-4712-98e5-a066e4464c84";"bp_number_3374";"bp_type_3374";"name_3374"
"f15a44b9-8cee-4864-a043-bc6a6bd4dac4";"bp_number_3375";"bp_type_3375";"name_3375"
"0bd2f845-ec7c-4082-b890-a7e9411c0e0c";"bp_number_3376";"bp_type_3376";"name_3376"
"5aa0254e-e4b7-48b1-82dd-22fe4d1885ad";"bp_number_3377";"bp_type_3377";"name_3377"
"6b4745a8-d6f8-430b-bb56-96fcd4b909f0";"bp_number_3378";"bp_type_3378";"name_3378"
"9a6037fa-a5ec-4bf7-a646-cd0b69293cbf";"bp_number_3379";"bp_type_3379";"name_3379"
"f06cb7e3-68ff-4814-9d88-5d6253fd050d";"bp_number_3380";"bp_type_3380";"name_3380"
"b264dcbe-8acc-4b36-afe1-5e290b962c44";"bp_number_3381";"bp_type_3381";"name_3381"
"d0bc2c7b-f944-4885-9130-5c5c2cf5ab9d";"bp_number_3382";"bp_type_3382";"name_3382"
"e16eda54-3c64-4bbe-9b3d-4399b24b1597";"bp_number_3383";"bp_type_3383";"name_3383"
"fbb1983c-b88e-4236-8460-7926530c8f2a";"bp_number_3384";"bp_type_3384";"name_3384"
"9b14e7f6-f950-4dd5-8fb6-91bfc376f1d2";"bp_number_3385";"bp_type_3385";"name_3385"
"c39e3a94-0ca5-4cc6-bfd1-b9086cf0ce75";"bp_number_3386";"bp_type_3386";"name_3386"
"ebaf3bc8-dc2e-4566-b744-7febe21074b8";"bp_number_3387";"bp_type_3387";"name_3387"
"3d9e73d3-9f53-48be-9c08-cfc8778a3307";"bp_number_3388";"bp_type_3388";"name_3388"
"81bd9711-aacd-40f7-80fa-0f4b392c1331";"bp_number_3389";"bp_type_3389";"name_3389"
"47db2076-43d9-4d4d-a048-17b07254e4a5";"bp_number_3390";"bp_type_3390";"name_3390"
"75208bdf-7cf6-4125-b2d6-60224279c342";"bp_number_3391";"bp_type_3391";"name_3391"
"1839c70f-27b4-4ad1-afaa-e064a6060d06";"bp_number_3392";"bp_type_3392";"name_3392"
"141fc8ee-a807-4ec1-9a26-ab631d8d5de4";"bp_number_3393";"bp_type_3393";"name_3393"
"8b3a33ce-72aa-4b61-9686-c0efa74b5700";"bp_number_3394";"bp_type_3394";"name_3394"
"95ac633f-94ad-4dcd-8838-048c8b088923";"bp_number_3395";"bp_type_3395";"name_3395"
"9860b9fb-5c47-43b7-9a9d-c98721596749";"bp_number_3396";"bp_type_3396";"name_3396"
"516486b0-654d-4097-9488-6b70db4fbbdc";"bp_number_3397";"bp_type_3397";"name_3397"
"a77ea50d-dd96-4b1c-8f43-8c017d46f3f0";"bp_number_3398";"bp_type_3398";"name_3398"
"40cb14b7-9fb8-4961-9498-13558c273fc5";"bp_number_3399";"bp_type_3399";"name_3399"
"af30390c-0319-4d4d-92aa-6708849f38e2";"bp_number_3400";"bp_type_3400";"name_3400"
"f2a2b27f-4715-431e-8715-21aaf36fa53a";"bp_number_3401";"bp_type_3401";"name_3401"
"0d350607-68cb-4372-a939-51959cf041cd";"bp_number_3402";"bp_type_3402";"name_3402"
"df3f1957-bf87-4ef1-bc3f-346c7ef8d0a6";"bp_number_3403";"bp_type_3403";"name_3403"
"2180f5be-4fd0-4700-a3d2-ca4750936b0a";"bp_number_3404";"bp_type_3404";"name_3404"
"cc356977-5f77-475a-9cf8-2a96398de815";"bp_number_3405";"bp_type_3405";"name_3405"
"41aee186-2c97-4283-992c-580fa71a8cbb";"bp_number_3406";"bp_type_3406";"name_3406"
"65cb112e-79bf-4abd-a83b-23cec5cf23f7";"bp_number_3407";"bp_type_3407";"name_3407"
"14ed8aed-a0fb-4652-b21d-9f5e0e2646a3";"bp_number_3408";"bp_type_3408";"name_3408"
"bda54cc2-dd9a-47f6-9525-f6edcfd538bf";"bp_number_3409";"bp_type_3409";"name_3409"
"31f0cb2c-4c89-438a-ba65-0b2928f20e8a";"bp_number_3410";"bp_type_3410";"name_3410"
"af6d2d1f-3b00-416e-b9b0-f9ff560997b4";"bp_number_3411";"bp_type_3411";"name_3411"
"2a91c46c-b625-4b27-b747-34e2cf5477d9";"bp_number_3412";"bp_type_3412";"name_3412"
"abc75346-e84f-408b-bdf0-c7d570703ee0";"bp_number_3413";"bp_type_3413";"name_3413"
"71215546-2c93-46d3-a9ca-88e6b0631787";"bp_number_3414";"bp_type_3414";"name_3414"
"7eaf20f0-fdbb-4e9c-97b6-b0b90ecd97cd";"bp_number_3415";"bp_type_3415";"name_3415"
"f9e2f576-d84b-4152-a8c4-0719404e4828";"bp_number_3416";"bp_type_3416";"name_3416"
"d90f2c52-d9a7-42d9-8fee-e481e61d4440";"bp_number_3417";"bp_type_3417";"name_3417"
"1da476c1-c3af-40f4-860b-2785ad718b40";"bp_number_3418";"bp_type_3418";"name_3418"
"63dddda5-8d4e-4ebd-a268-b5abec416c99";"bp_number_3419";"bp_type_3419";"name_3419"
"4e1c4424-1e60-4b62-8c15-98f05af30bcc";"bp_number_3420";"bp_type_3420";"name_3420"
"ccffce13-949c-43a8-9a23-5c362b90331d";"bp_number_3421";"bp_type_3421";"name_3421"
"87dfeadd-56ee-42e5-9e8b-5fd2abef03b3";"bp_number_3422";"bp_type_3422";"name_3422"
"351cc483-b00d-48ad-aed7-03ad8182652d";"bp_number_3423";"bp_type_3423";"name_3423"
"9f3148dd-dbb6-4568-8b9c-f6d831a30b36";"bp_number_3424";"bp_type_3424";"name_3424"
"e09a245f-c86f-4a48-afd5-1c4711b0fc38";"bp_number_3425";"bp_type_3425";"name_3425"
"f120fc5c-4b40-420a-9d4f-2d93e5f1dc02";"bp_number_3426";"bp_type_3426";"name_3426"
"6ae956d9-9f23-4921-932b-722f0cebcf77";"bp_number_3427";"bp_type_3427";"name_3427"
"0fc68853-19cb-4ac3-b7ef-9f9bbdc2caa9";"bp_number_3428";"bp_type_3428";"name_3428"
"18bf8451-2894-44e8-967f-880590da4af6";"bp_number_3429";"bp_type_3429";"name_3429"
"c564169f-bf2a-47d2-ba6e-37c29715ab89";"bp_number_3430";"bp_type_3430";"name_3430"
"935f9ece-ff64-4213-b855-92981013aef6";"bp_number_3431";"bp_type_3431";"name_3431"
"d61df788-1c7d-4d99-acc7-d826fa809030";"bp_number_3432";"bp_type_3432";"name_3432"
"709cfecf-7452-4c2e-906a-fd23d9b30cd3";"bp_number_3433";"bp_type_3433";"name_3433"
"b18f4b28-3202-4ff6-a512-0c0432ef706e";"bp_number_3434";"bp_type_3434";"name_3434"
"785178ed-cc5f-436f-b4d1-a460959265d5";"bp_number_3435";"bp_type_3435";"name_3435"
"50d416d9-d10c-47bb-af84-a8b0fcd8f29d";"bp_number_3436";"bp_type_3436";"name_3436"
"397b8402-df56-4758-b6c0-ae1a1bb66f7c";"bp_number_3437";"bp_type_3437";"name_3437"
"061ee706-6918-483e-8815-870eb0f418a7";"bp_number_3438";"bp_type_3438";"name_3438"
"75765ca8-7cea-4fe1-bd0e-d4bdc9c1276e";"bp_number_3439";"bp_type_3439";"name_3439"
"4ac56562-10d9-4c52-9761-647dbd9c840e";"bp_number_3440";"bp_type_3440";"name_3440"
"7e531c7a-60f8-4aa4-86b7-81d1b371a2d4";"bp_number_3441";"bp_type_3441";"name_3441"
"fd3afb3c-5259-42b7-9d92-f1abdc0597df";"bp_number_3442";"bp_type_3442";"name_3442"
"f598bc6c-5d10-4516-a8b3-9190912c4b06";"bp_number_3443";"bp_type_3443";"name_3443"
"3f77bd4c-0e95-456e-9a10-3b2f5193c01f";"bp_number_3444";"bp_type_3444";"name_3444"
"3a07a785-4f09-4fe3-be9a-5f6f8ddd75af";"bp_number_3445";"bp_type_3445";"name_3445"
"a2050557-085d-4ec5-90ee-6b1d602ba65e";"bp_number_3446";"bp_type_3446";"name_3446"
"716e3251-cb7b-4033-85e2-dec92a280722";"bp_number_3447";"bp_type_3447";"name_3447"
"e23828d0-8f55-4c0b-892d-85c910b93b3d";"bp_number_3448";"bp_type_3448";"name_3448"
"094c9a28-b82a-4308-8abb-4ce7205483e4";"bp_number_3449";"bp_type_3449";"name_3449"
"cb4dade1-0f71-44f8-8883-f3d995470886";"bp_number_3450";"bp_type_3450";"name_3450"
"43373c94-5447-4b2d-975f-c38cf878efbf";"bp_number_3451";"bp_type_3451";"name_3451"
"b7b38b37-432e-4246-a7a9-2e1d8deb0b8c";"bp_number_3452";"bp_type_3452";"name_3452"
"6b609b5f-cd39-44a1-b6b4-0fe4d702c15f";"bp_number_3453";"bp_type_3453";"name_3453"
"5d36bc25-a920-4e26-bf08-47b1115cc64d";"bp_number_3454";"bp_type_3454";"name_3454"
"6606b55a-68f8-4528-abf6-273b4bb9c813";"bp_number_3455";"bp_type_3455";"name_3455"
"efbac3ab-f982-47fa-8b6f-a575ff339bc2";"bp_number_3456";"bp_type_3456";"name_3456"
"7f4026d1-a64e-4395-b120-6b2a5c363586";"bp_number_3457";"bp_type_3457";"name_3457"
"08b23234-b900-478c-a53a-9363a16a6006";"bp_number_3458";"bp_type_3458";"name_3458"
"a6dcf72e-26d1-4ac8-9ec5-20542dae7df5";"bp_number_3459";"bp_type_3459";"name_3459"
"8fe20363-cbb9-4607-bd32-dcce3f8aa62c";"bp_number_3460";"bp_type_3460";"name_3460"
"ff254667-7e73-4bb4-824f-9e259745cd65";"bp_number_3461";"bp_type_3461";"name_3461"
"9e5ea6e9-3186-4f45-91db-ec063b7a569e";"bp_number_3462";"bp_type_3462";"name_3462"
"2dcd3c78-ef27-47c6-adfc-9d938a79ca5f";"bp_number_3463";"bp_type_3463";"name_3463"
"82bec185-e65c-4a66-b613-8def0cc9beab";"bp_number_3464";"bp_type_3464";"name_3464"
"84689d26-2294-48a2-8018-c7c45a96b8e1";"bp_number_3465";"bp_type_3465";"name_3465"
"424dbea4-94da-4153-9921-629ef28d58d8";"bp_number_3466";"bp_type_3466";"name_3466"
"835d28e1-6437-4909-a6ec-911fa7d3a5e5";"bp_number_3467";"bp_type_3467";"name_3467"
"2b9bc91a-902a-4a2d-9877-34cf21b7d9a2";"bp_number_3468";"bp_type_3468";"name_3468"
"7faf4d9c-d4f8-456c-a286-cbdca208eced";"bp_number_3469";"bp_type_3469";"name_3469"
"de7e278b-cb15-4312-b7fe-cca6de1fa39e";"bp_number_3470";"bp_type_3470";"name_3470"
"3fc6be1c-9657-439a-932a-431a8928eb2c";"bp_number_3471";"bp_type_3471";"name_3471"
"d9d92d87-8a3f-47c9-9645-f8692d2eb83a";"bp_number_3472";"bp_type_3472";"name_3472"
"ddc947af-ebf1-41b1-b837-b85f2b74110e";"bp_number_3473";"bp_type_3473";"name_3473"
"85d4f6b3-c983-4c45-89f8-260964f1b402";"bp_number_3474";"bp_type_3474";"name_3474"
"3da6035b-8f8d-47af-b913-2cc014e55e82";"bp_number_3475";"bp_type_3475";"name_3475"
"aeb4818e-ad55-44f0-9999-2a6c517bbfe5";"bp_number_3476";"bp_type_3476";"name_3476"
"7c55c05b-9b78-41ae-94b3-892d0f190aa9";"bp_number_3477";"bp_type_3477";"name_3477"
"061c428d-c270-4195-b1ea-cbd3b3639cff";"bp_number_3478";"bp_type_3478";"name_3478"
"770ecbf2-cfe6-40cc-9370-8d1cb60df683";"bp_number_3479";"bp_type_3479";"name_3479"
"75a33eab-7af8-4593-a89c-2ea41c91d70a";"bp_number_3480";"bp_type_3480";"name_3480"
"7c2346b5-0f37-4dce-8051-1e5396e011c5";"bp_number_3481";"bp_type_3481";"name_3481"
"7719805a-aad7-4f2e-aec1-826a895a9cbe";"bp_number_3482";"bp_type_3482";"name_3482"
"a3e1c0e0-86fc-47c3-8137-8d73d6253121";"bp_number_3483";"bp_type_3483";"name_3483"
"30458d78-232b-4944-a455-187c4bb26dd1";"bp_number_3484";"bp_type_3484";"name_3484"
"179ce645-dbb4-4452-a4f2-caa51793d0ab";"bp_number_3485";"bp_type_3485";"name_3485"
"14dbbd6e-443c-48fd-8cf8-5654d5a8f4b8";"bp_number_3486";"bp_type_3486";"name_3486"
"824a8dce-f82d-49d5-9f59-73a355fdc648";"bp_number_3487";"bp_type_3487";"name_3487"
"bfa0f9b2-0e7c-4f4a-8f67-544a1f8353e6";"bp_number_3488";"bp_type_3488";"name_3488"
"6add21dc-70a1-4cf1-a3cd-a5b2a9e12554";"bp_number_3489";"bp_type_3489";"name_3489"
"21ae9a66-06d3-4467-98fe-b2f8994d7482";"bp_number_3490";"bp_type_3490";"name_3490"
"ebc142c0-7925-414f-a93c-2da886057654";"bp_number_3491";"bp_type_3491";"name_3491"
"df16127f-6033-4bca-aa7e-f08c359b6148";"bp_number_3492";"bp_type_3492";"name_3492"
"b2d81412-6b69-4062-bca8-faa8ad8e3546";"bp_number_3493";"bp_type_3493";"name_3493"
"5f63f2bd-d1c5-4f78-8426-9ee7a76fea9a";"bp_number_3494";"bp_type_3494";"name_3494"
"fbe4a5cf-26ef-49f4-acc8-9a472019c1d1";"bp_number_3495";"bp_type_3495";"name_3495"
"711639b6-a876-42bf-90bd-d692fe6a356d";"bp_number_3496";"bp_type_3496";"name_3496"
"0288a062-1b81-472f-ae29-6901048ad35d";"bp_number_3497";"bp_type_3497";"name_3497"
"f732731e-3196-453e-a22d-eec1340bad3c";"bp_number_3498";"bp_type_3498";"name_3498"
"9d286bbf-c522-4088-9e0e-e55040c5d8b6";"bp_number_3499";"bp_type_3499";"name_3499"
"fbcb2bd6-3037-4813-8652-f6ce539987b9";"bp_number_3500";"bp_type_3500";"name_3500"
"187afeae-1627-43bd-bb69-4f00fc089d0d";"bp_number_3501";"bp_type_3501";"name_3501"
"017135db-898b-42f1-83ab-daff7a92385a";"bp_number_3502";"bp_type_3502";"name_3502"
"ebfe0e59-8f31-4ab1-afb1-08d63202318c";"bp_number_3503";"bp_type_3503";"name_3503"
"91e5d2e3-f3b4-4b4d-b2a4-4553019f88bb";"bp_number_3504";"bp_type_3504";"name_3504"
"07f09934-92c3-408b-86f7-0295cf61e95f";"bp_number_3505";"bp_type_3505";"name_3505"
"96340f8a-bfc2-4366-b1c7-4a08e0f51f0a";"bp_number_3506";"bp_type_3506";"name_3506"
"5838c563-7db6-4f6d-bf59-bf0b4cd5d102";"bp_number_3507";"bp_type_3507";"name_3507"
"0aa14ff3-a3f6-46b0-bffc-f8cc6a55f794";"bp_number_3508";"bp_type_3508";"name_3508"
"19537112-f071-4f62-8b0b-90393feba1d7";"bp_number_3509";"bp_type_3509";"name_3509"
"0c5fdf06-16f5-4f61-8117-1f4d1f418da2";"bp_number_3510";"bp_type_3510";"name_3510"
"a8079ac6-18c4-4ecb-800f-d8b664d3f569";"bp_number_3511";"bp_type_3511";"name_3511"
"97416837-b727-419e-9e57-fcf3d5a43de4";"bp_number_3512";"bp_type_3512";"name_3512"
"0a0db1f6-7785-4e31-ae1d-162d2a403e82";"bp_number_3513";"bp_type_3513";"name_3513"
"a5e6fe48-bf93-40ee-b06d-f3fbba07e7f9";"bp_number_3514";"bp_type_3514";"name_3514"
"62bd36f1-279a-45a2-8234-f7a1b0c5c4d1";"bp_number_3515";"bp_type_3515";"name_3515"
"6f7de8a9-d285-43de-af72-441d35706e4d";"bp_number_3516";"bp_type_3516";"name_3516"
"187e3ff6-c23f-4299-b333-29969af9f031";"bp_number_3517";"bp_type_3517";"name_3517"
"c908ae03-c2fa-416b-acb6-9cb7d71a21bb";"bp_number_3518";"bp_type_3518";"name_3518"
"29508cb4-52a2-40b4-be91-f9db37f98fd4";"bp_number_3519";"bp_type_3519";"name_3519"
"f1fdd5c8-ddbd-4fe8-a8c5-dec696326ef9";"bp_number_3520";"bp_type_3520";"name_3520"
"000547d3-140b-4d83-8986-65f02884ffe6";"bp_number_3521";"bp_type_3521";"name_3521"
"dca02e61-abdb-4505-8ffb-f398cf1c4a83";"bp_number_3522";"bp_type_3522";"name_3522"
"2d8f166f-c32b-4c6e-b079-4411215e4cf9";"bp_number_3523";"bp_type_3523";"name_3523"
"78415451-a4d1-421d-9a73-5c42c504ff7d";"bp_number_3524";"bp_type_3524";"name_3524"
"1a5d8e1d-1532-4944-87d3-7b2d236e73d5";"bp_number_3525";"bp_type_3525";"name_3525"
"f1fdaf4f-a5f0-4f00-9541-80e975b212ef";"bp_number_3526";"bp_type_3526";"name_3526"
"31d10d42-767e-49a6-bbe3-7801cfc745d4";"bp_number_3527";"bp_type_3527";"name_3527"
"9617be7c-82d3-4366-9077-5ca10df3eda9";"bp_number_3528";"bp_type_3528";"name_3528"
"b192bb8a-e1b2-407d-8433-96404385788a";"bp_number_3529";"bp_type_3529";"name_3529"
"c0e89ba1-f757-4840-8ebf-355bb8f84f82";"bp_number_3530";"bp_type_3530";"name_3530"
"4dc86067-d546-4c6f-9915-7d585bb33818";"bp_number_3531";"bp_type_3531";"name_3531"
"06641b5e-b032-4746-99e8-9b955880eaab";"bp_number_3532";"bp_type_3532";"name_3532"
"eca3ec45-d506-40de-9fb3-6e7b3384cd76";"bp_number_3533";"bp_type_3533";"name_3533"
"6f0b4dc1-7d18-4c27-845b-5c3d7ea86564";"bp_number_3534";"bp_type_3534";"name_3534"
"2b12f31c-6e52-4241-b987-60ba8922fe43";"bp_number_3535";"bp_type_3535";"name_3535"
"4dba9363-d9d4-459f-b566-b56c92ca7a1d";"bp_number_3536";"bp_type_3536";"name_3536"
"cb731214-10d2-40e7-ba7b-f9a513ee79f6";"bp_number_3537";"bp_type_3537";"name_3537"
"d316bac0-2d9b-4afe-8074-40fae0ed92c3";"bp_number_3538";"bp_type_3538";"name_3538"
"735cad01-faf1-46f6-80ec-4d51d938b778";"bp_number_3539";"bp_type_3539";"name_3539"
"901d152f-5fb1-4f4e-9bdd-65ccd705557d";"bp_number_3540";"bp_type_3540";"name_3540"
"cb67caeb-1814-42ce-8c08-80c4d4ff1759";"bp_number_3541";"bp_type_3541";"name_3541"
"269b8dab-6768-4471-aa4f-105dbfb56267";"bp_number_3542";"bp_type_3542";"name_3542"
"d24b3bc2-d9d8-46a5-82f4-160a15d509af";"bp_number_3543";"bp_type_3543";"name_3543"
"a7a245e2-233b-4b79-9652-bab1a3b9d65f";"bp_number_3544";"bp_type_3544";"name_3544"
"b3079cc9-4014-467d-a1c6-7d8158115f88";"bp_number_3545";"bp_type_3545";"name_3545"
"d6b009be-0bd1-40dd-86f2-42409cffe864";"bp_number_3546";"bp_type_3546";"name_3546"
"05a070a4-8ab4-4780-84e8-080145267adb";"bp_number_3547";"bp_type_3547";"name_3547"
"0ddf7cbb-6187-47eb-a867-9a48a8b174ef";"bp_number_3548";"bp_type_3548";"name_3548"
"9fd1e326-11a3-4ead-a920-e6f8320c5470";"bp_number_3549";"bp_type_3549";"name_3549"
"c8e8fb8a-1075-44d3-9d1e-28325f0112d6";"bp_number_3550";"bp_type_3550";"name_3550"
"cb8c43bc-570b-419c-8562-ef1004468c49";"bp_number_3551";"bp_type_3551";"name_3551"
"8b43b48a-a172-422f-bcad-1c9381e9b826";"bp_number_3552";"bp_type_3552";"name_3552"
"20b91378-50f8-4cd2-aa3e-d17b11414f9f";"bp_number_3553";"bp_type_3553";"name_3553"
"c266a9b7-cced-46df-bda5-338e7491f336";"bp_number_3554";"bp_type_3554";"name_3554"
"6113568d-5c18-4d9d-9461-0c23abfe296f";"bp_number_3555";"bp_type_3555";"name_3555"
"f251baa0-0c64-4f2e-b520-bb7efe7317fb";"bp_number_3556";"bp_type_3556";"name_3556"
"7d498a5d-ce18-4e42-992f-8333f6b19331";"bp_number_3557";"bp_type_3557";"name_3557"
"2b8c58c2-cab2-42d2-b1a7-f98cef45475c";"bp_number_3558";"bp_type_3558";"name_3558"
"2dd1f39b-d757-45ff-9605-407e7eaa9450";"bp_number_3559";"bp_type_3559";"name_3559"
"d1b0f0a2-c002-4353-8c1c-1a20c666f9bf";"bp_number_3560";"bp_type_3560";"name_3560"
"67a8aeab-3dec-4791-9f63-fdf1811015b2";"bp_number_3561";"bp_type_3561";"name_3561"
"9f9a6d55-f6b6-4c43-b888-0400997d52d0";"bp_number_3562";"bp_type_3562";"name_3562"
"ae4140f7-9d0c-4b21-bfac-516a22822342";"bp_number_3563";"bp_type_3563";"name_3563"
"071de197-457a-4e7d-8537-3839ce939971";"bp_number_3564";"bp_type_3564";"name_3564"
"87d2f50b-868d-45d0-be0c-c39d5d23d0a6";"bp_number_3565";"bp_type_3565";"name_3565"
"035e42e4-ca78-4917-ba57-5161a7cf3a95";"bp_number_3566";"bp_type_3566";"name_3566"
"0304f402-5b9f-4fdd-bb5a-22c1dab77517";"bp_number_3567";"bp_type_3567";"name_3567"
"238807ea-87b8-47c8-b40e-224056d60140";"bp_number_3568";"bp_type_3568";"name_3568"
"0b04f38e-ffa1-4113-93e2-0a26204664f3";"bp_number_3569";"bp_type_3569";"name_3569"
"50429b0f-e8bc-472a-a79e-9d6d1bd9772f";"bp_number_3570";"bp_type_3570";"name_3570"
"20a5229e-da01-4f79-99a3-305ea4db240e";"bp_number_3571";"bp_type_3571";"name_3571"
"52675c5c-2f0c-49ae-90c0-100bf07e6256";"bp_number_3572";"bp_type_3572";"name_3572"
"a5d84494-b3a5-4324-93cc-7362719bf523";"bp_number_3573";"bp_type_3573";"name_3573"
"92711f06-451f-4561-8343-fa433b16cf64";"bp_number_3574";"bp_type_3574";"name_3574"
"4090b982-01a4-4954-a1e4-40132cb81003";"bp_number_3575";"bp_type_3575";"name_3575"
"4f66168e-57c4-4001-9af1-46b3a0f7ca41";"bp_number_3576";"bp_type_3576";"name_3576"
"664925e4-2300-47c7-afd6-1a1b3d9da320";"bp_number_3577";"bp_type_3577";"name_3577"
"89b890b9-31c6-4a17-a2a9-3ece42c19aac";"bp_number_3578";"bp_type_3578";"name_3578"
"3da89774-f947-4e97-bfb3-c58f7a4be5f6";"bp_number_3579";"bp_type_3579";"name_3579"
"348284c8-7c71-4d0f-8ceb-21cfac2500ea";"bp_number_3580";"bp_type_3580";"name_3580"
"d42607de-5e35-4351-b870-2dc87e2ba355";"bp_number_3581";"bp_type_3581";"name_3581"
"b383eab4-b0c6-4ebc-ae3f-50c70509b5d6";"bp_number_3582";"bp_type_3582";"name_3582"
"7b8eaa6d-2c0b-43a8-89f6-2b38869e5080";"bp_number_3583";"bp_type_3583";"name_3583"
"3eb84dc2-fea1-433a-9808-2c603af4841d";"bp_number_3584";"bp_type_3584";"name_3584"
"4ad946be-f7aa-4d0a-a9d2-fb0675108a42";"bp_number_3585";"bp_type_3585";"name_3585"
"46d3fefe-3985-4392-a505-9aa8b35c080c";"bp_number_3586";"bp_type_3586";"name_3586"
"e6546571-ac2c-49bc-b7ca-cad3c7a63ea4";"bp_number_3587";"bp_type_3587";"name_3587"
"17c002ad-ddbd-4442-bb43-50683f638ad5";"bp_number_3588";"bp_type_3588";"name_3588"
"ba29d5bc-18fd-4ee3-9b67-de5507648eb9";"bp_number_3589";"bp_type_3589";"name_3589"
"85c8e244-5c17-4c00-9002-3f5ba6c98f51";"bp_number_3590";"bp_type_3590";"name_3590"
"94e3823e-ba20-4381-8bba-9047ffadeb59";"bp_number_3591";"bp_type_3591";"name_3591"
"22e5d1f7-6cbf-4419-a7e0-2ca85509a4a9";"bp_number_3592";"bp_type_3592";"name_3592"
"9c898d79-e33e-4452-8e79-a9dc940231f2";"bp_number_3593";"bp_type_3593";"name_3593"
"ffd9bff2-89bd-4bbb-82e4-470f2efd63e5";"bp_number_3594";"bp_type_3594";"name_3594"
"b08e7059-f1a6-44f8-9d8e-10617e8270e3";"bp_number_3595";"bp_type_3595";"name_3595"
"e2dabb4e-a89f-45d9-93c0-840d0bf0819b";"bp_number_3596";"bp_type_3596";"name_3596"
"72ed82a6-d8eb-4d85-9028-f86318fa5606";"bp_number_3597";"bp_type_3597";"name_3597"
"2c8d8467-e5a7-4b0a-b895-0f0a2117a881";"bp_number_3598";"bp_type_3598";"name_3598"
"729f1a6d-09c2-4295-b170-91ada649117d";"bp_number_3599";"bp_type_3599";"name_3599"
"eb77c409-85a5-48f6-a77c-3387c60c7ca1";"bp_number_3600";"bp_type_3600";"name_3600"
"8274ab09-0af8-451b-9f61-16ae041f9ec4";"bp_number_3601";"bp_type_3601";"name_3601"
"a3cd8784-68b0-40c4-8b20-ab2d8da1d4b1";"bp_number_3602";"bp_type_3602";"name_3602"
"faf3b692-4de3-460c-af3f-41c224d4ff91";"bp_number_3603";"bp_type_3603";"name_3603"
"56e43062-ae89-4303-bdc5-d0f3f13bc2c1";"bp_number_3604";"bp_type_3604";"name_3604"
"ad96d554-c300-4913-883c-2c250ff23e3c";"bp_number_3605";"bp_type_3605";"name_3605"
"9f37373f-3d77-45ce-a157-fdb43e660a84";"bp_number_3606";"bp_type_3606";"name_3606"
"37129e23-8262-4e66-a7b8-94c11922e4e1";"bp_number_3607";"bp_type_3607";"name_3607"
"030013a7-5982-4e84-b10f-5c578897c369";"bp_number_3608";"bp_type_3608";"name_3608"
"849e5c15-b089-4546-a3d6-6a9a8be58f8e";"bp_number_3609";"bp_type_3609";"name_3609"
"c638fcae-b76e-4066-bc73-4bd7be029135";"bp_number_3610";"bp_type_3610";"name_3610"
"f64f5dda-2432-40b0-ac4b-6459b0b53447";"bp_number_3611";"bp_type_3611";"name_3611"
"11a114d3-53a8-4bd4-9b77-c85447a7ae49";"bp_number_3612";"bp_type_3612";"name_3612"
"210cd0ee-5e5b-42e2-852d-a89947b2baf6";"bp_number_3613";"bp_type_3613";"name_3613"
"96763e95-6b4a-4558-b176-c1a8e27cc356";"bp_number_3614";"bp_type_3614";"name_3614"
"bc92f869-d992-4d8c-8e8e-026c06537a9c";"bp_number_3615";"bp_type_3615";"name_3615"
"4e1208d0-ab44-4634-b10b-c6a4eaf4928f";"bp_number_3616";"bp_type_3616";"name_3616"
"f82c80ba-4091-43a2-a4ad-9b92034ef31e";"bp_number_3617";"bp_type_3617";"name_3617"
"01970d56-743a-4e59-b6fa-903f04b8fd81";"bp_number_3618";"bp_type_3618";"name_3618"
"73bee29d-58bc-4740-b153-737e21c5d6bd";"bp_number_3619";"bp_type_3619";"name_3619"
"373d6f6a-9f1e-47a7-9a20-1080d997506b";"bp_number_3620";"bp_type_3620";"name_3620"
"dbe0ff93-db37-49d5-ade9-8ce9b222dab0";"bp_number_3621";"bp_type_3621";"name_3621"
"caafabfc-8342-45ee-ada4-f6df67b8e8ed";"bp_number_3622";"bp_type_3622";"name_3622"
"18b7131a-632c-477f-a86f-828eb91ee181";"bp_number_3623";"bp_type_3623";"name_3623"
"6c70ddc9-8af4-4b5d-a613-6dda381165f4";"bp_number_3624";"bp_type_3624";"name_3624"
"d9aae41d-93ef-4f0f-8acd-fbd44937d9a5";"bp_number_3625";"bp_type_3625";"name_3625"
"3fa82613-3bdc-4054-b2ef-4d8c87feec46";"bp_number_3626";"bp_type_3626";"name_3626"
"8ad5e7de-16bc-4e8d-8d6b-894d2c37f820";"bp_number_3627";"bp_type_3627";"name_3627"
"4894caa8-6847-4b1b-9644-b981bd70fc61";"bp_number_3628";"bp_type_3628";"name_3628"
"597cd9bc-3a3e-4a3e-9fc0-077a47b7bbca";"bp_number_3629";"bp_type_3629";"name_3629"
"37648735-9afb-43d6-9e67-860395bac520";"bp_number_3630";"bp_type_3630";"name_3630"
"efafcc08-9cc4-4f4e-a3c6-d6bf8e87506b";"bp_number_3631";"bp_type_3631";"name_3631"
"1cf410f8-d0d8-4bbd-90bc-1a2598fb202a";"bp_number_3632";"bp_type_3632";"name_3632"
"dfdcba38-9f2c-4358-88cc-cb6544fe2140";"bp_number_3633";"bp_type_3633";"name_3633"
"8a6f027c-41ef-4bbf-8e96-9cafa78a7633";"bp_number_3634";"bp_type_3634";"name_3634"
"ce1c7922-38e7-411b-bb42-3c63dacaa98f";"bp_number_3635";"bp_type_3635";"name_3635"
"ef8e9a47-14a5-4d1d-83c8-2fcc0d198907";"bp_number_3636";"bp_type_3636";"name_3636"
"8964b965-7f6c-47cc-9c48-00d007ff15b0";"bp_number_3637";"bp_type_3637";"name_3637"
"8fcf258e-301b-4375-a057-ee9380a42929";"bp_number_3638";"bp_type_3638";"name_3638"
"e3e48a67-a983-4a12-bcdd-495f2d9fe389";"bp_number_3639";"bp_type_3639";"name_3639"
"f2ddd8f4-5889-4772-bcad-8663006caea1";"bp_number_3640";"bp_type_3640";"name_3640"
"7f017124-58fd-42fd-905a-919f218c931f";"bp_number_3641";"bp_type_3641";"name_3641"
"86e92570-21aa-437d-8536-10681bc28d18";"bp_number_3642";"bp_type_3642";"name_3642"
"43f06c01-3cbb-4e44-b90b-4fbc07705db7";"bp_number_3643";"bp_type_3643";"name_3643"
"07e8041b-eef6-44d1-b23a-f39f22c98307";"bp_number_3644";"bp_type_3644";"name_3644"
"a8c5289d-3c0c-474a-85ec-104369e8c6b7";"bp_number_3645";"bp_type_3645";"name_3645"
"986fc95b-cfa2-4f95-b207-782fec69ecb0";"bp_number_3646";"bp_type_3646";"name_3646"
"24bb1000-733c-4f79-ae21-78d21ea60b75";"bp_number_3647";"bp_type_3647";"name_3647"
"14655325-512f-42ce-bf9b-a4b23c2548ec";"bp_number_3648";"bp_type_3648";"name_3648"
"29aa3144-ad12-4c60-8890-a60456e056fb";"bp_number_3649";"bp_type_3649";"name_3649"
"93936706-0649-4190-8221-1286ee94ef0d";"bp_number_3650";"bp_type_3650";"name_3650"
"cc68d6c1-8467-4add-9321-113f9e43d8a6";"bp_number_3651";"bp_type_3651";"name_3651"
"2ae2c55a-158b-4ffa-91ad-947d96d3f98a";"bp_number_3652";"bp_type_3652";"name_3652"
"9c38c53e-8053-4bb2-9ed8-67d2606419fd";"bp_number_3653";"bp_type_3653";"name_3653"
"95d04f20-8510-4fc2-832c-9ebd91937232";"bp_number_3654";"bp_type_3654";"name_3654"
"32418ed0-0787-4285-9266-6cb53047a670";"bp_number_3655";"bp_type_3655";"name_3655"
"6cbb3976-0706-4c5b-bc3d-af0e16f17b1d";"bp_number_3656";"bp_type_3656";"name_3656"
"f1c7446e-6a94-4d80-8436-664fdd9934f0";"bp_number_3657";"bp_type_3657";"name_3657"
"6c08cc6f-9646-4309-8fd8-b42eae33382c";"bp_number_3658";"bp_type_3658";"name_3658"
"a87f5184-5d70-4d6b-844f-8e0af534dde9";"bp_number_3659";"bp_type_3659";"name_3659"
"0abc5282-2909-4b8b-8ddb-5e1410439d93";"bp_number_3660";"bp_type_3660";"name_3660"
"96cbda1c-4838-402b-ba25-a646286e8839";"bp_number_3661";"bp_type_3661";"name_3661"
"7bb11b5a-1a6b-43c0-8069-d5d552c13dc0";"bp_number_3662";"bp_type_3662";"name_3662"
"3f2a9f16-74c5-49f1-bdca-a36e65af8755";"bp_number_3663";"bp_type_3663";"name_3663"
"7801a649-8677-49a5-9d63-7ef9c17283de";"bp_number_3664";"bp_type_3664";"name_3664"
"7dd5873f-42cb-4fc6-b65e-bf1c2ec98691";"bp_number_3665";"bp_type_3665";"name_3665"
"afd0635a-6066-4a2c-89ef-5fd4f73cc1b9";"bp_number_3666";"bp_type_3666";"name_3666"
"96a9f566-0de3-4461-997e-b9d1f376f627";"bp_number_3667";"bp_type_3667";"name_3667"
"a8125119-a406-4979-9502-e3dc97e6480c";"bp_number_3668";"bp_type_3668";"name_3668"
"04758ff6-6404-4725-a400-123d156bef67";"bp_number_3669";"bp_type_3669";"name_3669"
"3dab32a6-b731-4750-bd19-3e9481ff3a8b";"bp_number_3670";"bp_type_3670";"name_3670"
"45675bf5-b213-4ccb-ada7-84edf1539763";"bp_number_3671";"bp_type_3671";"name_3671"
"40093d55-0498-46ab-a461-df3a5c7ccbb4";"bp_number_3672";"bp_type_3672";"name_3672"
"3e2039a7-42d4-4bde-937d-fabf41d30a1c";"bp_number_3673";"bp_type_3673";"name_3673"
"7556aa37-b755-4df8-ac8e-2d0490415eb6";"bp_number_3674";"bp_type_3674";"name_3674"
"6603b8d5-7f92-4fcc-8c8f-36af98764620";"bp_number_3675";"bp_type_3675";"name_3675"
"a0506b67-0c90-4b6c-b96b-bf89f06ad483";"bp_number_3676";"bp_type_3676";"name_3676"
"c0e4103d-5a15-49f4-afb3-782629985267";"bp_number_3677";"bp_type_3677";"name_3677"
"d3ee50d6-5e3a-45cd-a84e-ad43b931615e";"bp_number_3678";"bp_type_3678";"name_3678"
"34c8edb1-39d0-4b1f-985d-4da86d6d422d";"bp_number_3679";"bp_type_3679";"name_3679"
"b38afbc3-b154-4da8-9cf4-a79c91ed14d1";"bp_number_3680";"bp_type_3680";"name_3680"
"6a6120e5-e777-44f3-ba22-c7afc05d7708";"bp_number_3681";"bp_type_3681";"name_3681"
"77e1f7e0-ec56-4076-bc7d-42ef35251519";"bp_number_3682";"bp_type_3682";"name_3682"
"719eea0a-df09-4618-a217-3180f9deaa1f";"bp_number_3683";"bp_type_3683";"name_3683"
"2ffec236-1877-4f29-b107-75fdc0a045b2";"bp_number_3684";"bp_type_3684";"name_3684"
"3e6da651-9ad5-4fab-a7dd-c33da13ebac7";"bp_number_3685";"bp_type_3685";"name_3685"
"d0a7f981-6277-4518-b647-5777ce013298";"bp_number_3686";"bp_type_3686";"name_3686"
"1348985c-93f5-4299-9788-65a1d606d0f7";"bp_number_3687";"bp_type_3687";"name_3687"
"3d96ce8f-5ed0-424d-8876-742fbf22d158";"bp_number_3688";"bp_type_3688";"name_3688"
"2df48f87-902c-4eb5-a98c-3ff5ca75a0fe";"bp_number_3689";"bp_type_3689";"name_3689"
"b94af7a9-6eea-4599-a575-08dde7ac7b09";"bp_number_3690";"bp_type_3690";"name_3690"
"5f36a9a0-bb2a-482d-8cec-a9c4961192da";"bp_number_3691";"bp_type_3691";"name_3691"
"e33070fb-f8eb-451f-9f03-beb1050799c3";"bp_number_3692";"bp_type_3692";"name_3692"
"fac72114-f470-4dc0-9b3f-1257d50a17cb";"bp_number_3693";"bp_type_3693";"name_3693"
"361337a9-3a7d-46e2-b779-dc7f890f9865";"bp_number_3694";"bp_type_3694";"name_3694"
"d64baa96-d99e-40bc-ab60-efeca1eee150";"bp_number_3695";"bp_type_3695";"name_3695"
"473a01fa-93a8-4969-9fe2-883f771ac990";"bp_number_3696";"bp_type_3696";"name_3696"
"9a6471d0-07eb-482c-a5a9-89dd3122f90b";"bp_number_3697";"bp_type_3697";"name_3697"
"ec92563c-80c2-4f95-b307-72afa234dca8";"bp_number_3698";"bp_type_3698";"name_3698"
"4306287c-d072-4d3f-9cf3-74304fb92afa";"bp_number_3699";"bp_type_3699";"name_3699"
"d2c92b4d-c0c4-4b7e-9a5d-78f7c6177611";"bp_number_3700";"bp_type_3700";"name_3700"
"8804a7d3-5d89-42aa-a69f-a948a4677932";"bp_number_3701";"bp_type_3701";"name_3701"
"a24b83fc-46b4-4c5e-94b1-01baaf37748f";"bp_number_3702";"bp_type_3702";"name_3702"
"b9dbf6fe-6f5b-4d81-bfe8-eecb1b0fb602";"bp_number_3703";"bp_type_3703";"name_3703"
"e786feeb-2128-4741-9343-1c681643ec83";"bp_number_3704";"bp_type_3704";"name_3704"
"989e0970-0aca-463a-a98f-b9d492852ef7";"bp_number_3705";"bp_type_3705";"name_3705"
"639dccbb-3914-47c0-aaff-eb4c07efa54a";"bp_number_3706";"bp_type_3706";"name_3706"
"689eabe4-7327-4433-a9dd-bb3457085707";"bp_number_3707";"bp_type_3707";"name_3707"
"b2b586c3-f19a-4b79-aa40-fe8e82a8533c";"bp_number_3708";"bp_type_3708";"name_3708"
"0824565a-43b1-4f78-b0fc-eefbf912fec2";"bp_number_3709";"bp_type_3709";"name_3709"
"30b9e3b2-0996-40bd-ae17-3a78c0b4a887";"bp_number_3710";"bp_type_3710";"name_3710"
"8ae5fdcb-c623-4db3-95c9-cc6e9da7c5fc";"bp_number_3711";"bp_type_3711";"name_3711"
"0a7931cc-252e-4727-a58b-296add8da41f";"bp_number_3712";"bp_type_3712";"name_3712"
"2f5a80ab-da5a-415a-9cc1-c997fdb81a27";"bp_number_3713";"bp_type_3713";"name_3713"
"3c1e109e-0da7-4845-885d-b981fca4b314";"bp_number_3714";"bp_type_3714";"name_3714"
"3cc7500d-7089-41e3-95bf-6f9ec3aa8d35";"bp_number_3715";"bp_type_3715";"name_3715"
"eef1cf70-790a-4ef3-868f-083de1dcc031";"bp_number_3716";"bp_type_3716";"name_3716"
"27141b1a-95aa-4734-a7c6-a14cc54e7e0f";"bp_number_3717";"bp_type_3717";"name_3717"
"785d679e-f079-4f3a-8fc1-313fc270cac3";"bp_number_3718";"bp_type_3718";"name_3718"
"1a539183-32ca-4a45-bd9f-7982ed6ae174";"bp_number_3719";"bp_type_3719";"name_3719"
"12b6980e-8015-47ea-a891-0e986b5fe73a";"bp_number_3720";"bp_type_3720";"name_3720"
"a9145c42-bab8-4ee1-83eb-77e183541d13";"bp_number_3721";"bp_type_3721";"name_3721"
"fe1b8ff1-0751-47ae-ba58-7175246db8bc";"bp_number_3722";"bp_type_3722";"name_3722"
"92d8b95f-7df3-41a7-8292-1f01dd7c415c";"bp_number_3723";"bp_type_3723";"name_3723"
"b75c49b8-b218-400a-be4d-1fac11498cca";"bp_number_3724";"bp_type_3724";"name_3724"
"f51924d3-3779-43e7-bdc2-e5e481ffd3a6";"bp_number_3725";"bp_type_3725";"name_3725"
"85a2b20f-469d-4c1c-9228-8d99f4eed3b4";"bp_number_3726";"bp_type_3726";"name_3726"
"d69c0f48-ff80-49fa-8c15-970a4c1bd0f0";"bp_number_3727";"bp_type_3727";"name_3727"
"d8b36489-8e98-48dd-a758-be60c97dbb7b";"bp_number_3728";"bp_type_3728";"name_3728"
"c3a1710a-32b4-4699-bfb4-4b91a38117a2";"bp_number_3729";"bp_type_3729";"name_3729"
"2adbd23f-e027-45d9-9a24-6240216705c1";"bp_number_3730";"bp_type_3730";"name_3730"
"71e3eb59-c448-4c8c-ab9b-60ee729243ea";"bp_number_3731";"bp_type_3731";"name_3731"
"974fdcde-b95e-4c76-9c44-9a0c019cccba";"bp_number_3732";"bp_type_3732";"name_3732"
"c7b3e95b-a63e-44bb-a1a1-2767ca07c618";"bp_number_3733";"bp_type_3733";"name_3733"
"a7d3a2c7-251c-44ef-87b6-debbe00f6ede";"bp_number_3734";"bp_type_3734";"name_3734"
"1467b46e-7f34-47d2-9a97-4172dab2b36a";"bp_number_3735";"bp_type_3735";"name_3735"
"d0d1274a-6ed6-4e39-8a5c-1c14cb8da8bf";"bp_number_3736";"bp_type_3736";"name_3736"
"e527b84b-ccc7-456c-94b5-34e384a2c38b";"bp_number_3737";"bp_type_3737";"name_3737"
"4146d3a5-54d4-4e7a-98a1-7ecab042fc8f";"bp_number_3738";"bp_type_3738";"name_3738"
"ab7789b7-2f42-4656-bce9-57890ae9e49d";"bp_number_3739";"bp_type_3739";"name_3739"
"4c6a1a1e-a783-474f-ab26-ca45d6d1de53";"bp_number_3740";"bp_type_3740";"name_3740"
"a5a91637-8233-49f3-8265-32400004280f";"bp_number_3741";"bp_type_3741";"name_3741"
"10998537-5c2c-4964-8c38-495687a26548";"bp_number_3742";"bp_type_3742";"name_3742"
"f4baee4f-0260-426e-9b81-df07df2436fd";"bp_number_3743";"bp_type_3743";"name_3743"
"7792bc57-ea70-4a25-89b0-523221a83922";"bp_number_3744";"bp_type_3744";"name_3744"
"8612cebc-b615-4b54-97e2-9630d43cdaea";"bp_number_3745";"bp_type_3745";"name_3745"
"12f592e4-63ff-4ae8-b72f-9fbb2ef8caa8";"bp_number_3746";"bp_type_3746";"name_3746"
"a5c22c75-8e0e-40d6-a950-45330311da28";"bp_number_3747";"bp_type_3747";"name_3747"
"b57a582b-4654-49b6-8892-883e41562f80";"bp_number_3748";"bp_type_3748";"name_3748"
"f14bc44b-e71e-4fcd-860b-59cabdffc084";"bp_number_3749";"bp_type_3749";"name_3749"
"f532b499-d986-46ae-bb86-e419276700c7";"bp_number_3750";"bp_type_3750";"name_3750"
"2804f589-664f-443f-9150-f788a74c17c8";"bp_number_3751";"bp_type_3751";"name_3751"
"32e4e554-d848-4f7a-8d26-09431fe9e984";"bp_number_3752";"bp_type_3752";"name_3752"
"c3150287-8e96-4613-b5db-2a422fa44871";"bp_number_3753";"bp_type_3753";"name_3753"
"891ac905-c61e-4f0a-a5cf-d56d16a2a889";"bp_number_3754";"bp_type_3754";"name_3754"
"f3af461c-0a8e-4fa6-8b85-c0fe8450b739";"bp_number_3755";"bp_type_3755";"name_3755"
"7d0bb1d0-80eb-4e35-929d-bfaa7091c58d";"bp_number_3756";"bp_type_3756";"name_3756"
"0b9a16fd-9318-4d7b-bfa4-cd91a1f50e3a";"bp_number_3757";"bp_type_3757";"name_3757"
"07a84b4f-9f7d-4bd5-bd2a-4cb0cd9e0bf7";"bp_number_3758";"bp_type_3758";"name_3758"
"cf166484-131a-432e-be32-029a0103b772";"bp_number_3759";"bp_type_3759";"name_3759"
"daf3461d-b573-45c7-8d80-a3f5452d3477";"bp_number_3760";"bp_type_3760";"name_3760"
"a2f16d0e-9cc5-4c84-bb9b-88d69a221244";"bp_number_3761";"bp_type_3761";"name_3761"
"05e92629-f736-4ada-b4bd-c285f177f628";"bp_number_3762";"bp_type_3762";"name_3762"
"8bc0e5b0-dbfd-4031-9c72-acf309af0c62";"bp_number_3763";"bp_type_3763";"name_3763"
"52e4443f-75c4-45fc-8b97-f80ce259d354";"bp_number_3764";"bp_type_3764";"name_3764"
"06e37fc8-1ca9-4be4-9535-95d877947576";"bp_number_3765";"bp_type_3765";"name_3765"
"31b9285d-6d96-4a11-be37-a984deedd51e";"bp_number_3766";"bp_type_3766";"name_3766"
"3bf15dc7-36c4-4a70-9be4-f81245f2ec49";"bp_number_3767";"bp_type_3767";"name_3767"
"60548efb-8f17-4bdb-b311-103055147024";"bp_number_3768";"bp_type_3768";"name_3768"
"53d01799-0caf-423a-b3e4-830d57ccd72d";"bp_number_3769";"bp_type_3769";"name_3769"
"5024f71d-ecca-4ec1-80df-856b62a3851e";"bp_number_3770";"bp_type_3770";"name_3770"
"741afa33-791e-4d17-bbfd-437a46a2441e";"bp_number_3771";"bp_type_3771";"name_3771"
"8fe37cca-8da1-4823-a47e-02ca12df0b70";"bp_number_3772";"bp_type_3772";"name_3772"
"39ff301e-7854-4663-9b2c-6c677cd580cc";"bp_number_3773";"bp_type_3773";"name_3773"
"391bfc7a-6ec3-46b6-9bcb-357f20d88e03";"bp_number_3774";"bp_type_3774";"name_3774"
"1915a18c-2710-49bb-9235-db0773f3862c";"bp_number_3775";"bp_type_3775";"name_3775"
"11b0ae5e-e59b-477f-9582-095548beb889";"bp_number_3776";"bp_type_3776";"name_3776"
"3f65d74a-cb2a-46bb-b02f-2d6e804a4c99";"bp_number_3777";"bp_type_3777";"name_3777"
"e5a6c774-6796-4098-a9dc-7760a4cf088a";"bp_number_3778";"bp_type_3778";"name_3778"
"d64a21e8-6947-4791-a371-fe095f50bf47";"bp_number_3779";"bp_type_3779";"name_3779"
"38151140-6e48-4e07-bab2-adf4a3e2f906";"bp_number_3780";"bp_type_3780";"name_3780"
"5e9eca89-11b5-40cf-8e2f-08490fc30e1d";"bp_number_3781";"bp_type_3781";"name_3781"
"4dfdd572-8336-4229-85e8-6ac77a41f5ff";"bp_number_3782";"bp_type_3782";"name_3782"
"217a2188-a018-461b-b204-7b007e641787";"bp_number_3783";"bp_type_3783";"name_3783"
"e67e0951-193d-49d9-b516-0fc3e1e58a64";"bp_number_3784";"bp_type_3784";"name_3784"
"22724bc0-d5f2-43cf-9ddc-4c7154821fcb";"bp_number_3785";"bp_type_3785";"name_3785"
"9572e3cf-0e6d-494f-976f-4abaa346591f";"bp_number_3786";"bp_type_3786";"name_3786"
"f2dbe4d9-9ea1-4f23-a5d0-33da79561a19";"bp_number_3787";"bp_type_3787";"name_3787"
"53229922-3f6c-4cb0-9a40-394e49394393";"bp_number_3788";"bp_type_3788";"name_3788"
"1cc8f26d-6354-4b0b-a08e-e09cb182ba66";"bp_number_3789";"bp_type_3789";"name_3789"
"9a3a60b1-d39c-4dd4-ba12-d8ffb82308df";"bp_number_3790";"bp_type_3790";"name_3790"
"ced81805-098d-4fa6-a6f1-0ca9cdc375c6";"bp_number_3791";"bp_type_3791";"name_3791"
"034727da-1d6c-4209-b71a-d41aefbe355b";"bp_number_3792";"bp_type_3792";"name_3792"
"c6cf09a9-d045-4f66-ad20-99b0113fa7db";"bp_number_3793";"bp_type_3793";"name_3793"
"51affaa0-71df-4ca4-aa20-77612ab3c492";"bp_number_3794";"bp_type_3794";"name_3794"
"bab63c6c-dcd3-40a6-8fbd-9cb0d5bb0bfc";"bp_number_3795";"bp_type_3795";"name_3795"
"7577a902-2d87-4918-83cb-cbb886b5a096";"bp_number_3796";"bp_type_3796";"name_3796"
"4072edc1-1e40-4153-8950-51acd2ef9fea";"bp_number_3797";"bp_type_3797";"name_3797"
"7ce1e6fd-25bc-4f75-874d-4d3d0665f6b1";"bp_number_3798";"bp_type_3798";"name_3798"
"f1272956-5fb5-49ac-8b5d-d1dd087f7513";"bp_number_3799";"bp_type_3799";"name_3799"
"217d4bd0-9b58-467d-bb1d-3c35750fcf03";"bp_number_3800";"bp_type_3800";"name_3800"
"daacc027-e453-4587-91a2-3a2f6aafd481";"bp_number_3801";"bp_type_3801";"name_3801"
"0b05c070-9293-414f-ab47-870d402d111b";"bp_number_3802";"bp_type_3802";"name_3802"
"32b282b3-6cbe-48ad-9846-6510ec85ff04";"bp_number_3803";"bp_type_3803";"name_3803"
"0970cf26-1d58-4914-9916-11686f234824";"bp_number_3804";"bp_type_3804";"name_3804"
"7bacd17d-5c5f-4785-bc3a-269568423387";"bp_number_3805";"bp_type_3805";"name_3805"
"974cf245-48f2-4519-b790-ee4d1e6bacaf";"bp_number_3806";"bp_type_3806";"name_3806"
"c8627b4a-b5fd-4e54-981b-d185ac0eae7f";"bp_number_3807";"bp_type_3807";"name_3807"
"12183365-93ab-4718-971d-6f8c772f1a82";"bp_number_3808";"bp_type_3808";"name_3808"
"8b3101e1-e50a-44b7-92c1-64d481e4864b";"bp_number_3809";"bp_type_3809";"name_3809"
"0e8def0a-130b-41f1-b16e-ce28d8744285";"bp_number_3810";"bp_type_3810";"name_3810"
"c9010b01-b8a3-4acc-ab76-ec9186ec5fb2";"bp_number_3811";"bp_type_3811";"name_3811"
"ec8d65bf-8c4b-4e11-85cf-dd66b1d48afd";"bp_number_3812";"bp_type_3812";"name_3812"
"a3f968d9-6d20-43d0-b7ab-837c820015d1";"bp_number_3813";"bp_type_3813";"name_3813"
"92d47b6a-3db5-42f5-9a8e-0be801510ea9";"bp_number_3814";"bp_type_3814";"name_3814"
"a549e8b2-b68e-4346-9ed1-cf90aa9015a0";"bp_number_3815";"bp_type_3815";"name_3815"
"6bcf50a5-ff91-4ef2-a450-30acce10e088";"bp_number_3816";"bp_type_3816";"name_3816"
"a3826325-fab3-40b1-b7ad-5baa9592e915";"bp_number_3817";"bp_type_3817";"name_3817"
"e165a5df-4afc-4996-9d62-cc08c5036d08";"bp_number_3818";"bp_type_3818";"name_3818"
"6da07600-ca64-4a77-b1e0-45baf68bd977";"bp_number_3819";"bp_type_3819";"name_3819"
"6dc406ab-a21d-43e8-8b69-a63ae1fc08ed";"bp_number_3820";"bp_type_3820";"name_3820"
"a864aab3-ee69-47dd-ba09-ed445e952992";"bp_number_3821";"bp_type_3821";"name_3821"
"78430c29-1737-4063-9f1d-b68c609226c5";"bp_number_3822";"bp_type_3822";"name_3822"
"ea999f72-1475-4738-af49-74516f0d5edb";"bp_number_3823";"bp_type_3823";"name_3823"
"9f8f86a1-9ac9-4104-89b8-2a7d6619dc90";"bp_number_3824";"bp_type_3824";"name_3824"
"160a6db5-be80-48c2-9c64-b6d104b6b28b";"bp_number_3825";"bp_type_3825";"name_3825"
"bebb4052-a5c8-4b93-ab24-73969a13967c";"bp_number_3826";"bp_type_3826";"name_3826"
"03e43f41-7943-4a99-8a71-c81cc55f1762";"bp_number_3827";"bp_type_3827";"name_3827"
"32dc018e-e119-4f05-b3ae-eb0f18360c7d";"bp_number_3828";"bp_type_3828";"name_3828"
"3c92e246-ae15-4492-85d0-98f6a5fbcf68";"bp_number_3829";"bp_type_3829";"name_3829"
"1707d2e7-c8ca-410e-a237-76ebe16a0450";"bp_number_3830";"bp_type_3830";"name_3830"
"f5a48d1f-6c56-4628-b222-0ee1847fb7af";"bp_number_3831";"bp_type_3831";"name_3831"
"385b25ae-558b-4648-a154-9db7b7b9f6cf";"bp_number_3832";"bp_type_3832";"name_3832"
"278ee8a1-0da6-4151-b0c7-6c085546b8bd";"bp_number_3833";"bp_type_3833";"name_3833"
"65aa180f-6b1f-416b-a043-74a85cd70dce";"bp_number_3834";"bp_type_3834";"name_3834"
"351353e1-b352-4560-b974-d3458c48e937";"bp_number_3835";"bp_type_3835";"name_3835"
"a260d1fa-0d3f-45d6-8ab8-50a5dd5c758d";"bp_number_3836";"bp_type_3836";"name_3836"
"e1e5a412-e48e-4f5f-bd81-8ec87c05c430";"bp_number_3837";"bp_type_3837";"name_3837"
"9c772ea1-3460-4bfb-9e38-a34aad96af69";"bp_number_3838";"bp_type_3838";"name_3838"
"2b08ebd9-fc75-45ea-a356-60e3bc6694a7";"bp_number_3839";"bp_type_3839";"name_3839"
"61cdbce5-2a61-40e8-b48d-caddc2f0c07b";"bp_number_3840";"bp_type_3840";"name_3840"
"b8059629-0743-4d0c-87c9-3ae3a8fe0d32";"bp_number_3841";"bp_type_3841";"name_3841"
"8ca46ed2-71b2-4b4c-bffb-a036aa01575e";"bp_number_3842";"bp_type_3842";"name_3842"
"d97efef4-caee-4599-8b5f-1552b00dac81";"bp_number_3843";"bp_type_3843";"name_3843"
"a7a42c53-fb3c-4327-a4c3-33739a14f18d";"bp_number_3844";"bp_type_3844";"name_3844"
"9706a46f-cad6-4c91-ba37-19bd5ada8250";"bp_number_3845";"bp_type_3845";"name_3845"
"ee3bdf57-108a-492e-b7e6-88d897c3d706";"bp_number_3846";"bp_type_3846";"name_3846"
"4c316d0d-472c-47ef-a1df-6b47a27938aa";"bp_number_3847";"bp_type_3847";"name_3847"
"caa5f8bf-99a5-4360-ae02-9a888d1a7ec5";"bp_number_3848";"bp_type_3848";"name_3848"
"887f3def-dc91-4496-af32-8a1f31007d14";"bp_number_3849";"bp_type_3849";"name_3849"
"99bf3878-295f-423b-9924-5bd3085f5451";"bp_number_3850";"bp_type_3850";"name_3850"
"5634eb01-15d5-4667-84db-85e8da685000";"bp_number_3851";"bp_type_3851";"name_3851"
"363ea497-3a65-489b-927a-b66727f5b7a7";"bp_number_3852";"bp_type_3852";"name_3852"
"f62206f6-bf94-4cea-acc8-4ed70ff8a469";"bp_number_3853";"bp_type_3853";"name_3853"
"ce69c7fe-57b5-4e13-b755-e0ec2d35c079";"bp_number_3854";"bp_type_3854";"name_3854"
"f180ed39-15be-4572-a362-47a423756e73";"bp_number_3855";"bp_type_3855";"name_3855"
"8e3e3484-4c56-4699-bb49-43755e7f04e8";"bp_number_3856";"bp_type_3856";"name_3856"
"037f3444-3090-466e-bcef-2413184f6522";"bp_number_3857";"bp_type_3857";"name_3857"
"5648e4d4-b05b-4be3-9411-3d09d1cc175e";"bp_number_3858";"bp_type_3858";"name_3858"
"dce52f2d-587a-474b-a40d-7b609d234ddf";"bp_number_3859";"bp_type_3859";"name_3859"
"0911e609-faa5-49d9-9120-a52326bbbe82";"bp_number_3860";"bp_type_3860";"name_3860"
"5b0cc826-8c87-429b-8c4a-46e616da62fa";"bp_number_3861";"bp_type_3861";"name_3861"
"b059270c-c96f-487b-83f3-0e40b979159e";"bp_number_3862";"bp_type_3862";"name_3862"
"50850d03-b5e0-4265-92c4-c9f7769dc537";"bp_number_3863";"bp_type_3863";"name_3863"
"6792647c-d082-4daf-a3f5-05b474b43621";"bp_number_3864";"bp_type_3864";"name_3864"
"3c9a80f1-eca0-4e62-a0f8-57567219a78c";"bp_number_3865";"bp_type_3865";"name_3865"
"3b87d5fb-6b49-45da-b85b-d9c695ddd627";"bp_number_3866";"bp_type_3866";"name_3866"
"63f13080-29e9-46e6-8f1b-167e5751b53a";"bp_number_3867";"bp_type_3867";"name_3867"
"bccd985c-6682-4813-b4c5-5c350f2051b1";"bp_number_3868";"bp_type_3868";"name_3868"
"55eea2e0-8bfd-4ad6-8d9e-ce7417c7087e";"bp_number_3869";"bp_type_3869";"name_3869"
"b96c8f72-d20a-4fe2-b209-750850144255";"bp_number_3870";"bp_type_3870";"name_3870"
"f1084a8f-36ad-4488-939f-bf7254314679";"bp_number_3871";"bp_type_3871";"name_3871"
"12bc9859-dffc-493b-9d84-ed4cee79131a";"bp_number_3872";"bp_type_3872";"name_3872"
"6b0df0c3-e466-40c0-a2c4-64d2fdcc98ec";"bp_number_3873";"bp_type_3873";"name_3873"
"b8081344-7863-4be1-abcd-060688a33751";"bp_number_3874";"bp_type_3874";"name_3874"
"4257ceb8-f995-425a-9992-ec0c7b2fedaa";"bp_number_3875";"bp_type_3875";"name_3875"
"7e7cf6bb-9bba-4b3b-8370-cc6b59cc488c";"bp_number_3876";"bp_type_3876";"name_3876"
"99d9c2db-b9d4-4a30-9f22-18cb113b507f";"bp_number_3877";"bp_type_3877";"name_3877"
"b1c6ff4f-f0a9-4d0d-b6fa-069b4f8d2387";"bp_number_3878";"bp_type_3878";"name_3878"
"8d995231-2bf5-45c8-ae99-0449bba69fe9";"bp_number_3879";"bp_type_3879";"name_3879"
"e83c648f-9710-4c0a-8a3a-a1f62c661bd1";"bp_number_3880";"bp_type_3880";"name_3880"
"d6406b9c-adca-47dd-9e83-5d25a0f08116";"bp_number_3881";"bp_type_3881";"name_3881"
"bbc3ee9e-0913-4c24-9bb0-773a7b786ec6";"bp_number_3882";"bp_type_3882";"name_3882"
"e4992b66-cd7b-441e-b062-c0af0c2378a0";"bp_number_3883";"bp_type_3883";"name_3883"
"1395fb6f-2345-4c80-ace8-85f0938b72e1";"bp_number_3884";"bp_type_3884";"name_3884"
"b0fba9de-41df-48a7-ac14-7a5f417e449c";"bp_number_3885";"bp_type_3885";"name_3885"
"32de53ec-0c3c-44e9-9d6f-34a35e3b00ff";"bp_number_3886";"bp_type_3886";"name_3886"
"d770af3d-a557-41c6-9b0c-3cb8f01e2979";"bp_number_3887";"bp_type_3887";"name_3887"
"0464d9ba-4e7c-48fe-9609-d14377e1133b";"bp_number_3888";"bp_type_3888";"name_3888"
"b259461e-c27b-4509-8c8b-253782440888";"bp_number_3889";"bp_type_3889";"name_3889"
"ce7ca5aa-a364-4cb7-9e02-ba7f62e84489";"bp_number_3890";"bp_type_3890";"name_3890"
"e2bf4a9d-63b1-4177-bc97-ad5210d18caf";"bp_number_3891";"bp_type_3891";"name_3891"
"92efd8e2-8aac-478a-b9d2-e227801064f1";"bp_number_3892";"bp_type_3892";"name_3892"
"f0c4cf2c-6b2e-4d88-9e39-b07282f5a7d1";"bp_number_3893";"bp_type_3893";"name_3893"
"4be81b8f-2178-4b52-95e0-60c496d0b680";"bp_number_3894";"bp_type_3894";"name_3894"
"5de5d0bc-e380-424e-ab88-3ce44e1ed2c4";"bp_number_3895";"bp_type_3895";"name_3895"
"cd92d2fb-3a20-4880-97ab-cef635ac4b8f";"bp_number_3896";"bp_type_3896";"name_3896"
"721e41f3-8007-4a34-87bf-2048d232e11e";"bp_number_3897";"bp_type_3897";"name_3897"
"70fd410e-4972-409a-9c5b-2e0a74876b7b";"bp_number_3898";"bp_type_3898";"name_3898"
"fb7fcc8e-d948-404a-a137-e31b15fac8c6";"bp_number_3899";"bp_type_3899";"name_3899"
"22b4f46b-c7a8-4959-9af2-52ddd841725e";"bp_number_3900";"bp_type_3900";"name_3900"
"603bf065-604f-4899-a46a-ea2c883382dc";"bp_number_3901";"bp_type_3901";"name_3901"
"ba95e4d2-ebe7-4a61-b8aa-4e1dab7fa114";"bp_number_3902";"bp_type_3902";"name_3902"
"200d7b50-827f-4fb2-b4c0-122e430d59ca";"bp_number_3903";"bp_type_3903";"name_3903"
"a35ec6de-2176-417b-a362-bd4b8a004650";"bp_number_3904";"bp_type_3904";"name_3904"
"ef40c35c-6efa-4af8-a504-92ba0f2b9b67";"bp_number_3905";"bp_type_3905";"name_3905"
"6a2a0e12-6898-4a9e-86ce-9989072f1a0e";"bp_number_3906";"bp_type_3906";"name_3906"
"db98cb11-7077-4b29-8a87-758752952cc7";"bp_number_3907";"bp_type_3907";"name_3907"
"9462f1f3-3a23-4c06-98a0-8ecc70288f89";"bp_number_3908";"bp_type_3908";"name_3908"
"db4b82cf-8f4b-4ee7-9976-d56ed89c026d";"bp_number_3909";"bp_type_3909";"name_3909"
"57038eb8-bf29-45ea-8c56-38e79493f450";"bp_number_3910";"bp_type_3910";"name_3910"
"a932cd3d-2b3c-4195-b1d8-a2f93dc54a97";"bp_number_3911";"bp_type_3911";"name_3911"
"f0b7a920-9dfc-442c-840a-0aff28e861aa";"bp_number_3912";"bp_type_3912";"name_3912"
"c25d38ff-9220-4cdb-b82a-d2af526a7cd9";"bp_number_3913";"bp_type_3913";"name_3913"
"b6901714-f375-4ee6-bd58-1ed5458f2372";"bp_number_3914";"bp_type_3914";"name_3914"
"14621daf-a5d6-42c0-9fb9-b2faf528a8db";"bp_number_3915";"bp_type_3915";"name_3915"
"548f307c-4df3-4ed8-9dd3-e84c15d4d9ca";"bp_number_3916";"bp_type_3916";"name_3916"
"e5b8c3da-34d2-4fc8-b09f-32914bb6d627";"bp_number_3917";"bp_type_3917";"name_3917"
"2518f6f2-f738-47f9-9a5d-3b34cb359448";"bp_number_3918";"bp_type_3918";"name_3918"
"7570b76e-b0dd-4f13-8e14-a8a88bad7314";"bp_number_3919";"bp_type_3919";"name_3919"
"b7fe8fce-83f3-4d91-9a09-33053dae6b15";"bp_number_3920";"bp_type_3920";"name_3920"
"03caec7a-bb72-4ecd-bbea-36355b1cb254";"bp_number_3921";"bp_type_3921";"name_3921"
"6a0f4fc0-ad84-49dd-bfdb-5ea394a6fc4a";"bp_number_3922";"bp_type_3922";"name_3922"
"1090e0c7-5a77-43ad-9c39-f633bc42c92b";"bp_number_3923";"bp_type_3923";"name_3923"
"b2b3d526-f824-4d9d-9365-1da4ceab96b9";"bp_number_3924";"bp_type_3924";"name_3924"
"b7856f05-1682-41e2-a030-6277c301922e";"bp_number_3925";"bp_type_3925";"name_3925"
"da4dbeb2-c278-4377-9891-82ae42b93085";"bp_number_3926";"bp_type_3926";"name_3926"
"918cfbbc-b613-4040-967e-b6a30e07c804";"bp_number_3927";"bp_type_3927";"name_3927"
"c6c0980c-a169-4bf8-95a1-e4646d9076c0";"bp_number_3928";"bp_type_3928";"name_3928"
"e8470bd8-5713-408a-bbd8-7aab35e5f480";"bp_number_3929";"bp_type_3929";"name_3929"
"5ce16c76-90c0-4d06-a5dc-143effa6b580";"bp_number_3930";"bp_type_3930";"name_3930"
"d1b5d8b0-ef41-4672-9ab0-d0c4d869a029";"bp_number_3931";"bp_type_3931";"name_3931"
"284a6a2c-ea7f-445d-b1f5-b7fab4d5086f";"bp_number_3932";"bp_type_3932";"name_3932"
"4add2de0-cf85-4a05-a5be-f6ecae986f89";"bp_number_3933";"bp_type_3933";"name_3933"
"a95c965a-19db-472f-af62-d73e0e582364";"bp_number_3934";"bp_type_3934";"name_3934"
"46da194d-d442-4418-9d02-49ba6552931d";"bp_number_3935";"bp_type_3935";"name_3935"
"0b76578e-6ceb-4125-af68-461f805f360f";"bp_number_3936";"bp_type_3936";"name_3936"
"2c39c761-00a3-498e-b85a-2b244e899c8b";"bp_number_3937";"bp_type_3937";"name_3937"
"c4541b4f-2a61-4741-b1d8-1f890febadb7";"bp_number_3938";"bp_type_3938";"name_3938"
"f6ad3242-958f-47e8-9bfa-5b6769bcc39c";"bp_number_3939";"bp_type_3939";"name_3939"
"832a19d1-5899-47f9-bb03-63505533dcc8";"bp_number_3940";"bp_type_3940";"name_3940"
"38732ff2-f19a-49d2-b355-ad42d60d597c";"bp_number_3941";"bp_type_3941";"name_3941"
"5549e898-440a-488e-bca0-2358a3034a17";"bp_number_3942";"bp_type_3942";"name_3942"
"32b001a5-1729-470b-bf0e-3a91f916065d";"bp_number_3943";"bp_type_3943";"name_3943"
"6a7661f2-5986-424b-ab61-d51bb3967a6b";"bp_number_3944";"bp_type_3944";"name_3944"
"3268c955-977d-4879-af1c-bde5691a0f8f";"bp_number_3945";"bp_type_3945";"name_3945"
"f1332852-51ca-487d-87e6-73d8392a4056";"bp_number_3946";"bp_type_3946";"name_3946"
"7a21399d-e20f-4ca1-b290-085a8ded6071";"bp_number_3947";"bp_type_3947";"name_3947"
"59eef76a-a32a-4dc9-8827-3ec0bf160e73";"bp_number_3948";"bp_type_3948";"name_3948"
"49349a5e-3c1d-446f-80b9-a111b4c70210";"bp_number_3949";"bp_type_3949";"name_3949"
"c02f2902-d5b1-4164-88eb-a02ac2bd5d36";"bp_number_3950";"bp_type_3950";"name_3950"
"d29370ea-6a5a-4edb-afe9-1ddf9f51ea5b";"bp_number_3951";"bp_type_3951";"name_3951"
"3a873ac3-b155-40ec-b52b-c41923ca3338";"bp_number_3952";"bp_type_3952";"name_3952"
"847cf493-82a7-4662-a869-b91ba7ed6826";"bp_number_3953";"bp_type_3953";"name_3953"
"135a5483-cf10-43b4-9040-8214bac448f9";"bp_number_3954";"bp_type_3954";"name_3954"
"a23e5234-d86c-4be4-9015-1417c03966c8";"bp_number_3955";"bp_type_3955";"name_3955"
"f5d59a42-534d-4c3a-878a-e121812cb777";"bp_number_3956";"bp_type_3956";"name_3956"
"50c23817-22e9-410d-a340-d7a115e9dca9";"bp_number_3957";"bp_type_3957";"name_3957"
"87495593-12b0-43df-831f-9129b37521fc";"bp_number_3958";"bp_type_3958";"name_3958"
"b06c7985-9a21-44ac-9361-4be57260e554";"bp_number_3959";"bp_type_3959";"name_3959"
"34b39fa4-d504-4aa5-b1da-2928b6d4e1a2";"bp_number_3960";"bp_type_3960";"name_3960"
"f1d369ed-b5c6-4c56-a0a8-8a92577005da";"bp_number_3961";"bp_type_3961";"name_3961"
"94d1bc0d-7318-4c68-8b59-0d0c569dcc6b";"bp_number_3962";"bp_type_3962";"name_3962"
"0970dc78-7d31-486d-8f60-d1b79687eb38";"bp_number_3963";"bp_type_3963";"name_3963"
"5d14bb72-6a51-44c3-82a3-7152015c28af";"bp_number_3964";"bp_type_3964";"name_3964"
"e7e902cc-a728-493b-a900-29a4d454b9c3";"bp_number_3965";"bp_type_3965";"name_3965"
"74818d6f-7a55-487c-ab15-15dfec6a1c02";"bp_number_3966";"bp_type_3966";"name_3966"
"11739fd3-3cdc-4b94-94ea-a5318ce31ae4";"bp_number_3967";"bp_type_3967";"name_3967"
"c1145403-0c1f-4e61-a69e-754119258993";"bp_number_3968";"bp_type_3968";"name_3968"
"91868517-c832-428c-b938-9c690b7349af";"bp_number_3969";"bp_type_3969";"name_3969"
"569f8cc3-5b58-4187-aaba-f8a5f0ce8816";"bp_number_3970";"bp_type_3970";"name_3970"
"5a38ffe2-3af7-4ea9-9c27-85ae65f6b5d4";"bp_number_3971";"bp_type_3971";"name_3971"
"822332fe-5489-43fa-b2a2-7e61a8a5aab5";"bp_number_3972";"bp_type_3972";"name_3972"
"5e33c1e5-594b-402c-b1df-7c33f7702183";"bp_number_3973";"bp_type_3973";"name_3973"
"96de8026-4073-43a8-ab87-fa31f20c6300";"bp_number_3974";"bp_type_3974";"name_3974"
"5957244a-83d0-4ff1-a80a-c339b116ee9b";"bp_number_3975";"bp_type_3975";"name_3975"
"92be098d-e21d-42be-9369-f8191d0e01d4";"bp_number_3976";"bp_type_3976";"name_3976"
"2d05129e-785b-4ec0-8373-59cb6f57f073";"bp_number_3977";"bp_type_3977";"name_3977"
"6e13213f-fb08-4cb6-b467-b397592c66fe";"bp_number_3978";"bp_type_3978";"name_3978"
"9376ac4c-c843-4af0-94f6-6d6dd1074045";"bp_number_3979";"bp_type_3979";"name_3979"
"dcb648fe-4874-4607-906d-11deec2cac34";"bp_number_3980";"bp_type_3980";"name_3980"
"fb77ed6f-bb1f-4370-b3c3-83a15d28f90f";"bp_number_3981";"bp_type_3981";"name_3981"
"c38269ba-0efb-437f-9e9b-86dafe5cd73d";"bp_number_3982";"bp_type_3982";"name_3982"
"7ea9b25d-b18f-4df1-ad3d-cf74fec7f6c9";"bp_number_3983";"bp_type_3983";"name_3983"
"1343a44b-8cf1-4b6e-b253-fe2651b0d616";"bp_number_3984";"bp_type_3984";"name_3984"
"4cd3bcf2-058d-406c-9f06-c33c0b8cb367";"bp_number_3985";"bp_type_3985";"name_3985"
"620a6f80-1847-4b2b-a831-679a3987335f";"bp_number_3986";"bp_type_3986";"name_3986"
"d67f9c11-75fd-48bc-a0d8-3e07dd9dfdfc";"bp_number_3987";"bp_type_3987";"name_3987"
"7aee7ef7-10dd-4b58-a571-e8b68527a4a9";"bp_number_3988";"bp_type_3988";"name_3988"
"d556f9a0-9ca3-4f07-9584-959e62a804e2";"bp_number_3989";"bp_type_3989";"name_3989"
"9d5f8244-1bcd-42aa-b6eb-607273fa7d9c";"bp_number_3990";"bp_type_3990";"name_3990"
"9cbc16bc-ecc0-4a34-ab3e-3bf4232ff2f0";"bp_number_3991";"bp_type_3991";"name_3991"
"a5e06039-7de6-413a-93a2-237cfad2e78b";"bp_number_3992";"bp_type_3992";"name_3992"
"289ed7ec-0026-4615-bd81-caf514714d5c";"bp_number_3993";"bp_type_3993";"name_3993"
"1d372faf-6711-409c-ae6f-f81743103bd1";"bp_number_3994";"bp_type_3994";"name_3994"
"b2b0c6bb-fb45-4f20-9540-03df9e780312";"bp_number_3995";"bp_type_3995";"name_3995"
"4c0b8cbd-551c-483b-9836-15e4d2a7e4dd";"bp_number_3996";"bp_type_3996";"name_3996"
"fc7d36a5-1f5f-44c5-a78d-7608a5a658c6";"bp_number_3997";"bp_type_3997";"name_3997"
"f9194e9c-3730-44c4-9f3c-1271153671f7";"bp_number_3998";"bp_type_3998";"name_3998"
"425d26cd-b893-420d-b188-a32e0fa0a7bf";"bp_number_3999";"bp_type_3999";"name_3999"
"0f5f63e7-5062-4c42-9130-772c476b4f0f";"bp_number_4000";"bp_type_4000";"name_4000"
"c68433fe-d9c9-45d3-ab00-9eb861042f49";"bp_number_4001";"bp_type_4001";"name_4001"
"712211e7-82ae-4fae-adf3-2d3990d2f14b";"bp_number_4002";"bp_type_4002";"name_4002"
"3d76a1e5-63b7-4ded-afc3-24fe1d0c8223";"bp_number_4003";"bp_type_4003";"name_4003"
"3057a2f0-508b-45c0-a906-9d9f44d2eda9";"bp_number_4004";"bp_type_4004";"name_4004"
"9d196ab0-dae6-460e-8641-cf4485446bab";"bp_number_4005";"bp_type_4005";"name_4005"
"cfbde49a-102f-4aa6-8028-f2656bb6922c";"bp_number_4006";"bp_type_4006";"name_4006"
"225f03bf-0cff-4501-bded-8bac48a36fcd";"bp_number_4007";"bp_type_4007";"name_4007"
"1caf5930-1e03-485d-8505-0341c92cda12";"bp_number_4008";"bp_type_4008";"name_4008"
"e95b2277-5d28-42fc-9ae4-6115bb7f36b3";"bp_number_4009";"bp_type_4009";"name_4009"
"2c39137c-ea30-4548-b19a-baa57fe80041";"bp_number_4010";"bp_type_4010";"name_4010"
"1bb72bc0-91fa-4a42-940f-6e5edbfc2e1e";"bp_number_4011";"bp_type_4011";"name_4011"
"f274e8e5-0f08-4d36-8e97-8003a33e327e";"bp_number_4012";"bp_type_4012";"name_4012"
"b150bd8f-ad4e-445a-ac63-b8009e237c5d";"bp_number_4013";"bp_type_4013";"name_4013"
"425168e2-f409-4f34-b9df-d25d01114c88";"bp_number_4014";"bp_type_4014";"name_4014"
"d29a8ed9-919b-460f-821f-1eda875a9b75";"bp_number_4015";"bp_type_4015";"name_4015"
"73186c9a-52b0-4ef7-9c3c-c3f7729dc527";"bp_number_4016";"bp_type_4016";"name_4016"
"38dfd3f8-d350-4946-a10d-6e18e0cc277a";"bp_number_4017";"bp_type_4017";"name_4017"
"0701f20e-2b4a-49dc-a082-d917a2cb6559";"bp_number_4018";"bp_type_4018";"name_4018"
"f1fcae0c-164e-49d5-9ed9-264618ff1e90";"bp_number_4019";"bp_type_4019";"name_4019"
"a1115c46-60a5-4dff-b412-e6c6ac4e9a38";"bp_number_4020";"bp_type_4020";"name_4020"
"bf43611d-0d28-4d22-9b0a-201d00a9c412";"bp_number_4021";"bp_type_4021";"name_4021"
"f497ec6f-7feb-411c-acdc-6bd8113082bf";"bp_number_4022";"bp_type_4022";"name_4022"
"244e4149-ed32-4a9c-9dc5-d03eb4842189";"bp_number_4023";"bp_type_4023";"name_4023"
"9965516c-0606-424c-92e8-e5336e450884";"bp_number_4024";"bp_type_4024";"name_4024"
"9db4ed6e-ced4-4685-b4bb-72c5383cebd2";"bp_number_4025";"bp_type_4025";"name_4025"
"7e000cbd-dbe5-4059-ad7a-788fec6804c1";"bp_number_4026";"bp_type_4026";"name_4026"
"67042311-ad25-44f6-8174-6b1a9770e4b1";"bp_number_4027";"bp_type_4027";"name_4027"
"8c23d728-f617-42c8-941a-1621272cacbb";"bp_number_4028";"bp_type_4028";"name_4028"
"7bf747b8-1835-4091-99a0-2b9b28b187cc";"bp_number_4029";"bp_type_4029";"name_4029"
"e29c1c9a-aaa8-453c-9b47-3e61a03d86bc";"bp_number_4030";"bp_type_4030";"name_4030"
"37726f59-9ea7-48b8-9be8-0802c6b64a17";"bp_number_4031";"bp_type_4031";"name_4031"
"2981488c-965d-4048-813d-f67ad2c90006";"bp_number_4032";"bp_type_4032";"name_4032"
"900062de-8e22-412e-8ec4-2df735d6301e";"bp_number_4033";"bp_type_4033";"name_4033"
"8cedee0e-c8aa-43ab-a069-c60c00e9ecec";"bp_number_4034";"bp_type_4034";"name_4034"
"631c365b-4562-43c9-8500-5a92d079d207";"bp_number_4035";"bp_type_4035";"name_4035"
"fd120f00-afe7-487d-9974-94cec2ca9fd6";"bp_number_4036";"bp_type_4036";"name_4036"
"6c1604c6-dd1a-4f1b-a0c7-135cccb7f195";"bp_number_4037";"bp_type_4037";"name_4037"
"74c9cbdd-038b-4d46-901c-1d6ad6c6893a";"bp_number_4038";"bp_type_4038";"name_4038"
"8e7dcd7b-6b22-4eda-bb95-ab39c0d22ee7";"bp_number_4039";"bp_type_4039";"name_4039"
"de2b3b30-193c-4202-84db-83f18fe48705";"bp_number_4040";"bp_type_4040";"name_4040"
"f63ffb6c-8cfc-4cee-b450-582513316f97";"bp_number_4041";"bp_type_4041";"name_4041"
"c9c2fdf0-510b-4ae5-aaaf-52822e0af884";"bp_number_4042";"bp_type_4042";"name_4042"
"9cd77ea4-7d44-4839-935b-20dfb4cf4330";"bp_number_4043";"bp_type_4043";"name_4043"
"748a2e18-d8e2-4192-ab32-3fdd78d5baed";"bp_number_4044";"bp_type_4044";"name_4044"
"5cb1e3fa-6552-46fd-bfe8-5c3cdf695fb0";"bp_number_4045";"bp_type_4045";"name_4045"
"aeafccd0-67ad-48cc-ae1a-41b71f0e196e";"bp_number_4046";"bp_type_4046";"name_4046"
"cbc93610-1a0e-4104-8535-26337ae175bd";"bp_number_4047";"bp_type_4047";"name_4047"
"807fd8df-c2df-435a-a469-aa8de56afa35";"bp_number_4048";"bp_type_4048";"name_4048"
"6426c72f-7aa6-48b4-8d46-f88ebfb046a2";"bp_number_4049";"bp_type_4049";"name_4049"
"9aba9dc6-aebf-404d-b704-42b7cd12e2f3";"bp_number_4050";"bp_type_4050";"name_4050"
"a08f35ae-bf61-4c22-b4a7-6bcfba76e130";"bp_number_4051";"bp_type_4051";"name_4051"
"795b33fd-8505-4646-a7df-7aa7972405d5";"bp_number_4052";"bp_type_4052";"name_4052"
"d7bca57f-b765-41d3-ad6a-3677ac3e5f35";"bp_number_4053";"bp_type_4053";"name_4053"
"c6366aed-ea47-4e12-abe6-dcd0680e9eb6";"bp_number_4054";"bp_type_4054";"name_4054"
"9dfba1b0-b3d9-43e2-9996-f2060ed99412";"bp_number_4055";"bp_type_4055";"name_4055"
"418041e5-b8dc-4852-ba07-32ffbb6fa98a";"bp_number_4056";"bp_type_4056";"name_4056"
"3d2410b0-a0c5-4cfd-882c-0628ad55605d";"bp_number_4057";"bp_type_4057";"name_4057"
"09096021-17dd-4387-bb9c-92a0c3e510d6";"bp_number_4058";"bp_type_4058";"name_4058"
"3d179bf9-a05f-491e-ac60-d8089144385d";"bp_number_4059";"bp_type_4059";"name_4059"
"61f0a3ce-1533-4314-ae7a-f89264ed5ea2";"bp_number_4060";"bp_type_4060";"name_4060"
"2a30c8c9-dba8-402b-ae8a-4221d4a1ce04";"bp_number_4061";"bp_type_4061";"name_4061"
"8e0e6aff-87a5-487f-a623-51e92440fe3b";"bp_number_4062";"bp_type_4062";"name_4062"
"3d0c38b3-a73f-467a-80f2-b8a444fc5b5d";"bp_number_4063";"bp_type_4063";"name_4063"
"27cd5670-dad4-4c69-a4b9-a3535d94c6d4";"bp_number_4064";"bp_type_4064";"name_4064"
"323bda8b-f816-4fda-a0f9-9c6289e8441c";"bp_number_4065";"bp_type_4065";"name_4065"
"1f3778c9-ea87-4d0b-a03a-1fc9ae8d3f21";"bp_number_4066";"bp_type_4066";"name_4066"
"c64e01e8-9470-4312-80d9-9690111b81f2";"bp_number_4067";"bp_type_4067";"name_4067"
"1be00cb8-2d1e-4ab3-8b4e-46c90adfa17a";"bp_number_4068";"bp_type_4068";"name_4068"
"ce1d175c-e019-4cb2-98a8-29da400d2c4a";"bp_number_4069";"bp_type_4069";"name_4069"
"ca72e0fd-5766-47d9-b237-e28b04210be7";"bp_number_4070";"bp_type_4070";"name_4070"
"137b5312-9b85-474f-b3e9-a7051ae7e504";"bp_number_4071";"bp_type_4071";"name_4071"
"6ff1c7e6-77a5-4fa5-86ed-92b0d27757fe";"bp_number_4072";"bp_type_4072";"name_4072"
"bdd466f4-ce6b-4ef1-84e5-8e20a88dd763";"bp_number_4073";"bp_type_4073";"name_4073"
"420d7fbd-814a-4c98-9cf6-c0a6f6880ccf";"bp_number_4074";"bp_type_4074";"name_4074"
"c032de51-fc7e-464c-9279-e992325a0b2d";"bp_number_4075";"bp_type_4075";"name_4075"
"85b42193-0b5a-466c-926b-8ec5a3e8bd07";"bp_number_4076";"bp_type_4076";"name_4076"
"c5d10e4e-13c5-4b70-bfbe-3135f453e468";"bp_number_4077";"bp_type_4077";"name_4077"
"f61e506c-ffc2-4ed2-aa7f-d2f6dd178644";"bp_number_4078";"bp_type_4078";"name_4078"
"6f8bfb04-2bb7-46c4-baee-d6abda09a967";"bp_number_4079";"bp_type_4079";"name_4079"
"fa259b7d-e075-4e7a-8a7d-7f5a5a232c74";"bp_number_4080";"bp_type_4080";"name_4080"
"0f68a6cc-6f05-489c-835b-9e9b047d97cd";"bp_number_4081";"bp_type_4081";"name_4081"
"d37574ff-e7c8-4230-9dfd-81db5f5f9e51";"bp_number_4082";"bp_type_4082";"name_4082"
"656d94fa-2348-40f5-8688-2300df102899";"bp_number_4083";"bp_type_4083";"name_4083"
"403fc361-a191-4f92-809a-5dd1d10659d9";"bp_number_4084";"bp_type_4084";"name_4084"
"3b140b50-52f7-423a-a313-ca07ac85e1c1";"bp_number_4085";"bp_type_4085";"name_4085"
"c5f3ee95-8362-4965-8547-5f0d4c2316ea";"bp_number_4086";"bp_type_4086";"name_4086"
"c5aa2728-b1fc-4670-93dd-0884dff2363c";"bp_number_4087";"bp_type_4087";"name_4087"
"f8fd11e0-8118-4771-b836-a04108afff82";"bp_number_4088";"bp_type_4088";"name_4088"
"caa2b930-924b-47d3-8f23-78b2f86dd9b1";"bp_number_4089";"bp_type_4089";"name_4089"
"9edb19f1-7115-41ec-9c83-ec681f455cd6";"bp_number_4090";"bp_type_4090";"name_4090"
"1abd3256-e943-48f7-8677-a7c169bcb96a";"bp_number_4091";"bp_type_4091";"name_4091"
"6a4d2088-b334-451f-b9e7-928d559ef134";"bp_number_4092";"bp_type_4092";"name_4092"
"b7e9003a-650e-45bf-b61a-b456e3cf620f";"bp_number_4093";"bp_type_4093";"name_4093"
"2014aa00-f20d-4899-b993-bb27196df760";"bp_number_4094";"bp_type_4094";"name_4094"
"be741ddd-2475-40f1-8167-7ed4ad041da4";"bp_number_4095";"bp_type_4095";"name_4095"
"77d553e6-2ff8-46bb-b1e3-ded3d4eb46fa";"bp_number_4096";"bp_type_4096";"name_4096"
"d792bc17-9385-4521-9d94-9712cfb1f58b";"bp_number_4097";"bp_type_4097";"name_4097"
"fc04d064-70ed-4248-b658-3a029aeb5c08";"bp_number_4098";"bp_type_4098";"name_4098"
"52fe606c-3899-4573-bf63-7f40f3d6c7a7";"bp_number_4099";"bp_type_4099";"name_4099"
"56c92f4b-757a-4f18-a6e4-4e8b11c50945";"bp_number_4100";"bp_type_4100";"name_4100"
"2eb28b49-6b55-422b-8ebd-3d372597b80d";"bp_number_4101";"bp_type_4101";"name_4101"
"c8fc4a5c-3b12-4e50-8194-8ced3938a1b1";"bp_number_4102";"bp_type_4102";"name_4102"
"fdf4ff99-45b3-4778-b243-f5305a74c465";"bp_number_4103";"bp_type_4103";"name_4103"
"88773226-f459-47b4-81ef-c3769c0e70f5";"bp_number_4104";"bp_type_4104";"name_4104"
"4dff9555-2b84-4d0f-ab6e-97b580811981";"bp_number_4105";"bp_type_4105";"name_4105"
"bae7f167-b12e-4854-84d7-3c4346f9c4aa";"bp_number_4106";"bp_type_4106";"name_4106"
"486e13e6-45ed-410e-b0fa-bc0b10d65396";"bp_number_4107";"bp_type_4107";"name_4107"
"fcce0257-cfc3-4d36-947b-3e70574617a9";"bp_number_4108";"bp_type_4108";"name_4108"
"5bcbad23-75bb-46a6-a4d3-e604f9d60a46";"bp_number_4109";"bp_type_4109";"name_4109"
"02ca15aa-448b-4068-be9e-606a55be060a";"bp_number_4110";"bp_type_4110";"name_4110"
"546a59fe-e69f-471f-86e9-32ec778602c8";"bp_number_4111";"bp_type_4111";"name_4111"
"e69783a7-efe6-4b7c-a6e7-297a2283a388";"bp_number_4112";"bp_type_4112";"name_4112"
"95ee28c1-97b4-4149-88e3-f5a2c607603a";"bp_number_4113";"bp_type_4113";"name_4113"
"b3dbec9a-ef0c-410e-87b1-eff3033d5ce2";"bp_number_4114";"bp_type_4114";"name_4114"
"9c95c669-ae4f-43d5-9eff-49195ecd8768";"bp_number_4115";"bp_type_4115";"name_4115"
"453b3bab-3438-47c3-bfa6-199276c976e8";"bp_number_4116";"bp_type_4116";"name_4116"
"5a8bf162-7b50-49d1-b7c0-2b78469d814a";"bp_number_4117";"bp_type_4117";"name_4117"
"37f3beb7-c228-496d-9eeb-d0963f204795";"bp_number_4118";"bp_type_4118";"name_4118"
"c378554b-cade-4b68-b992-67a7181871cf";"bp_number_4119";"bp_type_4119";"name_4119"
"519d5b8d-f78f-4c3d-afe0-cf13a490fb87";"bp_number_4120";"bp_type_4120";"name_4120"
"6e3bff74-f0c5-4647-b026-cda2b66ade81";"bp_number_4121";"bp_type_4121";"name_4121"
"fb716b26-4381-4c7a-a069-6e5a5c068c0d";"bp_number_4122";"bp_type_4122";"name_4122"
"718d7f37-0fdd-4c69-90d0-a3a2379feadc";"bp_number_4123";"bp_type_4123";"name_4123"
"e1ad0890-ad00-4a90-97fb-18e6c390298d";"bp_number_4124";"bp_type_4124";"name_4124"
"7593ac37-353f-4b7b-8119-2a98787e586d";"bp_number_4125";"bp_type_4125";"name_4125"
"10b54011-389f-4e31-b171-afa8d72e5817";"bp_number_4126";"bp_type_4126";"name_4126"
"84cd06cd-0856-4e23-a3c3-27341fe28ae5";"bp_number_4127";"bp_type_4127";"name_4127"
"7fa5a81c-c45b-43ba-afa3-54662dbae7ff";"bp_number_4128";"bp_type_4128";"name_4128"
"ceeb8fac-0c6d-477b-9571-51b97c30ce66";"bp_number_4129";"bp_type_4129";"name_4129"
"e5c5f740-d5a8-4536-8ef8-bb4bce7691f7";"bp_number_4130";"bp_type_4130";"name_4130"
"f12a5d15-29db-433d-a517-51eceb7d9a0a";"bp_number_4131";"bp_type_4131";"name_4131"
"55da26db-ea90-4567-8b8a-8a1fac29d191";"bp_number_4132";"bp_type_4132";"name_4132"
"3a8ff94a-0ff5-4f02-841f-6bd4cc1ac6f2";"bp_number_4133";"bp_type_4133";"name_4133"
"2cd347f2-18a1-4b5e-9494-c220acb73cbe";"bp_number_4134";"bp_type_4134";"name_4134"
"4b489c05-5a64-4623-a8e7-5b687d216d06";"bp_number_4135";"bp_type_4135";"name_4135"
"1711bb0f-9622-47b1-93d9-0de8cbf39083";"bp_number_4136";"bp_type_4136";"name_4136"
"29c54e84-eb52-4f33-906f-977f2fcd3dff";"bp_number_4137";"bp_type_4137";"name_4137"
"a9c372c7-cd8e-4eac-9034-cb505900a207";"bp_number_4138";"bp_type_4138";"name_4138"
"f190683d-3707-4cdc-b286-f4ff42e10c74";"bp_number_4139";"bp_type_4139";"name_4139"
"4673abe7-7acb-4308-afc1-c0a1a2204e50";"bp_number_4140";"bp_type_4140";"name_4140"
"cc8b022f-27c7-4f82-ba85-5ec3c724e767";"bp_number_4141";"bp_type_4141";"name_4141"
"5121f891-6516-4ee4-9653-b25c59f6ef3b";"bp_number_4142";"bp_type_4142";"name_4142"
"792c37d1-508c-484d-bfe9-c5559f5b0c3c";"bp_number_4143";"bp_type_4143";"name_4143"
"6b0fbb5f-55d9-49c7-b487-690101ab2011";"bp_number_4144";"bp_type_4144";"name_4144"
"30f1ca6a-cb6c-4ced-9a72-e109595f051e";"bp_number_4145";"bp_type_4145";"name_4145"
"f30254fe-9830-4ae3-9532-b1c7c38ab8af";"bp_number_4146";"bp_type_4146";"name_4146"
"707d1617-af12-4f8a-90a9-40bda4d32545";"bp_number_4147";"bp_type_4147";"name_4147"
"d0ba5664-8f1a-4c15-956b-e3822770804b";"bp_number_4148";"bp_type_4148";"name_4148"
"6502af74-2000-4309-a7ce-f793c47b95cf";"bp_number_4149";"bp_type_4149";"name_4149"
"dc9b15d9-85c6-4650-b098-d631712fffae";"bp_number_4150";"bp_type_4150";"name_4150"
"fda4c363-a30c-4fca-9844-862d15d3030c";"bp_number_4151";"bp_type_4151";"name_4151"
"0c73da80-6ad1-4a15-a084-d33ef0a6d1e9";"bp_number_4152";"bp_type_4152";"name_4152"
"057f12e9-3565-493f-92c4-1c79839d29e4";"bp_number_4153";"bp_type_4153";"name_4153"
"5e95c9d4-7239-44af-b043-a0f29255d536";"bp_number_4154";"bp_type_4154";"name_4154"
"eb7b750c-d411-4511-987b-5afb8df0496f";"bp_number_4155";"bp_type_4155";"name_4155"
"f88ce845-dae8-4a4c-a985-513fea45e1a9";"bp_number_4156";"bp_type_4156";"name_4156"
"bb38e535-30a6-4a53-b568-7c527b1c6299";"bp_number_4157";"bp_type_4157";"name_4157"
"8c114ba1-0a91-4bbc-8afa-8e4b306c95bd";"bp_number_4158";"bp_type_4158";"name_4158"
"205b7dd3-7d2e-40b2-ad29-7785a41c1a51";"bp_number_4159";"bp_type_4159";"name_4159"
"324bfe02-b03e-48cd-bfd1-3bc552c4bab3";"bp_number_4160";"bp_type_4160";"name_4160"
"2bcfb8f9-bb1b-465b-aead-0e94e8d569fb";"bp_number_4161";"bp_type_4161";"name_4161"
"ffa3b72c-bc4d-439b-bb39-8f7fdac413da";"bp_number_4162";"bp_type_4162";"name_4162"
"9d3bb434-44e9-479d-8571-a95edaa77ea6";"bp_number_4163";"bp_type_4163";"name_4163"
"9f6a029a-6be4-4f1c-9dbe-879fe6f121ce";"bp_number_4164";"bp_type_4164";"name_4164"
"f394a385-a161-46ec-8ce7-cb9bbe2d88d4";"bp_number_4165";"bp_type_4165";"name_4165"
"350cc1fb-0bc1-4a06-ad23-9ad49876d00c";"bp_number_4166";"bp_type_4166";"name_4166"
"b29a756f-21b2-4e36-80b3-66063d4bd7bd";"bp_number_4167";"bp_type_4167";"name_4167"
"5229cb3e-0ccc-4a56-9176-bf854775d68e";"bp_number_4168";"bp_type_4168";"name_4168"
"344599c0-2cff-4a1a-abfb-9bf362707cd5";"bp_number_4169";"bp_type_4169";"name_4169"
"958fad1b-adad-4e17-8ccc-46540c5d5194";"bp_number_4170";"bp_type_4170";"name_4170"
"7a39c590-4f73-422e-be96-91f534444173";"bp_number_4171";"bp_type_4171";"name_4171"
"ba1ab212-9371-4625-b985-d0b19de8d9c6";"bp_number_4172";"bp_type_4172";"name_4172"
"cfdd094d-9c39-4b19-8c76-384cd404e732";"bp_number_4173";"bp_type_4173";"name_4173"
"085a82d0-b6d4-4ff9-9b2c-1f2e697005c2";"bp_number_4174";"bp_type_4174";"name_4174"
"f94d8fdb-c6ca-45f4-8058-18ca10809563";"bp_number_4175";"bp_type_4175";"name_4175"
"64baea9d-3f18-40c7-a7b2-19c2294fa472";"bp_number_4176";"bp_type_4176";"name_4176"
"20a57ae1-c669-4f83-81ea-634afe7d2b0c";"bp_number_4177";"bp_type_4177";"name_4177"
"48520d67-0f2f-4adb-aaaf-f7e747c1ece4";"bp_number_4178";"bp_type_4178";"name_4178"
"90f65cb7-27b8-4cf7-a520-c10db9d447dc";"bp_number_4179";"bp_type_4179";"name_4179"
"27827e25-fdca-4f3b-af8b-8544e5e74396";"bp_number_4180";"bp_type_4180";"name_4180"
"cdc9b8bb-cbe8-4c86-8697-41f4cba53cab";"bp_number_4181";"bp_type_4181";"name_4181"
"f5f0f76d-b6af-433a-8d1f-ee91283d3417";"bp_number_4182";"bp_type_4182";"name_4182"
"3515d79b-649b-46a5-8ad3-6ec7e6c0c799";"bp_number_4183";"bp_type_4183";"name_4183"
"f0f684a4-23e3-40b4-ba02-0071c3be95c7";"bp_number_4184";"bp_type_4184";"name_4184"
"00e1c352-1bc3-461b-ad9a-2df5393975f5";"bp_number_4185";"bp_type_4185";"name_4185"
"e0383e3b-085d-4f0e-b7fe-9308a65d0370";"bp_number_4186";"bp_type_4186";"name_4186"
"7d824918-3e13-40a7-b446-7f67a00efe5a";"bp_number_4187";"bp_type_4187";"name_4187"
"3b0de509-4a6f-4550-88cf-2fd9292bfa8c";"bp_number_4188";"bp_type_4188";"name_4188"
"02ad0164-f18c-46c3-ad9e-d6350765e234";"bp_number_4189";"bp_type_4189";"name_4189"
"e9836613-8c43-4189-8fb7-6c3a059c5c6c";"bp_number_4190";"bp_type_4190";"name_4190"
"b4e0287c-e080-4908-97c3-9d68d5a2416d";"bp_number_4191";"bp_type_4191";"name_4191"
"4f1ebc17-3c3e-4ca1-a22d-27681ae508d1";"bp_number_4192";"bp_type_4192";"name_4192"
"e5fb297d-f4f5-480d-a687-9929bfeb1000";"bp_number_4193";"bp_type_4193";"name_4193"
"b718c61d-8471-45e8-9664-8fb3a7fa8c80";"bp_number_4194";"bp_type_4194";"name_4194"
"a59a91df-53a7-4a20-b585-aafb7c7317e6";"bp_number_4195";"bp_type_4195";"name_4195"
"b47ee0a2-f530-4ee2-8c7f-75c9a6d879cf";"bp_number_4196";"bp_type_4196";"name_4196"
"e892aedd-dec9-454a-9fe0-1836d9ae1b1f";"bp_number_4197";"bp_type_4197";"name_4197"
"b94632dc-1cae-4f81-aabf-b4fd7914dd70";"bp_number_4198";"bp_type_4198";"name_4198"
"a1215494-255e-4f80-93c3-cc680aa509e6";"bp_number_4199";"bp_type_4199";"name_4199"
"faa4d292-4fc4-492c-be61-03880d514c4c";"bp_number_4200";"bp_type_4200";"name_4200"
"fe7bb189-32da-4a31-b3de-aa9001130e9d";"bp_number_4201";"bp_type_4201";"name_4201"
"d3dbe640-5806-475c-8403-c3601ba9cda0";"bp_number_4202";"bp_type_4202";"name_4202"
"b8eb3f52-46fc-4000-8ffc-e0ae9d9b67c7";"bp_number_4203";"bp_type_4203";"name_4203"
"a64c37d3-52ad-4499-993e-c852f656c901";"bp_number_4204";"bp_type_4204";"name_4204"
"f68f4d83-7064-43d8-814c-8c8222c78f34";"bp_number_4205";"bp_type_4205";"name_4205"
"3e173887-3797-43d3-b2bc-c092b02394c1";"bp_number_4206";"bp_type_4206";"name_4206"
"a70c7a2c-20bd-4ce8-a431-d4745af83c6f";"bp_number_4207";"bp_type_4207";"name_4207"
"3ef9c9b9-8e46-47b8-b4a7-c1fc08ae497d";"bp_number_4208";"bp_type_4208";"name_4208"
"ff3f5838-2dae-4c60-aa0d-b3ce10999adc";"bp_number_4209";"bp_type_4209";"name_4209"
"4cf9d398-7d9e-46d0-a466-622005b17f40";"bp_number_4210";"bp_type_4210";"name_4210"
"36346e48-b91a-4764-9ef8-c40f57218e12";"bp_number_4211";"bp_type_4211";"name_4211"
"f52116a2-cc6e-41eb-a3ef-e78633924ed6";"bp_number_4212";"bp_type_4212";"name_4212"
"c7dbbd8c-f075-4f68-9638-46b9e7e670c6";"bp_number_4213";"bp_type_4213";"name_4213"
"338f7391-1aae-43e8-a681-89472ee23fca";"bp_number_4214";"bp_type_4214";"name_4214"
"3a38accc-3e5b-420f-a456-292ed0eeb98e";"bp_number_4215";"bp_type_4215";"name_4215"
"b5ced3e9-a806-4578-8288-6b135532dff7";"bp_number_4216";"bp_type_4216";"name_4216"
"d0835535-aa26-4c3f-894d-81229e369f69";"bp_number_4217";"bp_type_4217";"name_4217"
"e57f2d1f-7172-4e2a-b304-5faa109d9cec";"bp_number_4218";"bp_type_4218";"name_4218"
"fecbdb01-9849-4b31-9214-835f210d8554";"bp_number_4219";"bp_type_4219";"name_4219"
"7329ca8a-c3cf-401e-bb8d-25f0e0e455fd";"bp_number_4220";"bp_type_4220";"name_4220"
"fa7c3caf-ea2e-4af6-ba1a-69c03a18c6df";"bp_number_4221";"bp_type_4221";"name_4221"
"2504ff3c-fddd-4391-a295-f31c449c7b8d";"bp_number_4222";"bp_type_4222";"name_4222"
"2a7d7a52-6229-41d8-b307-47d3da13ca96";"bp_number_4223";"bp_type_4223";"name_4223"
"2b0c4dbc-a4b5-4e6e-8f1d-bcb6370a76f9";"bp_number_4224";"bp_type_4224";"name_4224"
"22db5973-cf79-4b7e-99ca-29cb9d799509";"bp_number_4225";"bp_type_4225";"name_4225"
"70ab3a1a-b130-4a83-89d4-32d0def2d814";"bp_number_4226";"bp_type_4226";"name_4226"
"e93c291e-77ca-4d1a-93a0-10b373765e7c";"bp_number_4227";"bp_type_4227";"name_4227"
"6e80544b-098c-4442-bf88-a5b4095fec42";"bp_number_4228";"bp_type_4228";"name_4228"
"3961554a-424a-4ba3-a584-f8b5d535e6d1";"bp_number_4229";"bp_type_4229";"name_4229"
"54f14b85-ece6-45ca-ba7e-5216ce914bda";"bp_number_4230";"bp_type_4230";"name_4230"
"9ddc1eff-bcc1-42af-b531-609ba8aa95e8";"bp_number_4231";"bp_type_4231";"name_4231"
"8d5ab0c5-8131-4496-a976-1f695b77333f";"bp_number_4232";"bp_type_4232";"name_4232"
"bec20ba3-46c9-4de3-9214-27d251e68cc7";"bp_number_4233";"bp_type_4233";"name_4233"
"113a7e2f-abcd-4928-a6f8-c491c3b44f6f";"bp_number_4234";"bp_type_4234";"name_4234"
"ae915598-9b15-4740-b11a-9dd1009a0096";"bp_number_4235";"bp_type_4235";"name_4235"
"5f6bb7bd-f675-444d-8f48-43f97aadd2bb";"bp_number_4236";"bp_type_4236";"name_4236"
"f03862dd-d583-43bd-a61a-c969948815a3";"bp_number_4237";"bp_type_4237";"name_4237"
"6fa6fb32-d49b-47f6-b28f-ad82b12fc613";"bp_number_4238";"bp_type_4238";"name_4238"
"09a88ce2-d37e-477d-bf3d-742ca8036fcc";"bp_number_4239";"bp_type_4239";"name_4239"
"6dec93ab-537f-48a8-b47f-40dde2356c44";"bp_number_4240";"bp_type_4240";"name_4240"
"4fbe7f06-ea4a-4557-9e1b-35541e475ea3";"bp_number_4241";"bp_type_4241";"name_4241"
"a7a64142-fc1b-4969-b07a-9a610f8bed97";"bp_number_4242";"bp_type_4242";"name_4242"
"dec919d6-af1a-4d48-b986-379158df8ba7";"bp_number_4243";"bp_type_4243";"name_4243"
"bf91fb9f-8ab1-47ee-9654-7b9721582b06";"bp_number_4244";"bp_type_4244";"name_4244"
"494f967c-8608-4b32-a771-842e46606f87";"bp_number_4245";"bp_type_4245";"name_4245"
"afee0b67-7c9a-42ee-a9e9-0fd8afd479bd";"bp_number_4246";"bp_type_4246";"name_4246"
"2e387d24-ae3e-45e4-9403-11a2124a0e79";"bp_number_4247";"bp_type_4247";"name_4247"
"59da5e4e-2eec-4e9c-b5c7-c124326e9acc";"bp_number_4248";"bp_type_4248";"name_4248"
"a4967a40-df3e-40d8-9cd9-f31267fb045f";"bp_number_4249";"bp_type_4249";"name_4249"
"abd97b47-7653-4b17-8769-56c6164f470b";"bp_number_4250";"bp_type_4250";"name_4250"
"31fefebf-c6be-42ff-85f4-3f387c1d4b81";"bp_number_4251";"bp_type_4251";"name_4251"
"b6e80717-f1e5-4230-ab14-26d5faa7e7de";"bp_number_4252";"bp_type_4252";"name_4252"
"39b275c8-6fbc-45cc-a189-b84e7689660c";"bp_number_4253";"bp_type_4253";"name_4253"
"f02f9ff0-f99a-4e83-b8e4-16e9ab7be6a3";"bp_number_4254";"bp_type_4254";"name_4254"
"7c463854-3ed1-4ab3-9281-e7221f8e76df";"bp_number_4255";"bp_type_4255";"name_4255"
"7bb782d0-0336-4a6e-991d-84e4894e1d03";"bp_number_4256";"bp_type_4256";"name_4256"
"60fe62b2-a50a-47a0-b2ab-e06836c6eb77";"bp_number_4257";"bp_type_4257";"name_4257"
"d5cde638-ac7f-4ad5-bf65-6cd95b27813f";"bp_number_4258";"bp_type_4258";"name_4258"
"cdf028ae-eb7d-45a7-943d-287178a7750b";"bp_number_4259";"bp_type_4259";"name_4259"
"a62e5e9d-d8d3-4df3-82bc-e9dfd71dab0d";"bp_number_4260";"bp_type_4260";"name_4260"
"76c0f2e6-fbce-497c-9ffd-d7e47f6f560f";"bp_number_4261";"bp_type_4261";"name_4261"
"f7617bf9-9313-4078-bde6-9e1ad24ec290";"bp_number_4262";"bp_type_4262";"name_4262"
"e812a4d5-2f20-4be1-911e-95a4bad6ab33";"bp_number_4263";"bp_type_4263";"name_4263"
"4dd225b2-cb77-469e-b92b-9c81fa1360ac";"bp_number_4264";"bp_type_4264";"name_4264"
"79a1c233-c70a-494e-aa0d-1fb6385a6856";"bp_number_4265";"bp_type_4265";"name_4265"
"50f30cd9-612e-47bd-8e34-36d79d163806";"bp_number_4266";"bp_type_4266";"name_4266"
"ac419abe-d640-452a-9d19-b1772ae4dfe9";"bp_number_4267";"bp_type_4267";"name_4267"
"d7e9138b-0fbb-4b3e-9584-7aeed3c300ce";"bp_number_4268";"bp_type_4268";"name_4268"
"81f03155-9344-4ec3-9a08-467867238dd9";"bp_number_4269";"bp_type_4269";"name_4269"
"21952fbe-016d-4d00-a81c-de0773f4288b";"bp_number_4270";"bp_type_4270";"name_4270"
"801e6130-954b-4247-907c-d8125d4f2580";"bp_number_4271";"bp_type_4271";"name_4271"
"6fa59923-dd6c-4297-8274-e70af3f27648";"bp_number_4272";"bp_type_4272";"name_4272"
"f50fcfc1-bfe3-4c90-a947-242903e99acd";"bp_number_4273";"bp_type_4273";"name_4273"
"4a469fcf-5600-420b-8135-be11a0691b93";"bp_number_4274";"bp_type_4274";"name_4274"
"c9905740-b9e1-4ee4-8071-555ac3eb59c4";"bp_number_4275";"bp_type_4275";"name_4275"
"3eb91025-d2cd-4ae1-9204-0af97b3a72e9";"bp_number_4276";"bp_type_4276";"name_4276"
"226b638a-45b6-49f7-a0ba-d47f860f2f5c";"bp_number_4277";"bp_type_4277";"name_4277"
"64a0877c-c42e-4ba4-9832-1b561180b66b";"bp_number_4278";"bp_type_4278";"name_4278"
"e7d9a004-b6c8-48c4-9170-7f09931f5c53";"bp_number_4279";"bp_type_4279";"name_4279"
"710cd6b8-1153-497d-91f1-f20b5c695534";"bp_number_4280";"bp_type_4280";"name_4280"
"6e6c1bef-e588-4ad7-bfda-fade25b9bc8f";"bp_number_4281";"bp_type_4281";"name_4281"
"0a01d46a-21b5-480b-8820-bf126a81034b";"bp_number_4282";"bp_type_4282";"name_4282"
"7ff5ae45-6351-403a-b5f7-02d3f8eb92b5";"bp_number_4283";"bp_type_4283";"name_4283"
"5728bc9a-6b85-4b6a-9ea3-236f91b4db7e";"bp_number_4284";"bp_type_4284";"name_4284"
"e465c792-3397-4da1-8c51-d0a8bb2bfe07";"bp_number_4285";"bp_type_4285";"name_4285"
"017a158a-74c8-4fef-a2cb-0f5589e9d16c";"bp_number_4286";"bp_type_4286";"name_4286"
"2e3f666f-5656-4166-9b1a-8aed41010f51";"bp_number_4287";"bp_type_4287";"name_4287"
"5e9f4ee9-e832-45c7-96f0-429b76673990";"bp_number_4288";"bp_type_4288";"name_4288"
"d394add1-fed8-41db-9212-7c91b721d1da";"bp_number_4289";"bp_type_4289";"name_4289"
"313e1a1a-b33d-40d3-a6d2-0fbb0440d567";"bp_number_4290";"bp_type_4290";"name_4290"
"e9df4d96-82f7-4886-a24f-ed87ce892eea";"bp_number_4291";"bp_type_4291";"name_4291"
"5396662d-34ee-452f-87ee-60f30ffbfac4";"bp_number_4292";"bp_type_4292";"name_4292"
"505ea254-0fa7-4d29-85a6-1d1bd49db0f2";"bp_number_4293";"bp_type_4293";"name_4293"
"3d78562a-0667-4e11-9fc5-5fe8cb3afbf7";"bp_number_4294";"bp_type_4294";"name_4294"
"db77dac2-713b-448d-94c7-1e8ca9a0dbf7";"bp_number_4295";"bp_type_4295";"name_4295"
"d24808fa-6bfa-4790-9238-1c703082c095";"bp_number_4296";"bp_type_4296";"name_4296"
"5aa8d679-51da-4e66-820f-c0b2116615ff";"bp_number_4297";"bp_type_4297";"name_4297"
"54e97174-d55f-4550-84c2-bd5099c06d7d";"bp_number_4298";"bp_type_4298";"name_4298"
"27e38e56-daf6-4f04-b5b3-a31d8bcf43f2";"bp_number_4299";"bp_type_4299";"name_4299"
"eb54906d-6f75-4645-a468-c541b5dae713";"bp_number_4300";"bp_type_4300";"name_4300"
"7ffb4da4-fb8b-4802-9a15-b085fc1dde01";"bp_number_4301";"bp_type_4301";"name_4301"
"fac6d772-db5e-48be-a9d4-482cb5ac3c6e";"bp_number_4302";"bp_type_4302";"name_4302"
"ce004127-a1b1-4956-8dac-5db4b8dbd506";"bp_number_4303";"bp_type_4303";"name_4303"
"3e619bcb-4b9a-4c00-a386-a4b4f9c2a5d4";"bp_number_4304";"bp_type_4304";"name_4304"
"934df005-fd20-44d0-b4e9-72613397949e";"bp_number_4305";"bp_type_4305";"name_4305"
"3b166f74-cfab-4468-bb5a-7ae224a6a727";"bp_number_4306";"bp_type_4306";"name_4306"
"93ebc86f-ca77-4002-b6d0-9a4cefd143a9";"bp_number_4307";"bp_type_4307";"name_4307"
"ac18b3e8-f96e-4265-a653-90538e4d766a";"bp_number_4308";"bp_type_4308";"name_4308"
"461b464f-4c5a-4696-898b-102d3c24b4c3";"bp_number_4309";"bp_type_4309";"name_4309"
"8981d832-3b0d-43ef-8055-0ce4d6064ec2";"bp_number_4310";"bp_type_4310";"name_4310"
"b57f4779-d075-458d-a185-bb6d24934f9b";"bp_number_4311";"bp_type_4311";"name_4311"
"1d03f2f1-1caf-4bcb-8ed3-233034ae412d";"bp_number_4312";"bp_type_4312";"name_4312"
"12c078a6-11cc-435f-9bb7-c120813e2ee5";"bp_number_4313";"bp_type_4313";"name_4313"
"7f088fd0-d05c-4fb9-885a-799251ede8b2";"bp_number_4314";"bp_type_4314";"name_4314"
"688369a7-c6c3-44ec-bb94-0d847e09cf04";"bp_number_4315";"bp_type_4315";"name_4315"
"20feba71-9cdd-4ef5-a045-62d26e15c5b5";"bp_number_4316";"bp_type_4316";"name_4316"
"4f310338-7cf8-4c43-9dfb-552d10d4b219";"bp_number_4317";"bp_type_4317";"name_4317"
"2b8665ea-8d3c-4494-825b-f848b09b4747";"bp_number_4318";"bp_type_4318";"name_4318"
"8ceeab19-af64-4d2a-af2f-8f960b215822";"bp_number_4319";"bp_type_4319";"name_4319"
"ad2cfba0-97be-4d51-bf41-ad439357d610";"bp_number_4320";"bp_type_4320";"name_4320"
"f4505097-24f6-42c6-b79d-deedfba61c4a";"bp_number_4321";"bp_type_4321";"name_4321"
"d31344c4-8170-4833-9a7d-d766839bb32b";"bp_number_4322";"bp_type_4322";"name_4322"
"5c161507-62e1-40d4-8bae-119418b46803";"bp_number_4323";"bp_type_4323";"name_4323"
"e66875bd-83da-4db2-9b30-f898a55e1041";"bp_number_4324";"bp_type_4324";"name_4324"
"a6bbc57f-c2ab-4a44-bbb9-cf892bf7cf24";"bp_number_4325";"bp_type_4325";"name_4325"
"b82a3435-1ccf-4d16-8705-32fb68b45d9e";"bp_number_4326";"bp_type_4326";"name_4326"
"57e750ba-31fd-4904-87fe-27b20de47c06";"bp_number_4327";"bp_type_4327";"name_4327"
"302d9eb1-d783-4dfe-9ff0-4ac6984ac5cd";"bp_number_4328";"bp_type_4328";"name_4328"
"d7a2b8b7-0750-436d-98f0-92bc7663cc3f";"bp_number_4329";"bp_type_4329";"name_4329"
"87b8100d-a521-46ad-b160-462081068eff";"bp_number_4330";"bp_type_4330";"name_4330"
"99317d3f-ffc1-4f6e-b7ad-a44641f99ac3";"bp_number_4331";"bp_type_4331";"name_4331"
"0eee3d2e-d539-4f2b-8c5c-3df6b8ad67be";"bp_number_4332";"bp_type_4332";"name_4332"
"9a9ba72a-575d-4883-a660-42856436fd48";"bp_number_4333";"bp_type_4333";"name_4333"
"2902f4ec-4ab2-4bbd-8a0b-c0f81560d79c";"bp_number_4334";"bp_type_4334";"name_4334"
"257b8262-94c5-426f-af94-c1fd400acd36";"bp_number_4335";"bp_type_4335";"name_4335"
"7e4975d8-28e0-488c-a5b8-647f6e5807ae";"bp_number_4336";"bp_type_4336";"name_4336"
"53ec9732-72a4-4ea2-b079-561df0fad64b";"bp_number_4337";"bp_type_4337";"name_4337"
"129c749a-e694-457a-8ec6-211be34843bc";"bp_number_4338";"bp_type_4338";"name_4338"
"8ea05c70-5ede-4040-81bc-13cb8fc6a59b";"bp_number_4339";"bp_type_4339";"name_4339"
"50f88acf-53fe-4e80-aa40-61a9bea8e812";"bp_number_4340";"bp_type_4340";"name_4340"
"bb3f41ce-b6d9-4b50-97aa-d4fd75f5f0d4";"bp_number_4341";"bp_type_4341";"name_4341"
"f974ffdf-b4a1-4a79-9e35-5cb24ee47c76";"bp_number_4342";"bp_type_4342";"name_4342"
"9229b40f-d370-498b-a55e-0d3c81112e6a";"bp_number_4343";"bp_type_4343";"name_4343"
"76610b85-2d34-4e14-ab51-15ad847be9f1";"bp_number_4344";"bp_type_4344";"name_4344"
"072bb26c-647e-4e67-b591-ef81824d72a9";"bp_number_4345";"bp_type_4345";"name_4345"
"6107bffc-f953-4558-a17b-c72427277e93";"bp_number_4346";"bp_type_4346";"name_4346"
"cce53a4b-0acc-42e4-9eb6-4bd698c66629";"bp_number_4347";"bp_type_4347";"name_4347"
"0a58c9d4-81e1-4584-8d17-3dc54baec323";"bp_number_4348";"bp_type_4348";"name_4348"
"0f9ecf3e-b840-4657-b49d-0f718b8c2d81";"bp_number_4349";"bp_type_4349";"name_4349"
"e4f4f388-2319-4346-bae7-098a23351184";"bp_number_4350";"bp_type_4350";"name_4350"
"fe9c4170-61c7-4e8d-9687-5552471ba1b8";"bp_number_4351";"bp_type_4351";"name_4351"
"de0dd2ad-0f57-4e00-aec5-3b5de975d1a4";"bp_number_4352";"bp_type_4352";"name_4352"
"434e24f0-def0-4347-b847-f1f662ebbe8d";"bp_number_4353";"bp_type_4353";"name_4353"
"78a4eb06-ed06-4d38-9ccf-979bca6ef5ca";"bp_number_4354";"bp_type_4354";"name_4354"
"77eb68db-5a9d-4e3e-a69d-708d90aad91c";"bp_number_4355";"bp_type_4355";"name_4355"
"6301c6e1-7aff-4a6f-9747-3bf84e89d2ba";"bp_number_4356";"bp_type_4356";"name_4356"
"94a8d1ba-9135-4005-b30c-366de7cf997f";"bp_number_4357";"bp_type_4357";"name_4357"
"1ae15983-e864-4bd6-8345-75271c9f86b8";"bp_number_4358";"bp_type_4358";"name_4358"
"ad0ea00f-8fd4-49b1-8169-8f7f0514a820";"bp_number_4359";"bp_type_4359";"name_4359"
"d830404a-b3ae-45f9-a380-3d9ce57bb546";"bp_number_4360";"bp_type_4360";"name_4360"
"d095fd1f-6927-4eb8-a41b-f44f823ed2cf";"bp_number_4361";"bp_type_4361";"name_4361"
"4538555f-a129-42ab-af2e-eab2818cdd63";"bp_number_4362";"bp_type_4362";"name_4362"
"9ef80b17-6dea-4010-b6c7-69abff5ca07a";"bp_number_4363";"bp_type_4363";"name_4363"
"838854de-5898-4bd1-907c-7c82c6b480b0";"bp_number_4364";"bp_type_4364";"name_4364"
"391127dc-63ce-4d27-b886-98560f43de5d";"bp_number_4365";"bp_type_4365";"name_4365"
"fc404a06-5762-4c82-bc43-a4f8cde7d9c9";"bp_number_4366";"bp_type_4366";"name_4366"
"74476dfa-b4e4-46cd-b835-107c6c2d36c8";"bp_number_4367";"bp_type_4367";"name_4367"
"9ea93c55-5a62-4ead-8539-1ec1e27a6909";"bp_number_4368";"bp_type_4368";"name_4368"
"7fe95348-345f-40b9-94d9-7eacbd08b62e";"bp_number_4369";"bp_type_4369";"name_4369"
"0c8094fb-8a99-4794-a7e8-acc8a6080d6d";"bp_number_4370";"bp_type_4370";"name_4370"
"96158356-afd2-4662-b92a-678882e84f1d";"bp_number_4371";"bp_type_4371";"name_4371"
"f947055d-fa99-46b0-a042-65f5034c2893";"bp_number_4372";"bp_type_4372";"name_4372"
"e71bb9a1-73bb-4886-af9b-d25f3c926e88";"bp_number_4373";"bp_type_4373";"name_4373"
"ede5fd82-4da8-4ba3-868e-f2893a041052";"bp_number_4374";"bp_type_4374";"name_4374"
"3051a892-d62b-4829-86eb-397dbd646c06";"bp_number_4375";"bp_type_4375";"name_4375"
"8bb45dc3-a3a0-4100-acdb-13bebf1d5a14";"bp_number_4376";"bp_type_4376";"name_4376"
"55ec72a3-727c-4c8a-bbb6-11b7db00a68a";"bp_number_4377";"bp_type_4377";"name_4377"
"baabb082-8832-4a0e-9578-45a1399f847c";"bp_number_4378";"bp_type_4378";"name_4378"
"e106ce22-e292-4faf-bb70-9a28039e1b13";"bp_number_4379";"bp_type_4379";"name_4379"
"9af9e5ec-bbfc-418a-ad09-3add88561e74";"bp_number_4380";"bp_type_4380";"name_4380"
"a8273ecb-01c2-4017-a916-c1c75a45d8cb";"bp_number_4381";"bp_type_4381";"name_4381"
"222db967-1489-4d6e-8d99-bb29e83e7867";"bp_number_4382";"bp_type_4382";"name_4382"
"b0266929-338f-468f-abfe-1eb7b864b10e";"bp_number_4383";"bp_type_4383";"name_4383"
"5a46ed63-bcb0-452f-b7f1-519cee3c584e";"bp_number_4384";"bp_type_4384";"name_4384"
"4d33e4d0-8415-4e9e-a4b6-d42b2e7f8a25";"bp_number_4385";"bp_type_4385";"name_4385"
"f10fab07-a30d-45fa-9dd6-778dceec443b";"bp_number_4386";"bp_type_4386";"name_4386"
"8fd793fe-124f-498e-9fe9-791b6444a8ff";"bp_number_4387";"bp_type_4387";"name_4387"
"ddfc40dc-f5cd-493c-9783-71d9af242fee";"bp_number_4388";"bp_type_4388";"name_4388"
"fbacb61e-bc54-44e6-8a01-4dbaf2921c78";"bp_number_4389";"bp_type_4389";"name_4389"
"d264fc6a-3e34-42a0-8fdf-0ed9d2d37f00";"bp_number_4390";"bp_type_4390";"name_4390"
"307082a5-228c-4b79-ba69-fa659db3d9f0";"bp_number_4391";"bp_type_4391";"name_4391"
"e2472630-79ba-4829-943c-4adab17e17dd";"bp_number_4392";"bp_type_4392";"name_4392"
"0ebddc29-0794-4f0d-8282-0ee1f963d978";"bp_number_4393";"bp_type_4393";"name_4393"
"a07a301f-ce58-4160-b168-bb882655093b";"bp_number_4394";"bp_type_4394";"name_4394"
"7c0e4ee1-b256-4afe-b845-0c1b29152947";"bp_number_4395";"bp_type_4395";"name_4395"
"fae39b9d-785a-4bc5-8d82-104c4931b036";"bp_number_4396";"bp_type_4396";"name_4396"
"4331a724-cb92-4d08-9891-3aeb2a54a6ba";"bp_number_4397";"bp_type_4397";"name_4397"
"0eaba673-3ca7-4cb2-a281-5df39b086f2e";"bp_number_4398";"bp_type_4398";"name_4398"
"d0c28737-9225-40e9-bcd7-b6320be68030";"bp_number_4399";"bp_type_4399";"name_4399"
"cd00fb8b-ccfd-4ca7-a7a3-b52928cf5fee";"bp_number_4400";"bp_type_4400";"name_4400"
"1981aeba-644b-405b-bb98-69f0b179cd8b";"bp_number_4401";"bp_type_4401";"name_4401"
"41423341-07a1-498d-b1b9-15ba4949c1e2";"bp_number_4402";"bp_type_4402";"name_4402"
"bf230680-2a19-4943-b00e-d93a5399db01";"bp_number_4403";"bp_type_4403";"name_4403"
"aee15095-54be-41ee-a553-c2b828764390";"bp_number_4404";"bp_type_4404";"name_4404"
"9a8e5ea8-0d9f-4a38-90b1-2cc58bd72ffb";"bp_number_4405";"bp_type_4405";"name_4405"
"8bb22945-e3d6-4b0b-9322-d7b49be5eea8";"bp_number_4406";"bp_type_4406";"name_4406"
"a0bb632e-ce61-41e7-9008-f87356a5fda9";"bp_number_4407";"bp_type_4407";"name_4407"
"a6d86a85-829f-4212-b7d8-1f1f26b8577b";"bp_number_4408";"bp_type_4408";"name_4408"
"db618553-0a46-413c-a9ac-728317521c06";"bp_number_4409";"bp_type_4409";"name_4409"
"81ac8971-770d-408b-81a3-07c177d13405";"bp_number_4410";"bp_type_4410";"name_4410"
"07bc5c22-f4be-44ca-bc9b-65341013d9b6";"bp_number_4411";"bp_type_4411";"name_4411"
"6020bd9b-a4fd-45b9-b3ff-9a981cbe8528";"bp_number_4412";"bp_type_4412";"name_4412"
"a23e6121-efb8-4bf2-9457-e7c1a4f514b0";"bp_number_4413";"bp_type_4413";"name_4413"
"70f0e449-97d5-4e64-81d6-441ceb998d8d";"bp_number_4414";"bp_type_4414";"name_4414"
"21c4e6fd-64e7-4290-9982-510df919c22c";"bp_number_4415";"bp_type_4415";"name_4415"
"33d8ff98-5a8c-4fdb-b6dc-f6122caecd2f";"bp_number_4416";"bp_type_4416";"name_4416"
"452e3447-22da-4f49-8239-0f38b35edd70";"bp_number_4417";"bp_type_4417";"name_4417"
"e9e2a0f6-cdbc-4599-900e-3942e61b8c69";"bp_number_4418";"bp_type_4418";"name_4418"
"3735c203-6bba-45f3-82e7-0f13a81d429b";"bp_number_4419";"bp_type_4419";"name_4419"
"f9d36b3c-6564-4b03-8432-424def696306";"bp_number_4420";"bp_type_4420";"name_4420"
"25b05fb3-ef5b-408e-81c5-30a76a74125a";"bp_number_4421";"bp_type_4421";"name_4421"
"ebc92f87-250a-4885-a655-7f16989556b2";"bp_number_4422";"bp_type_4422";"name_4422"
"ca30526e-706f-41ac-8114-6efc3ba47bc5";"bp_number_4423";"bp_type_4423";"name_4423"
"e3191d3a-4be8-44db-8a39-2e26ea9a2f08";"bp_number_4424";"bp_type_4424";"name_4424"
"f4b5c943-8880-4989-b1a4-c286dee9de19";"bp_number_4425";"bp_type_4425";"name_4425"
"9650fe2f-007b-4686-95ef-fd299b2f18a3";"bp_number_4426";"bp_type_4426";"name_4426"
"122dad14-a87f-451f-a76a-5d1dab21c65e";"bp_number_4427";"bp_type_4427";"name_4427"
"018f7229-92ba-4d39-99a8-6e7dbcb17b84";"bp_number_4428";"bp_type_4428";"name_4428"
"5d0cc718-80f5-443e-afd2-972da71dce59";"bp_number_4429";"bp_type_4429";"name_4429"
"81cdc5f8-0a21-4b21-8baf-e4928620dafb";"bp_number_4430";"bp_type_4430";"name_4430"
"68b72865-e80a-48a4-822e-40d314da9ea9";"bp_number_4431";"bp_type_4431";"name_4431"
"9f620ae0-2a00-41f7-a3ea-eb2624c09b29";"bp_number_4432";"bp_type_4432";"name_4432"
"fc808cf9-ac30-4a16-a995-e52f1327587a";"bp_number_4433";"bp_type_4433";"name_4433"
"f120509a-d83c-49b8-b654-df60e949269b";"bp_number_4434";"bp_type_4434";"name_4434"
"b2f9eac2-d19f-4767-a866-3d5b1d6832a1";"bp_number_4435";"bp_type_4435";"name_4435"
"0703e7c8-b60a-46ee-a04a-3454f3f01b48";"bp_number_4436";"bp_type_4436";"name_4436"
"f774b522-b6c5-4e98-94ff-fbdbfcdffa43";"bp_number_4437";"bp_type_4437";"name_4437"
"7ee800f8-d48c-4105-a2b2-8af473e03374";"bp_number_4438";"bp_type_4438";"name_4438"
"8a0dd3dd-f714-4ac7-960c-f854d8ae8c90";"bp_number_4439";"bp_type_4439";"name_4439"
"6989bdf3-4cae-406b-a54a-028976e0fe47";"bp_number_4440";"bp_type_4440";"name_4440"
"13bc766a-50c1-4a7a-a7a1-56b3fce6a155";"bp_number_4441";"bp_type_4441";"name_4441"
"d250fbda-9cf5-4c64-9c74-1acec859788a";"bp_number_4442";"bp_type_4442";"name_4442"
"5b8f1e79-eafa-4df0-a506-0ce7b383bbf9";"bp_number_4443";"bp_type_4443";"name_4443"
"fa0f8ef1-26a5-475b-910b-dc1e5b26b095";"bp_number_4444";"bp_type_4444";"name_4444"
"090991f3-ca30-4fd8-9508-8cfa8862b3f2";"bp_number_4445";"bp_type_4445";"name_4445"
"698fcf2d-31dd-4fab-bc1f-342099e75f7a";"bp_number_4446";"bp_type_4446";"name_4446"
"09b20a3e-42e9-4b0a-996a-dcb2154dd5d5";"bp_number_4447";"bp_type_4447";"name_4447"
"b0bc3326-38ab-4555-8f4c-3d74eb5a6398";"bp_number_4448";"bp_type_4448";"name_4448"
"312e9a15-7da2-4e80-95a4-cd61c353795c";"bp_number_4449";"bp_type_4449";"name_4449"
"a4415b83-e028-434e-b7b1-de2e4999568e";"bp_number_4450";"bp_type_4450";"name_4450"
"4b47b767-101e-4c8c-b92b-7eca166cd836";"bp_number_4451";"bp_type_4451";"name_4451"
"8f8073c6-3826-4453-8e8f-fb1a23076fb1";"bp_number_4452";"bp_type_4452";"name_4452"
"69e6628f-7cc9-4a24-9f20-05b9f3083fec";"bp_number_4453";"bp_type_4453";"name_4453"
"7e5a043a-8998-44eb-8e47-455d4ef9cbfc";"bp_number_4454";"bp_type_4454";"name_4454"
"5e5ed94b-9b99-4e89-aa86-fe6f5e051e3b";"bp_number_4455";"bp_type_4455";"name_4455"
"25e927df-24c9-4682-9da8-22a6f36f5968";"bp_number_4456";"bp_type_4456";"name_4456"
"c945b311-fd1e-47f5-b973-95b3e99e7ac8";"bp_number_4457";"bp_type_4457";"name_4457"
"497ad5c4-6f08-40fa-85eb-56d6392f9ef1";"bp_number_4458";"bp_type_4458";"name_4458"
"d9f08cbd-1f6b-479c-8b3c-8f72b98e0a9a";"bp_number_4459";"bp_type_4459";"name_4459"
"92e6c309-d776-43ed-bf43-4b2a28bb473e";"bp_number_4460";"bp_type_4460";"name_4460"
"06261d94-e528-4ceb-9bcf-10f23c6413d9";"bp_number_4461";"bp_type_4461";"name_4461"
"70d1dc73-6c9c-4620-b4db-b02a75a67fe6";"bp_number_4462";"bp_type_4462";"name_4462"
"b7e12a9d-ad1e-4f71-a830-85a0b709ed9d";"bp_number_4463";"bp_type_4463";"name_4463"
"ed00bd49-28ca-4768-96c8-10ef3b15484b";"bp_number_4464";"bp_type_4464";"name_4464"
"b43b554c-206d-4e3e-92a3-f17332cccc80";"bp_number_4465";"bp_type_4465";"name_4465"
"5d46d7cc-f5da-4ced-bc2d-ebb82051e246";"bp_number_4466";"bp_type_4466";"name_4466"
"a780c33c-2f52-4411-a284-c0aee102af2d";"bp_number_4467";"bp_type_4467";"name_4467"
"99fb9ce8-88d8-404c-b6ae-67d7d455fca5";"bp_number_4468";"bp_type_4468";"name_4468"
"1ef6dd7e-55a3-413e-aefc-9cba87e364f6";"bp_number_4469";"bp_type_4469";"name_4469"
"a5706b9b-bf5b-4d7f-a64d-0e61bec0ddaf";"bp_number_4470";"bp_type_4470";"name_4470"
"10541666-9b0e-4bf5-8e5d-8a4563ab909b";"bp_number_4471";"bp_type_4471";"name_4471"
"eb813782-bffd-4771-afe4-0f6006fd9b4d";"bp_number_4472";"bp_type_4472";"name_4472"
"a258fbff-6de7-41a9-bd70-0c20623074ba";"bp_number_4473";"bp_type_4473";"name_4473"
"cda6acf4-a359-48fa-977f-d8429b0cc920";"bp_number_4474";"bp_type_4474";"name_4474"
"38bda7af-4c60-4dfc-b8e7-cbdd388c9b80";"bp_number_4475";"bp_type_4475";"name_4475"
"6472c27d-815b-4007-8f9e-99f0a2149be6";"bp_number_4476";"bp_type_4476";"name_4476"
"a7ec2bdb-75ee-45fc-9c5d-78b1ad10b0b7";"bp_number_4477";"bp_type_4477";"name_4477"
"80b509e1-ab84-4fbb-8e20-c88d18437f17";"bp_number_4478";"bp_type_4478";"name_4478"
"a28d3cf1-b470-435b-840d-a00467e50fb7";"bp_number_4479";"bp_type_4479";"name_4479"
"292d09e2-78f7-480f-a82c-4087724c727b";"bp_number_4480";"bp_type_4480";"name_4480"
"4403f5fe-7c18-4e35-bcab-4c26205a2a5c";"bp_number_4481";"bp_type_4481";"name_4481"
"355732eb-e890-449b-b48f-45eaeeb52a1f";"bp_number_4482";"bp_type_4482";"name_4482"
"dfc31663-9a75-4a29-a649-867cb10d912e";"bp_number_4483";"bp_type_4483";"name_4483"
"57b4fa86-9a42-441b-9880-fd4b1005db87";"bp_number_4484";"bp_type_4484";"name_4484"
"08d0ef53-c81b-4fa7-ad51-005e7283ce4d";"bp_number_4485";"bp_type_4485";"name_4485"
"1a11c249-90b7-4945-8cd5-c708118c90cc";"bp_number_4486";"bp_type_4486";"name_4486"
"87b7c4ad-b9d7-4bc9-b178-3fa7d8082954";"bp_number_4487";"bp_type_4487";"name_4487"
"16315de9-e0fe-4658-a810-3f37a99333bf";"bp_number_4488";"bp_type_4488";"name_4488"
"6adefa02-c59f-44fc-803a-3ddf53b44d80";"bp_number_4489";"bp_type_4489";"name_4489"
"9e49df30-15c5-49e7-8246-dfa1fc9d6093";"bp_number_4490";"bp_type_4490";"name_4490"
"00c45fc0-9c3a-4757-b84c-b71cc9357a76";"bp_number_4491";"bp_type_4491";"name_4491"
"f283c028-3ed3-41ba-80ca-8da1e5b68f7e";"bp_number_4492";"bp_type_4492";"name_4492"
"d6025c50-9b87-4c29-bd0c-d45898a2c43f";"bp_number_4493";"bp_type_4493";"name_4493"
"c5fc1a07-8f39-4369-b922-9ae1e1db760d";"bp_number_4494";"bp_type_4494";"name_4494"
"5ce803d4-e8d5-4d91-8994-90f79b6f4310";"bp_number_4495";"bp_type_4495";"name_4495"
"1dfa548c-8f70-4d6e-8945-18e29ab2ed61";"bp_number_4496";"bp_type_4496";"name_4496"
"c6fc6a3c-2ea8-4c68-85b2-473b336f7eef";"bp_number_4497";"bp_type_4497";"name_4497"
"e1355d94-e2ed-448f-8f18-f925dae172bf";"bp_number_4498";"bp_type_4498";"name_4498"
"f3602f59-1ce7-49d2-ae88-7cd05d55b159";"bp_number_4499";"bp_type_4499";"name_4499"
"9f4ddb8c-5527-43fe-98ad-b049c8bd8d7e";"bp_number_4500";"bp_type_4500";"name_4500"
"ba437b29-9d99-4a25-af9a-5af352156570";"bp_number_4501";"bp_type_4501";"name_4501"
"b10d8bc7-adab-4e0a-8415-56a9bf3b7ee7";"bp_number_4502";"bp_type_4502";"name_4502"
"bf8f5ad4-a93d-4063-83fe-da75279e2069";"bp_number_4503";"bp_type_4503";"name_4503"
"a2bf0c44-aa52-4da6-b942-8c53cd2d872f";"bp_number_4504";"bp_type_4504";"name_4504"
"6ff15a1d-2d14-4809-9905-5e4e72ce8c95";"bp_number_4505";"bp_type_4505";"name_4505"
"75aee48e-4400-47bc-a3d7-e92ba3e1715a";"bp_number_4506";"bp_type_4506";"name_4506"
"c8f69b39-6463-459d-aad0-5b188e624d48";"bp_number_4507";"bp_type_4507";"name_4507"
"e0275668-5fc3-46d5-90aa-18b8b4c2c44e";"bp_number_4508";"bp_type_4508";"name_4508"
"cde4c431-d36d-46a0-ae34-002863e2cec4";"bp_number_4509";"bp_type_4509";"name_4509"
"23cc1f82-3754-4c34-ac83-11ab93803fb4";"bp_number_4510";"bp_type_4510";"name_4510"
"4fc61ab4-9ed0-479c-8e1f-4b958cbf18dd";"bp_number_4511";"bp_type_4511";"name_4511"
"f90e1eb0-a78c-47a2-87af-e1b8d14b7bdc";"bp_number_4512";"bp_type_4512";"name_4512"
"f6ec48d5-d755-4ce1-ac56-fe3ba1e748e7";"bp_number_4513";"bp_type_4513";"name_4513"
"f19ff1d6-cd97-42d2-97b7-5867a2292a8e";"bp_number_4514";"bp_type_4514";"name_4514"
"35b03170-63ab-4bce-bf50-be6baf131626";"bp_number_4515";"bp_type_4515";"name_4515"
"c9aec72d-887e-4fba-a377-bf6e75bbe043";"bp_number_4516";"bp_type_4516";"name_4516"
"ac770b2f-4ff1-4655-be0b-85e5ef34c885";"bp_number_4517";"bp_type_4517";"name_4517"
"e803ca15-1489-4273-96f0-22a4bca5b6df";"bp_number_4518";"bp_type_4518";"name_4518"
"7df593a9-bf2d-47b9-a12a-344ace3e9e8e";"bp_number_4519";"bp_type_4519";"name_4519"
"4122065c-f164-4106-9577-dcf9a4d34853";"bp_number_4520";"bp_type_4520";"name_4520"
"166ac1bf-20d6-447c-bf9e-71a2e5515bcf";"bp_number_4521";"bp_type_4521";"name_4521"
"81330108-e3e4-4735-abfe-6c106b117076";"bp_number_4522";"bp_type_4522";"name_4522"
"8a5e0459-5ec1-4071-bf2a-510bb973644f";"bp_number_4523";"bp_type_4523";"name_4523"
"3cc35308-6cbd-4831-a710-3e7eae445f06";"bp_number_4524";"bp_type_4524";"name_4524"
"537af86a-d35c-479d-a014-dd6dd2f679aa";"bp_number_4525";"bp_type_4525";"name_4525"
"a64b65d9-041d-44da-949d-14a03c0b585f";"bp_number_4526";"bp_type_4526";"name_4526"
"0224f264-2bc9-4e21-bc44-99f080abc930";"bp_number_4527";"bp_type_4527";"name_4527"
"ffc03997-30e5-4175-9e8b-f69858eb51c8";"bp_number_4528";"bp_type_4528";"name_4528"
"3c7e710c-b476-4e92-91fe-63a8562fa2bd";"bp_number_4529";"bp_type_4529";"name_4529"
"ab307850-2428-41ec-a719-293bb79115ab";"bp_number_4530";"bp_type_4530";"name_4530"
"aef7b343-1961-4a1d-a1dd-3be2866f3939";"bp_number_4531";"bp_type_4531";"name_4531"
"807c1656-2e68-4834-9b1b-bd373ba4839a";"bp_number_4532";"bp_type_4532";"name_4532"
"bc719751-6ef1-4a15-95df-29baafeadcfd";"bp_number_4533";"bp_type_4533";"name_4533"
"7d595ab3-4911-4511-9a6f-78ecbcf582e6";"bp_number_4534";"bp_type_4534";"name_4534"
"96192fe7-fc72-4978-a656-cee8d2b2a00b";"bp_number_4535";"bp_type_4535";"name_4535"
"be32ec59-1d74-43f1-b0fa-fb79e9972b76";"bp_number_4536";"bp_type_4536";"name_4536"
"27a2fc56-8feb-461e-86a4-ac74d1148052";"bp_number_4537";"bp_type_4537";"name_4537"
"ab371e8d-2015-4abe-a50f-afd507218976";"bp_number_4538";"bp_type_4538";"name_4538"
"a93b4fc0-bbdc-4a6e-b1a1-60a1b8e7457d";"bp_number_4539";"bp_type_4539";"name_4539"
"4a427dcb-326a-4160-a027-daedfd4dfa3e";"bp_number_4540";"bp_type_4540";"name_4540"
"8064c7cc-25bb-467a-87b5-5d66ca5b7ea1";"bp_number_4541";"bp_type_4541";"name_4541"
"2d97e3d3-40d5-427a-b7fc-759803cc6a6c";"bp_number_4542";"bp_type_4542";"name_4542"
"a7af3e3e-a80e-407f-86f5-a11c8be89baf";"bp_number_4543";"bp_type_4543";"name_4543"
"dec3b7c7-4740-45f1-873a-99051a253fac";"bp_number_4544";"bp_type_4544";"name_4544"
"d7b98543-8c26-453a-ae90-f66a37b8a29a";"bp_number_4545";"bp_type_4545";"name_4545"
"7320d074-231c-4a4b-a41c-cdcf50b60273";"bp_number_4546";"bp_type_4546";"name_4546"
"bd1678f0-415f-480a-89a3-21f77d8e48a1";"bp_number_4547";"bp_type_4547";"name_4547"
"a8341e48-5317-4a3a-98df-6f7fa1809f7a";"bp_number_4548";"bp_type_4548";"name_4548"
"22ca5446-f9f1-4d38-a8fa-c03057ff7e49";"bp_number_4549";"bp_type_4549";"name_4549"
"c43ec26f-27e6-4709-b1d6-cf02377b7836";"bp_number_4550";"bp_type_4550";"name_4550"
"c42e7f92-225e-43ce-811f-2f8396246242";"bp_number_4551";"bp_type_4551";"name_4551"
"f44e6668-7ecf-415c-b19c-1053b213d9be";"bp_number_4552";"bp_type_4552";"name_4552"
"f4b333f6-9a47-4bd0-aba5-a35e34eec05a";"bp_number_4553";"bp_type_4553";"name_4553"
"1e70d79a-8f61-41bf-84ac-47d09836894a";"bp_number_4554";"bp_type_4554";"name_4554"
"9e372c10-ff56-4484-9530-df4aa74122f9";"bp_number_4555";"bp_type_4555";"name_4555"
"a1a2b42a-800f-4c97-b885-6494042fbbf7";"bp_number_4556";"bp_type_4556";"name_4556"
"fbab2f35-7dbe-462f-8bff-5166410dc96c";"bp_number_4557";"bp_type_4557";"name_4557"
"9b52b50c-d4be-464a-adac-3e34deccefd2";"bp_number_4558";"bp_type_4558";"name_4558"
"69e30849-a22e-478a-be05-37bbc1d99577";"bp_number_4559";"bp_type_4559";"name_4559"
"b33a3e8a-c6b0-4ba0-9119-e92c553f4d1a";"bp_number_4560";"bp_type_4560";"name_4560"
"b2b39f37-39f0-4496-a1bd-a1159faf1d4e";"bp_number_4561";"bp_type_4561";"name_4561"
"c73a7151-d057-4b4f-a713-6c75efd1f3f1";"bp_number_4562";"bp_type_4562";"name_4562"
"761e6fa2-0ca5-4fc4-93ca-fa768c3628c1";"bp_number_4563";"bp_type_4563";"name_4563"
"3f475421-cc1d-40d6-8218-788683cade6f";"bp_number_4564";"bp_type_4564";"name_4564"
"1dc257af-e232-4132-872e-b98acc3065b7";"bp_number_4565";"bp_type_4565";"name_4565"
"be2f9664-55c1-4786-8984-aa776f55cadd";"bp_number_4566";"bp_type_4566";"name_4566"
"3b6a5e93-5596-4656-bbd4-a10a70fffaaa";"bp_number_4567";"bp_type_4567";"name_4567"
"4c6e8e90-3f36-463a-a0b4-2f7403459c59";"bp_number_4568";"bp_type_4568";"name_4568"
"aaa2f706-0b55-4e36-9b8f-fa6f444fada2";"bp_number_4569";"bp_type_4569";"name_4569"
"aca7e9d6-f6df-46f1-986d-661465811c0f";"bp_number_4570";"bp_type_4570";"name_4570"
"a08fe08b-c8f8-4f38-87a0-6d7728480ce2";"bp_number_4571";"bp_type_4571";"name_4571"
"1105fabe-9a3d-4a1b-ad18-b9ade8741b2b";"bp_number_4572";"bp_type_4572";"name_4572"
"c34a5b32-e4a1-43eb-8dfd-8de39a38a673";"bp_number_4573";"bp_type_4573";"name_4573"
"9f822b56-089e-4ab5-b64d-9440ea42211e";"bp_number_4574";"bp_type_4574";"name_4574"
"898b728a-d8fc-4862-9d82-9e2675018366";"bp_number_4575";"bp_type_4575";"name_4575"
"1e2274cc-757a-4640-9aca-701f4e79769e";"bp_number_4576";"bp_type_4576";"name_4576"
"6c60ebbe-27a8-425e-9e2a-db1c49425630";"bp_number_4577";"bp_type_4577";"name_4577"
"81db2dca-5410-4428-ac2a-d00166fd0819";"bp_number_4578";"bp_type_4578";"name_4578"
"01ac4269-f03f-42f2-9afd-460be2eae878";"bp_number_4579";"bp_type_4579";"name_4579"
"eabe5433-ca4d-4cf9-be05-504256de0221";"bp_number_4580";"bp_type_4580";"name_4580"
"62fd307e-ec1f-49b5-b5e3-f973e2f4f645";"bp_number_4581";"bp_type_4581";"name_4581"
"dbbb7d41-38fb-4fce-b27b-50dcf0e0a774";"bp_number_4582";"bp_type_4582";"name_4582"
"cea7c415-b975-44cc-b393-da1af4c18695";"bp_number_4583";"bp_type_4583";"name_4583"
"56578c1d-79a0-4d96-b952-8145c254ecad";"bp_number_4584";"bp_type_4584";"name_4584"
"c5115293-1ab2-4c60-970b-2ebbf2d281ab";"bp_number_4585";"bp_type_4585";"name_4585"
"b8a5f68d-add5-4389-ac76-b2b3df606c26";"bp_number_4586";"bp_type_4586";"name_4586"
"d0f7ca54-d291-4415-af05-8bd607c9f033";"bp_number_4587";"bp_type_4587";"name_4587"
"5b9a1805-fa51-4c4e-b06a-32c38b18a90a";"bp_number_4588";"bp_type_4588";"name_4588"
"773f3a49-102d-4829-a920-eb26fc8a32aa";"bp_number_4589";"bp_type_4589";"name_4589"
"06895c01-f53d-4423-bdfe-413abbc9abd9";"bp_number_4590";"bp_type_4590";"name_4590"
"33aa0e67-5cdb-491a-bc8e-2cb70c552ea7";"bp_number_4591";"bp_type_4591";"name_4591"
"3397f359-b949-4ff1-8cf1-39d10c5831d4";"bp_number_4592";"bp_type_4592";"name_4592"
"b3a44120-4633-4706-b9b7-e054d8bce3f5";"bp_number_4593";"bp_type_4593";"name_4593"
"5af2ffb0-5c98-4abe-beae-1a78443b92b4";"bp_number_4594";"bp_type_4594";"name_4594"
"b222f59c-8cdb-4c02-b7bf-cadbce84e6a2";"bp_number_4595";"bp_type_4595";"name_4595"
"65ba4b06-cffd-43fc-85d2-01739ef2c487";"bp_number_4596";"bp_type_4596";"name_4596"
"0c087620-2cfc-4db3-b85b-84bc6d8eb58c";"bp_number_4597";"bp_type_4597";"name_4597"
"1ab2ad9d-0a31-4d72-bfa1-4a71be36ac49";"bp_number_4598";"bp_type_4598";"name_4598"
"a566501d-38d2-4149-a8e6-8fa65de2309b";"bp_number_4599";"bp_type_4599";"name_4599"
"b87c9ab7-7354-47e5-9057-19bdbb201db3";"bp_number_4600";"bp_type_4600";"name_4600"
"91b07841-2693-40fd-bbb1-d80112b7e885";"bp_number_4601";"bp_type_4601";"name_4601"
"3ea41d01-9602-45b6-9a9b-96d9fe970ca9";"bp_number_4602";"bp_type_4602";"name_4602"
"766e7ec3-86a1-40db-b132-334b57fafab7";"bp_number_4603";"bp_type_4603";"name_4603"
"d1a956cc-1ac0-4a56-aa15-05d56612336e";"bp_number_4604";"bp_type_4604";"name_4604"
"cf6e641c-32e9-43a9-b77a-eedc706fb9eb";"bp_number_4605";"bp_type_4605";"name_4605"
"4c1ac304-af09-4b9a-a116-bcb1eb1c44cb";"bp_number_4606";"bp_type_4606";"name_4606"
"4bc6b073-6200-4048-b64b-07f8895e3db0";"bp_number_4607";"bp_type_4607";"name_4607"
"d8dee794-2452-4416-a8b7-47958c835428";"bp_number_4608";"bp_type_4608";"name_4608"
"f23812ba-5abc-4a90-bdb7-64295026f638";"bp_number_4609";"bp_type_4609";"name_4609"
"9bf619be-1a31-4fac-80a3-8ab55b54b1af";"bp_number_4610";"bp_type_4610";"name_4610"
"8c96a2dd-799c-4417-beef-aebd787e6a54";"bp_number_4611";"bp_type_4611";"name_4611"
"6a4460bc-6467-4903-8841-c0ed2d550b27";"bp_number_4612";"bp_type_4612";"name_4612"
"d14037dc-a9c7-4337-a973-27c3f6499b49";"bp_number_4613";"bp_type_4613";"name_4613"
"92356c6d-d79c-4f2d-aee5-57190daed212";"bp_number_4614";"bp_type_4614";"name_4614"
"8ffcd756-2da4-45aa-bcdb-f3c065d3abf0";"bp_number_4615";"bp_type_4615";"name_4615"
"f17203b9-5091-4258-82c0-49af75930036";"bp_number_4616";"bp_type_4616";"name_4616"
"209f8db6-4359-4ea0-a888-c84a88b785c1";"bp_number_4617";"bp_type_4617";"name_4617"
"f0a3e279-b8c1-4591-ba4b-e4bfe9f2c5cf";"bp_number_4618";"bp_type_4618";"name_4618"
"cd266c5b-5abb-40b3-a538-d6f2abb0d2ef";"bp_number_4619";"bp_type_4619";"name_4619"
"0d545a72-92e2-4e59-9d56-e817c2f33568";"bp_number_4620";"bp_type_4620";"name_4620"
"828567dd-2a8a-43ea-93ad-08f9f780715c";"bp_number_4621";"bp_type_4621";"name_4621"
"2ed8af3c-5c6f-4c62-8a21-64c617535690";"bp_number_4622";"bp_type_4622";"name_4622"
"79bdf90e-f031-45bc-9d46-5be505f5cdf2";"bp_number_4623";"bp_type_4623";"name_4623"
"76e97d6b-ddee-49d8-ab59-644379392d0f";"bp_number_4624";"bp_type_4624";"name_4624"
"bfa1e5c3-4fc8-4685-8f7e-9edcc5fdc360";"bp_number_4625";"bp_type_4625";"name_4625"
"110e65b9-3c21-4047-bf9f-44a9b8a4ade4";"bp_number_4626";"bp_type_4626";"name_4626"
"84f1bfa1-cd34-4460-b840-91d542ec622f";"bp_number_4627";"bp_type_4627";"name_4627"
"f82cdeb6-4316-4072-98ba-331c7864f039";"bp_number_4628";"bp_type_4628";"name_4628"
"58755637-fb45-473e-bdf2-aacf31c08ab4";"bp_number_4629";"bp_type_4629";"name_4629"
"269ad115-23f2-4f38-ae26-e7dc954b5bc8";"bp_number_4630";"bp_type_4630";"name_4630"
"b39c0e5d-1aa8-40c7-be00-b3b429f926c0";"bp_number_4631";"bp_type_4631";"name_4631"
"2166dcd5-582a-44dd-8691-4dfff85788c9";"bp_number_4632";"bp_type_4632";"name_4632"
"c0f62f18-5c7d-463a-809b-96ad7eb84f93";"bp_number_4633";"bp_type_4633";"name_4633"
"b595ae87-5ac1-4b48-9e86-f8947a6d77e8";"bp_number_4634";"bp_type_4634";"name_4634"
"b7953d82-f960-4033-8de7-08b793672612";"bp_number_4635";"bp_type_4635";"name_4635"
"303527f5-a351-4ac3-8e8a-c0387488ae16";"bp_number_4636";"bp_type_4636";"name_4636"
"87dc5357-0f66-4f8e-b616-3e798fb2b6d7";"bp_number_4637";"bp_type_4637";"name_4637"
"4a9e3c54-fa43-419d-821a-8b9e92dd2271";"bp_number_4638";"bp_type_4638";"name_4638"
"9947f565-b633-41c6-ac9b-726b1f54bb3f";"bp_number_4639";"bp_type_4639";"name_4639"
"6e39d7ee-3d76-4c1f-8b2e-82125f03e61d";"bp_number_4640";"bp_type_4640";"name_4640"
"91e82c87-ec5c-4be0-b64f-73fdfd1e154d";"bp_number_4641";"bp_type_4641";"name_4641"
"b1f606e3-2ec6-4389-9f60-324254979d59";"bp_number_4642";"bp_type_4642";"name_4642"
"55345726-608b-41ca-89c3-957a2664ef74";"bp_number_4643";"bp_type_4643";"name_4643"
"68a78d08-8fca-46fa-89e0-a8df63540e37";"bp_number_4644";"bp_type_4644";"name_4644"
"56acb767-6f2a-4bec-8edb-c02640218b20";"bp_number_4645";"bp_type_4645";"name_4645"
"a28b45c9-e46f-41dd-a895-0a9f05f05490";"bp_number_4646";"bp_type_4646";"name_4646"
"fbc02af0-8508-42c3-8b35-e219277f2ef4";"bp_number_4647";"bp_type_4647";"name_4647"
"1a17f41d-fb84-41a9-aba9-fe9d9c8e4d05";"bp_number_4648";"bp_type_4648";"name_4648"
"7ab4e3df-c33f-4d88-b76f-757458ff80da";"bp_number_4649";"bp_type_4649";"name_4649"
"0ce32fdb-0812-4921-8d93-37d79bf0b369";"bp_number_4650";"bp_type_4650";"name_4650"
"a9742640-b1ac-4c82-863f-9db2366d8cca";"bp_number_4651";"bp_type_4651";"name_4651"
"7869b400-13ba-4e1c-a8fb-1bc8ed557f40";"bp_number_4652";"bp_type_4652";"name_4652"
"d139e83c-53db-4d9d-a0cc-6b68d4822634";"bp_number_4653";"bp_type_4653";"name_4653"
"868d56ae-4495-433e-b090-5908f9085b01";"bp_number_4654";"bp_type_4654";"name_4654"
"7d99a1e9-d570-47e7-87e3-c692e43f5b5b";"bp_number_4655";"bp_type_4655";"name_4655"
"f1ef081d-350d-475d-8e6c-70066862f489";"bp_number_4656";"bp_type_4656";"name_4656"
"3d6aede4-7f90-4a3c-8c4a-d59917735046";"bp_number_4657";"bp_type_4657";"name_4657"
"1cf76abe-d56f-48e3-a009-1a469c3907c1";"bp_number_4658";"bp_type_4658";"name_4658"
"77a7a5fc-b91a-4be2-94ca-deabd2ed22d9";"bp_number_4659";"bp_type_4659";"name_4659"
"7d5d7096-4d94-4e32-8c94-310a126d38f4";"bp_number_4660";"bp_type_4660";"name_4660"
"3a371449-eca5-4874-bb27-f055203c77a3";"bp_number_4661";"bp_type_4661";"name_4661"
"790b74ff-a570-4154-9048-d07e4801d18f";"bp_number_4662";"bp_type_4662";"name_4662"
"fcb25f35-5464-4967-ab2c-b2a0689369a4";"bp_number_4663";"bp_type_4663";"name_4663"
"97616115-19fd-4720-886d-2714ca3ffd19";"bp_number_4664";"bp_type_4664";"name_4664"
"215f95b6-5f67-4b92-afc9-3bffa3f49356";"bp_number_4665";"bp_type_4665";"name_4665"
"73847a30-be6a-40da-a08c-1ae7513a7c1c";"bp_number_4666";"bp_type_4666";"name_4666"
"be3de398-7a87-44c0-9b14-ba3e01ede0d0";"bp_number_4667";"bp_type_4667";"name_4667"
"b2dd2216-b115-4647-a87f-80c522f6ad57";"bp_number_4668";"bp_type_4668";"name_4668"
"e7c13473-dc17-4cbf-b9ad-467429ac55e4";"bp_number_4669";"bp_type_4669";"name_4669"
"5b897e37-50f4-490e-8e63-abd271094336";"bp_number_4670";"bp_type_4670";"name_4670"
"be2b0ae9-92f7-4e79-ace7-6876af678ec2";"bp_number_4671";"bp_type_4671";"name_4671"
"62005ae6-3399-4ae0-868f-7bffb477b80b";"bp_number_4672";"bp_type_4672";"name_4672"
"4c92ace3-4e50-484d-90bf-ec81f4159b46";"bp_number_4673";"bp_type_4673";"name_4673"
"c4f22038-3fbf-4be4-9eb1-3034ef5200fc";"bp_number_4674";"bp_type_4674";"name_4674"
"04fa4292-345f-435e-ac16-2d4893e3e61d";"bp_number_4675";"bp_type_4675";"name_4675"
"915878ed-f4ec-40ea-93b3-22e3621a7414";"bp_number_4676";"bp_type_4676";"name_4676"
"50f5bbe9-4c60-4f72-8bb7-19ea3469f489";"bp_number_4677";"bp_type_4677";"name_4677"
"55d27518-ede9-49a6-a8c8-195bece464aa";"bp_number_4678";"bp_type_4678";"name_4678"
"38ab28f6-0d03-4664-a9ab-8413736424a7";"bp_number_4679";"bp_type_4679";"name_4679"
"612b494d-313d-44d3-860f-7b5e44d6d985";"bp_number_4680";"bp_type_4680";"name_4680"
"b2dcdac0-3255-43fe-8944-e3f72df4c4be";"bp_number_4681";"bp_type_4681";"name_4681"
"1b04e62c-1d9e-4541-a344-925a3c06498b";"bp_number_4682";"bp_type_4682";"name_4682"
"e25a536c-b32b-42c7-bb46-92f3cbaa7c70";"bp_number_4683";"bp_type_4683";"name_4683"
"9f823938-3750-4ae2-9145-1bf5db7c8ca4";"bp_number_4684";"bp_type_4684";"name_4684"
"abdcc535-f42e-43ac-ab52-b39accf60109";"bp_number_4685";"bp_type_4685";"name_4685"
"00abdc2d-dff3-4ea3-865a-2d357be05c10";"bp_number_4686";"bp_type_4686";"name_4686"
"a6569558-459b-4c20-9700-340d41b8a276";"bp_number_4687";"bp_type_4687";"name_4687"
"89303062-6da2-4963-bc6e-60d5253715ea";"bp_number_4688";"bp_type_4688";"name_4688"
"b570f97b-bfde-409c-8cc3-313e9025e8e8";"bp_number_4689";"bp_type_4689";"name_4689"
"74a42161-4299-40eb-88eb-0b6767b6e9d4";"bp_number_4690";"bp_type_4690";"name_4690"
"30ac1b39-60e2-4a25-b32a-3b47533fcbab";"bp_number_4691";"bp_type_4691";"name_4691"
"ef0fde14-1689-4469-8d1d-7415ab6e621a";"bp_number_4692";"bp_type_4692";"name_4692"
"1357cdcf-3cff-4ddf-9214-2b899d513b71";"bp_number_4693";"bp_type_4693";"name_4693"
"68c86d90-c704-4862-9ab3-6330ab618e4b";"bp_number_4694";"bp_type_4694";"name_4694"
"7a3015cd-4ff1-4b11-8fe1-bc576488ae44";"bp_number_4695";"bp_type_4695";"name_4695"
"3e796156-19ca-443b-9907-89a20937a23e";"bp_number_4696";"bp_type_4696";"name_4696"
"375ed621-75a2-433b-9d67-29467c2bc613";"bp_number_4697";"bp_type_4697";"name_4697"
"3b70d18a-54cf-4051-8f08-2cddb1001db1";"bp_number_4698";"bp_type_4698";"name_4698"
"edf07e34-74f2-426e-8491-803c65a97359";"bp_number_4699";"bp_type_4699";"name_4699"
"fa97db6c-ae37-479a-be4d-918c183ce9f5";"bp_number_4700";"bp_type_4700";"name_4700"
"2450a36b-c245-4643-a2e5-cb7fea505bbc";"bp_number_4701";"bp_type_4701";"name_4701"
"e33620e5-0325-41c3-bfc4-99546dfbb6d1";"bp_number_4702";"bp_type_4702";"name_4702"
"40cb7cb9-5987-4cdc-8d9b-f3a23973cc92";"bp_number_4703";"bp_type_4703";"name_4703"
"2ecb53dd-b154-49e4-b9d2-1af96ac5f157";"bp_number_4704";"bp_type_4704";"name_4704"
"6c7b69c1-9401-4c45-b2dd-e86ab75c99d4";"bp_number_4705";"bp_type_4705";"name_4705"
"24b52eaf-d1a4-44af-96e4-93ef8efa8643";"bp_number_4706";"bp_type_4706";"name_4706"
"b01cfc24-4c19-4e53-add3-786873db0112";"bp_number_4707";"bp_type_4707";"name_4707"
"276255da-cffc-4c60-a429-5b62606f1917";"bp_number_4708";"bp_type_4708";"name_4708"
"90aa16ec-aecc-4b8f-89ce-266671c0d306";"bp_number_4709";"bp_type_4709";"name_4709"
"e3c9fdbd-bdef-4158-9372-49e1b5b2e246";"bp_number_4710";"bp_type_4710";"name_4710"
"4952f10c-7551-42cc-9f32-114f85914b6f";"bp_number_4711";"bp_type_4711";"name_4711"
"fc0a79bf-3cb4-4db6-9504-109cb95c4516";"bp_number_4712";"bp_type_4712";"name_4712"
"97d652d5-e20f-49b2-abb7-ffbfa751bea0";"bp_number_4713";"bp_type_4713";"name_4713"
"ebd7319c-696c-4a3b-9468-78a2755ea5ea";"bp_number_4714";"bp_type_4714";"name_4714"
"02b77bf6-80f0-4a34-b72a-31bfa706a352";"bp_number_4715";"bp_type_4715";"name_4715"
"0da4a98b-92c1-4b1c-9bb5-bf92a1a235d2";"bp_number_4716";"bp_type_4716";"name_4716"
"76446fce-9d8b-43da-943d-046d3d870924";"bp_number_4717";"bp_type_4717";"name_4717"
"2214ed65-1b69-4843-becb-d5133d4296f5";"bp_number_4718";"bp_type_4718";"name_4718"
"efb7879c-3d6a-4255-aee0-5a4ce996187e";"bp_number_4719";"bp_type_4719";"name_4719"
"a8d79bef-6ac8-4175-aacc-e1bfa140398c";"bp_number_4720";"bp_type_4720";"name_4720"
"a19ec2fc-6559-414b-947f-01c4568d3c9a";"bp_number_4721";"bp_type_4721";"name_4721"
"857d49a3-85fe-41ac-bd9b-8d801c5817e0";"bp_number_4722";"bp_type_4722";"name_4722"
"02853a36-4908-424f-8f38-b24571ae4bfe";"bp_number_4723";"bp_type_4723";"name_4723"
"b7f3f20b-c792-427a-99e0-32a32f392756";"bp_number_4724";"bp_type_4724";"name_4724"
"58958a7a-0691-459e-a788-b3aacc32d77d";"bp_number_4725";"bp_type_4725";"name_4725"
"4c4a22af-c912-42c6-9727-01df4f96a94d";"bp_number_4726";"bp_type_4726";"name_4726"
"2af483fd-91ab-4ce4-8c20-0cc36a854d75";"bp_number_4727";"bp_type_4727";"name_4727"
"94e31118-902f-43dc-9667-7fbe47d7bd2b";"bp_number_4728";"bp_type_4728";"name_4728"
"7db20b76-f2ba-4e1c-b92f-1b24845e9de2";"bp_number_4729";"bp_type_4729";"name_4729"
"4692ad5e-3d12-483a-ac57-99df2d3f4ac0";"bp_number_4730";"bp_type_4730";"name_4730"
"58f226d4-d0b4-4e3f-a776-b2d07bfcda96";"bp_number_4731";"bp_type_4731";"name_4731"
"f4658e9f-89c6-430d-8b61-73905011ab6b";"bp_number_4732";"bp_type_4732";"name_4732"
"cfb02f08-56ec-4d8b-9cf2-69740bba6e02";"bp_number_4733";"bp_type_4733";"name_4733"
"287981a9-b2f7-46e0-8cb4-3614a8396d8d";"bp_number_4734";"bp_type_4734";"name_4734"
"91916438-eda6-4e5d-8d46-c4590531182c";"bp_number_4735";"bp_type_4735";"name_4735"
"7c83be39-3577-4999-ae05-71bdf5e023ed";"bp_number_4736";"bp_type_4736";"name_4736"
"1d5a443b-58af-421a-b29f-f468bc691932";"bp_number_4737";"bp_type_4737";"name_4737"
"36cecf1a-a7ac-40bf-a38e-45eedc30742c";"bp_number_4738";"bp_type_4738";"name_4738"
"281eb12a-d2d3-4196-8308-1e02a870199a";"bp_number_4739";"bp_type_4739";"name_4739"
"9a74b70e-f07e-49ac-9f85-e658bb0761ec";"bp_number_4740";"bp_type_4740";"name_4740"
"a1c44b77-6508-417b-8f48-7a5f094c07d7";"bp_number_4741";"bp_type_4741";"name_4741"
"d86a4d7f-111a-4390-8c7a-64968933daf7";"bp_number_4742";"bp_type_4742";"name_4742"
"809a5193-e42d-4027-b169-da2dfeabf3bd";"bp_number_4743";"bp_type_4743";"name_4743"
"655bd2af-832d-4f06-a011-1b0dc000e5e7";"bp_number_4744";"bp_type_4744";"name_4744"
"90b631e3-63cd-4374-be35-07231938ff35";"bp_number_4745";"bp_type_4745";"name_4745"
"7174e248-b61d-4933-bcc0-e2d50f9495b8";"bp_number_4746";"bp_type_4746";"name_4746"
"3ab71322-829a-46fa-bb2e-4b7b6c221434";"bp_number_4747";"bp_type_4747";"name_4747"
"54b419bd-faf0-42bd-989b-e58007ae2c8c";"bp_number_4748";"bp_type_4748";"name_4748"
"54e5369a-895a-4396-b37d-3d64c87afe43";"bp_number_4749";"bp_type_4749";"name_4749"
"2880275c-0cac-40f2-bc33-a4dfaf38f60f";"bp_number_4750";"bp_type_4750";"name_4750"
"26d12da8-88ed-4f65-be42-5a014589efc7";"bp_number_4751";"bp_type_4751";"name_4751"
"df08badd-51a6-41f7-8bb1-62e221b4e91c";"bp_number_4752";"bp_type_4752";"name_4752"
"6a234af5-60e7-4289-8e96-4d6a9a8ee83d";"bp_number_4753";"bp_type_4753";"name_4753"
"e1458d61-0a6e-4a71-9573-5d228306eedd";"bp_number_4754";"bp_type_4754";"name_4754"
"63db405b-3e17-486d-92cb-9d7eee73ffb3";"bp_number_4755";"bp_type_4755";"name_4755"
"e149dd57-f54c-4b83-8d03-998ae9f38b80";"bp_number_4756";"bp_type_4756";"name_4756"
"9ef59d83-6c30-4694-af34-31eda1a63f00";"bp_number_4757";"bp_type_4757";"name_4757"
"464eb95b-a853-4d9a-a3de-d05194aab97c";"bp_number_4758";"bp_type_4758";"name_4758"
"40ea9add-af7d-4c62-8db2-30f66fdef209";"bp_number_4759";"bp_type_4759";"name_4759"
"c6f4bece-f524-4249-bd51-850770187790";"bp_number_4760";"bp_type_4760";"name_4760"
"9a018df2-701f-4c2d-888a-c30565e1681c";"bp_number_4761";"bp_type_4761";"name_4761"
"7fdd0ea0-20df-4a03-b6ad-6b734bc181fa";"bp_number_4762";"bp_type_4762";"name_4762"
"cc5e20f3-ecd9-4175-86fd-afe7d4e570ff";"bp_number_4763";"bp_type_4763";"name_4763"
"852b58eb-dd23-4ebb-86f8-429f972991eb";"bp_number_4764";"bp_type_4764";"name_4764"
"f98d4ce3-8e0a-4051-a185-52c4bce2e605";"bp_number_4765";"bp_type_4765";"name_4765"
"31832a55-63e0-4cd0-a84f-af9ae5c8e781";"bp_number_4766";"bp_type_4766";"name_4766"
"5726c4e7-9cb8-47da-aa6d-061255e9115f";"bp_number_4767";"bp_type_4767";"name_4767"
"5e15173b-e00a-4159-aa6c-1803d99e1089";"bp_number_4768";"bp_type_4768";"name_4768"
"d81c34d6-618e-4e24-a622-c9f0a3b52979";"bp_number_4769";"bp_type_4769";"name_4769"
"74c45d31-f839-4b68-a035-45eb73f0394e";"bp_number_4770";"bp_type_4770";"name_4770"
"3265b8e1-e33c-45c3-abe2-b92e6ee2660a";"bp_number_4771";"bp_type_4771";"name_4771"
"81fd5e7f-886c-43a1-a5da-aa9b72a4da42";"bp_number_4772";"bp_type_4772";"name_4772"
"a813c288-bc60-4ce3-bda6-ed1af8f161fb";"bp_number_4773";"bp_type_4773";"name_4773"
"2a584c27-1f27-4a6a-9e35-f0022af62e83";"bp_number_4774";"bp_type_4774";"name_4774"
"701e1d09-a115-406e-a381-0632abe9ee56";"bp_number_4775";"bp_type_4775";"name_4775"
"1a2ac0bb-e9a5-41bf-8f4c-70799f70d9f5";"bp_number_4776";"bp_type_4776";"name_4776"
"954ed743-ca79-4547-94e5-3bcb4217f7ff";"bp_number_4777";"bp_type_4777";"name_4777"
"ed9ec7a4-65fd-4cd1-a6ef-f6167a0d67fc";"bp_number_4778";"bp_type_4778";"name_4778"
"e1c231c0-1414-4745-b49f-c23910f98ba1";"bp_number_4779";"bp_type_4779";"name_4779"
"b9c469d3-0367-48cf-a84a-50077b49bdb7";"bp_number_4780";"bp_type_4780";"name_4780"
"1b9e29cb-9bf0-41d5-b424-3c1621dd6953";"bp_number_4781";"bp_type_4781";"name_4781"
"fd99419d-ff75-48fc-9ba3-a21c5a9e0682";"bp_number_4782";"bp_type_4782";"name_4782"
"f10096fb-6002-4b1c-8e54-acea1c40c984";"bp_number_4783";"bp_type_4783";"name_4783"
"970fb6e3-3b9e-4aa8-9bb8-a464f7498a6d";"bp_number_4784";"bp_type_4784";"name_4784"
"619a17c3-5e74-490e-bf51-74c69b5eaf96";"bp_number_4785";"bp_type_4785";"name_4785"
"88ac17a4-630d-40e0-ad66-8f26cce7b6da";"bp_number_4786";"bp_type_4786";"name_4786"
"2c07613a-a6a8-4904-a4c7-3b678b21b7b3";"bp_number_4787";"bp_type_4787";"name_4787"
"5ace0bf9-b033-4334-95ec-aaa04817aa0c";"bp_number_4788";"bp_type_4788";"name_4788"
"0625b8fa-7cd7-428a-8d7c-ae6e4d80e3c7";"bp_number_4789";"bp_type_4789";"name_4789"
"ac8ea92f-c1be-4d52-8842-53cf8c0adce3";"bp_number_4790";"bp_type_4790";"name_4790"
"fb0283d9-5511-4dd7-b9ea-d5a4254f383c";"bp_number_4791";"bp_type_4791";"name_4791"
"aea4edd3-74a7-4722-8b5f-2c89ffa79e85";"bp_number_4792";"bp_type_4792";"name_4792"
"9adb8ee4-0b7a-4cbc-8630-5a08945ec6bb";"bp_number_4793";"bp_type_4793";"name_4793"
"0fd5e82f-adb0-45c6-a15d-9a402822c5c2";"bp_number_4794";"bp_type_4794";"name_4794"
"e9aef818-566f-4de7-8c0e-f6a709b1ef81";"bp_number_4795";"bp_type_4795";"name_4795"
"85444f88-c31a-478b-b220-4d461fd701be";"bp_number_4796";"bp_type_4796";"name_4796"
"c3fea65f-ef77-4778-a51b-ed0a2cc4365f";"bp_number_4797";"bp_type_4797";"name_4797"
"551a8d3d-af36-46f0-9b52-27bb6ad9f800";"bp_number_4798";"bp_type_4798";"name_4798"
"857ecdbf-7fe5-447e-9cda-04ed697d30c0";"bp_number_4799";"bp_type_4799";"name_4799"
"21815da2-bce1-406f-a9de-b0e919f51790";"bp_number_4800";"bp_type_4800";"name_4800"
"bfc96e82-fd8d-44ba-8d48-6420fc5e1ffb";"bp_number_4801";"bp_type_4801";"name_4801"
"5323ab23-0b1c-49ff-b76e-99ad2042d808";"bp_number_4802";"bp_type_4802";"name_4802"
"6242c6ae-dfa6-492e-b46d-b2f3e146295b";"bp_number_4803";"bp_type_4803";"name_4803"
"a3c62396-dc3b-43d0-ac09-da156c48f271";"bp_number_4804";"bp_type_4804";"name_4804"
"99ff2a41-bc65-4b33-92b8-6006469cb0da";"bp_number_4805";"bp_type_4805";"name_4805"
"7307d1b0-80e4-4f5a-80ec-a35627842ce7";"bp_number_4806";"bp_type_4806";"name_4806"
"f093b70f-5f2b-43f2-948d-9dc1b40c93cb";"bp_number_4807";"bp_type_4807";"name_4807"
"442f7fee-7e79-4b96-ba2c-dc13e252f682";"bp_number_4808";"bp_type_4808";"name_4808"
"bba77971-7d46-42e3-8c49-96547d51005c";"bp_number_4809";"bp_type_4809";"name_4809"
"e85339b0-754b-4d10-82c0-692906c4806b";"bp_number_4810";"bp_type_4810";"name_4810"
"c1d0f3f5-baf8-4ca5-a6a9-e777db37d47e";"bp_number_4811";"bp_type_4811";"name_4811"
"d81b7d5a-b790-4c4b-bd50-eeea3d1e1bbd";"bp_number_4812";"bp_type_4812";"name_4812"
"36d2792a-abf0-493c-9c5a-3dd5d6ca30bb";"bp_number_4813";"bp_type_4813";"name_4813"
"228e01d6-b1e7-4e2b-b58c-b8826009690e";"bp_number_4814";"bp_type_4814";"name_4814"
"67e685ec-10b4-437a-ad9b-fe283e63ab08";"bp_number_4815";"bp_type_4815";"name_4815"
"2bbcfea8-f1b1-4f7d-b9f9-30102fe05a5e";"bp_number_4816";"bp_type_4816";"name_4816"
"d82ba799-0393-4f09-9fd2-84fbfdc4f5a4";"bp_number_4817";"bp_type_4817";"name_4817"
"76374fa3-ee1d-42f6-b472-e3b6598b96ee";"bp_number_4818";"bp_type_4818";"name_4818"
"ce418696-7ddc-481b-93c7-619e4e414101";"bp_number_4819";"bp_type_4819";"name_4819"
"1ca4ada6-ffaa-40d1-89ae-2304954ff93e";"bp_number_4820";"bp_type_4820";"name_4820"
"2f0abfdd-1a74-487c-8fa9-917fc029a8b2";"bp_number_4821";"bp_type_4821";"name_4821"
"95236464-4b2b-42fd-bcea-fe08c802ab90";"bp_number_4822";"bp_type_4822";"name_4822"
"aef38e4f-6ba7-4d30-9d1c-c93b3e00c6d0";"bp_number_4823";"bp_type_4823";"name_4823"
"b2f85b4b-3c85-4c5f-96d2-d536894dd710";"bp_number_4824";"bp_type_4824";"name_4824"
"ecb423b8-6b79-494b-ad36-59f2357d9ac1";"bp_number_4825";"bp_type_4825";"name_4825"
"253cd968-0cbf-4430-8b86-fb2db85b37d0";"bp_number_4826";"bp_type_4826";"name_4826"
"c0b65d5f-9d7f-4616-8fab-25c5e0acd19b";"bp_number_4827";"bp_type_4827";"name_4827"
"ea4894d4-4930-41bd-8f40-03b6d8a7f05b";"bp_number_4828";"bp_type_4828";"name_4828"
"34e974c2-b774-4157-a19c-186e42ba2f59";"bp_number_4829";"bp_type_4829";"name_4829"
"1f113cd9-c24d-4a9f-ba09-62bff1d6c843";"bp_number_4830";"bp_type_4830";"name_4830"
"452336b4-ed4e-496a-983c-6aa0b097741f";"bp_number_4831";"bp_type_4831";"name_4831"
"c73d86fb-06e0-481a-ae9c-fcaad9c6763a";"bp_number_4832";"bp_type_4832";"name_4832"
"bc390432-f990-4f44-a953-b288098954bf";"bp_number_4833";"bp_type_4833";"name_4833"
"859de97c-29f3-4440-9774-6336b5c50e64";"bp_number_4834";"bp_type_4834";"name_4834"
"0ca311f0-e13e-4df0-9b4c-54b37d5cb910";"bp_number_4835";"bp_type_4835";"name_4835"
"0a58f981-f0b9-45c2-bb4b-70dbca8d9a26";"bp_number_4836";"bp_type_4836";"name_4836"
"69fbe349-836c-42f5-beb9-20423b600ec1";"bp_number_4837";"bp_type_4837";"name_4837"
"a1af91d3-0de5-4ba6-a90b-9751edae7f1f";"bp_number_4838";"bp_type_4838";"name_4838"
"a41b0fa8-68ee-4d6a-8757-b06f2f9debc4";"bp_number_4839";"bp_type_4839";"name_4839"
"d3b2c1a7-7c7a-46e1-a065-169f80089521";"bp_number_4840";"bp_type_4840";"name_4840"
"45316dc6-a937-48d0-b16d-dbcdde773d53";"bp_number_4841";"bp_type_4841";"name_4841"
"380bbf18-35c4-4f12-9fc8-dbfde3cd3eed";"bp_number_4842";"bp_type_4842";"name_4842"
"eb862a43-e0de-4467-887b-24a313cad6fb";"bp_number_4843";"bp_type_4843";"name_4843"
"31fe96f3-c237-409e-84f7-cf1c1e1063c3";"bp_number_4844";"bp_type_4844";"name_4844"
"bb03a248-8bbe-4350-8dc8-fe3b174745d9";"bp_number_4845";"bp_type_4845";"name_4845"
"f24b73a1-f32e-4501-96d7-c2e0439a71c3";"bp_number_4846";"bp_type_4846";"name_4846"
"b629afed-1943-43f6-9876-50ae67c0b909";"bp_number_4847";"bp_type_4847";"name_4847"
"a906c749-fe67-41d0-809e-1b33b206a2e6";"bp_number_4848";"bp_type_4848";"name_4848"
"c15cd083-da4a-424b-b123-bbd888bf777d";"bp_number_4849";"bp_type_4849";"name_4849"
"24b50f83-126f-44eb-92b8-34bc94a9387d";"bp_number_4850";"bp_type_4850";"name_4850"
"c53eb71a-7996-4f0f-9d55-0fa66a41e1fb";"bp_number_4851";"bp_type_4851";"name_4851"
"8abe5c14-482d-40af-b90e-4f55b9ef8926";"bp_number_4852";"bp_type_4852";"name_4852"
"1e9423f0-488e-4b79-aabe-a61e661b8cf8";"bp_number_4853";"bp_type_4853";"name_4853"
"d08b351a-7091-491c-b84d-f250695e07c0";"bp_number_4854";"bp_type_4854";"name_4854"
"549dd9a6-6444-41dd-86f1-b4fae7c1ebfc";"bp_number_4855";"bp_type_4855";"name_4855"
"b1bb91c9-0a01-4c32-8fe9-7dc2d437b2b3";"bp_number_4856";"bp_type_4856";"name_4856"
"9d4f5cbf-0e5f-402c-b636-82d86f1b8051";"bp_number_4857";"bp_type_4857";"name_4857"
"be1a349f-c251-463e-9d5e-c86366f82a79";"bp_number_4858";"bp_type_4858";"name_4858"
"a3617ca2-ad85-4a36-b2bc-67b7ce0f6ba8";"bp_number_4859";"bp_type_4859";"name_4859"
"04bfb241-74a7-4fc9-8475-e4397c489380";"bp_number_4860";"bp_type_4860";"name_4860"
"dd7ba7b0-f81f-4258-9983-46e27df7cf12";"bp_number_4861";"bp_type_4861";"name_4861"
"c89c1d36-9851-4f8e-9bae-3f9d66ea05f5";"bp_number_4862";"bp_type_4862";"name_4862"
"b24c2d6d-d680-4173-bc5c-c8333a8cbd50";"bp_number_4863";"bp_type_4863";"name_4863"
"a59ca326-15b7-44b1-b384-cdc852ff57be";"bp_number_4864";"bp_type_4864";"name_4864"
"040e1126-f58a-4482-9a09-64ac5a22ff98";"bp_number_4865";"bp_type_4865";"name_4865"
"bbcc7c83-3211-4191-8ced-ed82080f6ad8";"bp_number_4866";"bp_type_4866";"name_4866"
"20fb0c0f-d941-4524-a195-e22f5e7dfa83";"bp_number_4867";"bp_type_4867";"name_4867"
"db6264ba-d992-4fe9-8b33-4b1f5c511b2c";"bp_number_4868";"bp_type_4868";"name_4868"
"9f39a649-360b-4b03-8128-21aeabe38817";"bp_number_4869";"bp_type_4869";"name_4869"
"c2a4c8df-6f9d-491f-8ba6-119c8ecbeb08";"bp_number_4870";"bp_type_4870";"name_4870"
"f4def5ac-750c-4420-a5b9-f5758634fcae";"bp_number_4871";"bp_type_4871";"name_4871"
"346babc2-3377-4fb0-b3b1-f3eff91a8857";"bp_number_4872";"bp_type_4872";"name_4872"
"2b7d9a91-ac5a-4eb9-88ac-ad87de3ee4bb";"bp_number_4873";"bp_type_4873";"name_4873"
"424c7738-517e-4ad4-b57d-9d77b05d9e70";"bp_number_4874";"bp_type_4874";"name_4874"
"5e19ac7e-97bf-46be-8cee-3cfba349a6dd";"bp_number_4875";"bp_type_4875";"name_4875"
"dd0fcba0-53ab-4bbe-9043-9a689ce9889b";"bp_number_4876";"bp_type_4876";"name_4876"
"3e9d9b38-a0f1-450a-913d-b546efb5f2fa";"bp_number_4877";"bp_type_4877";"name_4877"
"d270e866-0dfd-44f5-8f1b-d43f6468bc95";"bp_number_4878";"bp_type_4878";"name_4878"
"3834d170-899e-40af-ab54-be36f57e7691";"bp_number_4879";"bp_type_4879";"name_4879"
"a1f85740-7f66-4d57-b18d-7a524d0071bf";"bp_number_4880";"bp_type_4880";"name_4880"
"4dc11860-f6be-4dd8-8552-e8dc61dc7dee";"bp_number_4881";"bp_type_4881";"name_4881"
"e5e89cfa-f32b-480f-be29-434b543e1458";"bp_number_4882";"bp_type_4882";"name_4882"
"3d82da22-d503-47a6-90ab-c53a918f54f8";"bp_number_4883";"bp_type_4883";"name_4883"
"58e6cbee-eaab-4f4c-a2db-5ef3543e97f7";"bp_number_4884";"bp_type_4884";"name_4884"
"59d9c3f1-916c-4b65-84e5-cbc4f87b9b43";"bp_number_4885";"bp_type_4885";"name_4885"
"c11934ff-f241-4b4b-bcfc-a8daee0e1574";"bp_number_4886";"bp_type_4886";"name_4886"
"aa38725d-30b6-48cb-b4a2-acd85d5f74c7";"bp_number_4887";"bp_type_4887";"name_4887"
"327fd7a6-228f-4dce-b9e2-d6b764431fd3";"bp_number_4888";"bp_type_4888";"name_4888"
"686b0ee0-cb4a-4eb0-ae3a-e1d0bbedf05f";"bp_number_4889";"bp_type_4889";"name_4889"
"c2b28d8d-99b1-44ae-a084-ccab82df6d2c";"bp_number_4890";"bp_type_4890";"name_4890"
"c6085bc0-41f9-4aa5-9f9a-14b5796096c8";"bp_number_4891";"bp_type_4891";"name_4891"
"84c4dd44-71d5-4b6a-b391-4bf18257046e";"bp_number_4892";"bp_type_4892";"name_4892"
"67c475aa-1f40-4503-af31-2aceaa8cc1c5";"bp_number_4893";"bp_type_4893";"name_4893"
"439c88b7-eb2c-43ad-b256-64b79cf771e9";"bp_number_4894";"bp_type_4894";"name_4894"
"e4434a88-a529-470a-bda4-7c1cf9b94c92";"bp_number_4895";"bp_type_4895";"name_4895"
"66be6a74-4c09-4355-9059-9ab42147c3ff";"bp_number_4896";"bp_type_4896";"name_4896"
"ad69052a-1fc7-4e7f-aaa2-d7b4a6816a4f";"bp_number_4897";"bp_type_4897";"name_4897"
"9885ebdf-1a58-497c-be09-65ef29b301ee";"bp_number_4898";"bp_type_4898";"name_4898"
"acc8ebf6-26de-4f2a-8534-e8a959ea889f";"bp_number_4899";"bp_type_4899";"name_4899"
"88cbd538-5a97-4a85-9418-0897b1948f48";"bp_number_4900";"bp_type_4900";"name_4900"
"a7d4cf7d-dbdf-41cc-9c22-a7b2c6e93a77";"bp_number_4901";"bp_type_4901";"name_4901"
"e58fa547-da69-4b67-842a-6398e569cdab";"bp_number_4902";"bp_type_4902";"name_4902"
"c8e6fe84-d2a9-49c7-876a-b097a7ff8467";"bp_number_4903";"bp_type_4903";"name_4903"
"734141fd-5c6e-4437-8fb4-d0c242da6211";"bp_number_4904";"bp_type_4904";"name_4904"
"48be34b3-a6b7-4408-8521-138c76ea1387";"bp_number_4905";"bp_type_4905";"name_4905"
"59be6224-5558-4806-8ab9-c2309fff52f8";"bp_number_4906";"bp_type_4906";"name_4906"
"06c38f83-9120-4fba-8bb8-69f4489fd667";"bp_number_4907";"bp_type_4907";"name_4907"
"f8bbaac9-ea49-47a2-8ea4-e795fb9817a4";"bp_number_4908";"bp_type_4908";"name_4908"
"e987f97b-1c71-4b8a-a74d-d25f871003cb";"bp_number_4909";"bp_type_4909";"name_4909"
"f8a271ed-610c-4df2-97de-37a1776bcde1";"bp_number_4910";"bp_type_4910";"name_4910"
"a824909f-076a-460d-ab04-452fdea5d26b";"bp_number_4911";"bp_type_4911";"name_4911"
"a5f7c747-28dc-4ba3-aaf0-7eb7735c2c4c";"bp_number_4912";"bp_type_4912";"name_4912"
"c60d2403-0ad8-4ce7-92f5-2c51aadc85ae";"bp_number_4913";"bp_type_4913";"name_4913"
"2845e3a6-cf8b-4eaa-8782-56efe62eb403";"bp_number_4914";"bp_type_4914";"name_4914"
"4bde2935-f709-4ac5-a0a3-ac4ae6c02a37";"bp_number_4915";"bp_type_4915";"name_4915"
"db439837-7465-43d1-b1a0-6ac353151b8b";"bp_number_4916";"bp_type_4916";"name_4916"
"aa77a9d1-f55b-4337-967d-3e22e6ea5b1f";"bp_number_4917";"bp_type_4917";"name_4917"
"0f3ddc83-98eb-45b8-9dcc-33b51e8397cb";"bp_number_4918";"bp_type_4918";"name_4918"
"39fc87fd-02a4-4509-88ba-50d665074ceb";"bp_number_4919";"bp_type_4919";"name_4919"
"69c978a0-78c2-411c-832c-53e464fc227e";"bp_number_4920";"bp_type_4920";"name_4920"
"bd603a89-1bc6-4d65-8477-9fb9ab115941";"bp_number_4921";"bp_type_4921";"name_4921"
"f427996f-85cd-440c-a0f4-2c30d15f4256";"bp_number_4922";"bp_type_4922";"name_4922"
"2a4554e7-f973-42cb-bd6e-c4ae99ce9acf";"bp_number_4923";"bp_type_4923";"name_4923"
"6ace21ce-e341-4338-ae59-cc0e0fe71bfe";"bp_number_4924";"bp_type_4924";"name_4924"
"d6be04bc-abe8-4ef1-9569-f751183a754d";"bp_number_4925";"bp_type_4925";"name_4925"
"868df725-822a-43d1-8644-02a7075c9133";"bp_number_4926";"bp_type_4926";"name_4926"
"46b1f29f-49ab-4c03-b3e0-b47afef76bce";"bp_number_4927";"bp_type_4927";"name_4927"
"d3e198ac-9c28-4ead-b798-82ce9e983b83";"bp_number_4928";"bp_type_4928";"name_4928"
"3c4bcfc5-a173-4789-9c8c-7cf9f46a4a68";"bp_number_4929";"bp_type_4929";"name_4929"
"cb765788-8eff-4f54-b787-e06c80434c1e";"bp_number_4930";"bp_type_4930";"name_4930"
"f2ba40d5-fc0d-4506-a47f-138125316f11";"bp_number_4931";"bp_type_4931";"name_4931"
"36d63e59-2194-40f7-8eff-09acb37ad116";"bp_number_4932";"bp_type_4932";"name_4932"
"3717d287-d9c4-46ed-b0c0-875176391771";"bp_number_4933";"bp_type_4933";"name_4933"
"893eabfd-2576-40da-b321-2f2ee7e9415e";"bp_number_4934";"bp_type_4934";"name_4934"
"fc2d26ea-ac9a-4794-8e83-c80946a02306";"bp_number_4935";"bp_type_4935";"name_4935"
"af71ec50-3171-42c3-a286-b435c2b20faf";"bp_number_4936";"bp_type_4936";"name_4936"
"4832b26d-22f4-4802-9d77-2bb0d1e17055";"bp_number_4937";"bp_type_4937";"name_4937"
"a5c93ef0-871f-4e89-836e-653724c1e5c2";"bp_number_4938";"bp_type_4938";"name_4938"
"cca26069-a9a3-4792-a4e1-3b6da59ca949";"bp_number_4939";"bp_type_4939";"name_4939"
"74b242ee-61f4-46b9-abaa-f8f93e044418";"bp_number_4940";"bp_type_4940";"name_4940"
"effe0c7f-de77-4d0a-90c6-760a253f5223";"bp_number_4941";"bp_type_4941";"name_4941"
"16831fe5-5fe8-402e-9783-876b9998885b";"bp_number_4942";"bp_type_4942";"name_4942"
"2b6ba8bf-1283-4ddd-9ab0-00e3c50bd358";"bp_number_4943";"bp_type_4943";"name_4943"
"c74a44a9-5ce7-4888-92f5-d1ebfbf2fb0a";"bp_number_4944";"bp_type_4944";"name_4944"
"c49fee3a-84d4-46f5-adb9-b9a56b1d1809";"bp_number_4945";"bp_type_4945";"name_4945"
"2410f05f-e6ae-4157-b795-9c1f3e14310a";"bp_number_4946";"bp_type_4946";"name_4946"
"1b691015-a85e-44c0-a202-7fcf2a02c4f2";"bp_number_4947";"bp_type_4947";"name_4947"
"81fb7f81-a377-4efa-b665-f64ce5f0ba7d";"bp_number_4948";"bp_type_4948";"name_4948"
"4c775b01-e602-4cc7-a57e-91b96f60ee05";"bp_number_4949";"bp_type_4949";"name_4949"
"9d6637be-de14-4656-9447-2bb08ae2a5e9";"bp_number_4950";"bp_type_4950";"name_4950"
"df890be7-6e0f-41a4-9c62-7f0c9eaef5e0";"bp_number_4951";"bp_type_4951";"name_4951"
"428f78d6-aa34-422d-af31-72b3c9803297";"bp_number_4952";"bp_type_4952";"name_4952"
"71e93809-5c1b-4c6e-85d9-805888f3203f";"bp_number_4953";"bp_type_4953";"name_4953"
"c2067e4f-3d36-417f-8dfe-1bf3b96a5ab6";"bp_number_4954";"bp_type_4954";"name_4954"
"9a0d22f3-1af8-4075-8b17-bf9ff1625c6d";"bp_number_4955";"bp_type_4955";"name_4955"
"12196f00-2950-4da1-9dc7-4963b2e94a20";"bp_number_4956";"bp_type_4956";"name_4956"
"aef2c862-c110-4a5a-a0b5-9353386cec18";"bp_number_4957";"bp_type_4957";"name_4957"
"aec146c6-c66e-480a-ad1d-ec6cec977a0f";"bp_number_4958";"bp_type_4958";"name_4958"
"478db715-a8c3-417f-be9a-1083d311ac44";"bp_number_4959";"bp_type_4959";"name_4959"
"58b01947-d913-4560-acda-40c0243705f1";"bp_number_4960";"bp_type_4960";"name_4960"
"bd0373dc-a916-4ca9-b2d9-acffde1bdcda";"bp_number_4961";"bp_type_4961";"name_4961"
"728b8ae7-53b9-4b00-b5c8-84124ba33cb7";"bp_number_4962";"bp_type_4962";"name_4962"
"d00f3b44-dcfb-4fda-8a1b-bcf5efea03fb";"bp_number_4963";"bp_type_4963";"name_4963"
"08a037fa-290d-4460-b1bb-ac51dfc35d27";"bp_number_4964";"bp_type_4964";"name_4964"
"65342876-c0ba-4337-8808-2f926d37c540";"bp_number_4965";"bp_type_4965";"name_4965"
"c14212d5-6183-4185-b5c2-cf66793c069c";"bp_number_4966";"bp_type_4966";"name_4966"
"60f0ec23-b9b4-4523-8693-3a0f9e4b9c52";"bp_number_4967";"bp_type_4967";"name_4967"
"6951d891-5435-4b21-80d7-32f9f7a16cee";"bp_number_4968";"bp_type_4968";"name_4968"
"ba1103aa-c809-48f5-80c9-a1b3649a9ae9";"bp_number_4969";"bp_type_4969";"name_4969"
"313699c8-fd6a-4b3e-9e23-899a64e10fd0";"bp_number_4970";"bp_type_4970";"name_4970"
"4f59328d-030e-4c5b-a767-641f2677d436";"bp_number_4971";"bp_type_4971";"name_4971"
"d50e1230-2190-449b-95e3-baf9baef111d";"bp_number_4972";"bp_type_4972";"name_4972"
"7b849861-5433-4d89-925b-e01a31cad02a";"bp_number_4973";"bp_type_4973";"name_4973"
"0aef5562-2c69-416d-a2bd-5b805df94c26";"bp_number_4974";"bp_type_4974";"name_4974"
"5db61e40-e0d6-478c-9f00-36a2199973e9";"bp_number_4975";"bp_type_4975";"name_4975"
"fcd5520c-8ca1-4b9e-9bc7-d02da3735c6b";"bp_number_4976";"bp_type_4976";"name_4976"
"4271cd16-e8cc-4e9d-9b27-9daaa82599c2";"bp_number_4977";"bp_type_4977";"name_4977"
"220d5f4b-afc7-4590-9caf-fcd8d2a94019";"bp_number_4978";"bp_type_4978";"name_4978"
"7060f013-2ac5-49ae-95d4-f1825d6cad70";"bp_number_4979";"bp_type_4979";"name_4979"
"3907b43d-593c-4197-9796-081a8cd0bb6b";"bp_number_4980";"bp_type_4980";"name_4980"
"59a741b4-f277-4f47-ae9d-06e90cc55bfa";"bp_number_4981";"bp_type_4981";"name_4981"
"38ef99b5-6fe3-49bb-9924-0e828b59e7d2";"bp_number_4982";"bp_type_4982";"name_4982"
"781bfec3-96b9-420d-bc25-77c46c4bda7c";"bp_number_4983";"bp_type_4983";"name_4983"
"bfffaf89-6ecb-401b-b13d-90ad1fecbab2";"bp_number_4984";"bp_type_4984";"name_4984"
"d2abdf74-efa0-463f-9581-c751d39b3179";"bp_number_4985";"bp_type_4985";"name_4985"
"0812a4ff-3033-4fec-b18b-5c9cbba3501a";"bp_number_4986";"bp_type_4986";"name_4986"
"8a177977-9cd1-44b1-8f3b-7de8989461a0";"bp_number_4987";"bp_type_4987";"name_4987"
"d764587d-01bd-49a8-a69a-136ee0e9d7cf";"bp_number_4988";"bp_type_4988";"name_4988"
"8eca8c32-5521-428b-b496-5848cc4f4598";"bp_number_4989";"bp_type_4989";"name_4989"
"aa466db6-a5d8-44e1-b72e-d85f14be9d1f";"bp_number_4990";"bp_type_4990";"name_4990"
"c030c4d6-47ab-4c41-b77f-935b3e685b8f";"bp_number_4991";"bp_type_4991";"name_4991"
"d3531c42-f2e5-4443-93e4-c4fbce4fe598";"bp_number_4992";"bp_type_4992";"name_4992"
"90003e09-e2fc-4e52-ba2a-86d4fb3d4241";"bp_number_4993";"bp_type_4993";"name_4993"
"1eb3b5f1-4bb6-427a-a6c9-721a21f6630a";"bp_number_4994";"bp_type_4994";"name_4994"
"72b502c7-91e7-4d49-ad30-bf99bdee5b4c";"bp_number_4995";"bp_type_4995";"name_4995"
"848ef060-7416-4196-becf-c8f512a738ce";"bp_number_4996";"bp_type_4996";"name_4996"
"be315929-4792-41c8-9108-7e4c50672a30";"bp_number_4997";"bp_type_4997";"name_4997"
"554588d9-912a-4da6-9f27-e16515a4076f";"bp_number_4998";"bp_type_4998";"name_4998"
"84f2ab74-512b-4d11-8f2d-899b2886f47e";"bp_number_4999";"bp_type_4999";"name_4999"
"60260657-0129-4288-988f-5eb8e0e6ff6e";"bp_number_5000";"bp_type_5000";"name_5000"
